ISO-10303-21;
HEADER;
FILE_DESCRIPTION (( 'STEP AP214' ),
    '1' );
FILE_NAME ('Carcasa.STEP',
    '2026-09-17T22:04:55',
    ( '' ),
    ( '' ),
    'SwSTEP 2.0',
    'SolidWorks 2026',
    '' );
FILE_SCHEMA (( 'AUTOMOTIVE_DESIGN' ));
ENDSEC;

DATA;
#1 = CARTESIAN_POINT ( 'NONE',  ( 27.49999999999998934, 69.99999999999998579, -75.00000000000002842 ) ) ;
#2 = EDGE_CURVE ( 'NONE', #1875, #1092, #246, .T. ) ;
#3 = CARTESIAN_POINT ( 'NONE',  ( 31.52941461696966030, 80.64403771604885662, -94.89962051740974402 ) ) ;
#4 = EDGE_CURVE ( 'NONE', #166, #1411, #219, .T. ) ;
#5 = CARTESIAN_POINT ( 'NONE',  ( -36.85005144683483280, 77.33630399426020574, 92.57602234562025956 ) ) ;
#6 = DIRECTION ( 'NONE',  ( 1.964323100245543344E-18, -1.000000000000000000, -0.000000000000000000 ) ) ;
#7 = CARTESIAN_POINT ( 'NONE',  ( 31.11937766174705544, 79.00000000000001421, -94.98190206948622460 ) ) ;
#8 = ORIENTED_EDGE ( 'NONE', *, *, #1021, .T. ) ;
#9 = DIRECTION ( 'NONE',  ( -1.964323100245543344E-18, 1.000000000000000000, 0.000000000000000000 ) ) ;
#10 = CARTESIAN_POINT ( 'NONE',  ( -37.35690699252218394, 47.00000000000002132, -92.76023663160871990 ) ) ;
#11 = CARTESIAN_POINT ( 'NONE',  ( 32.98542428665558646, 82.01718679537735568, -94.40331379614289631 ) ) ;
#12 = CARTESIAN_POINT ( 'NONE',  ( -37.88504176719570182, 44.13497068020054570, -113.8628813392000865 ) ) ;
#13 = CARTESIAN_POINT ( 'NONE',  ( 0.000000000000000000, 114.9999999999999858, 0.000000000000000000 ) ) ;
#14 = CARTESIAN_POINT ( 'NONE',  ( 35.34963779407398476, 50.09919349980422254, 93.54384239311549720 ) ) ;
#15 = EDGE_LOOP ( 'NONE', ( #379, #1014, #1032, #1118, #426, #1525 ) ) ;
#16 = EDGE_CURVE ( 'NONE', #931, #1715, #760, .T. ) ;
#17 = CARTESIAN_POINT ( 'NONE',  ( 34.66885865845661385, 43.72174122091072235, 93.79826744735333932 ) ) ;
#18 = EDGE_CURVE ( 'NONE', #1127, #1572, #1716, .T. ) ;
#19 = DIRECTION ( 'NONE',  ( -1.964323100245543344E-18, 1.000000000000000000, -0.000000000000000000 ) ) ;
#20 = CARTESIAN_POINT ( 'NONE',  ( 36.57402220492142675, 81.20301242171748868, -93.07177986051412688 ) ) ;
#21 = LINE ( 'NONE', #1648, #179 ) ;
#22 = AXIS2_PLACEMENT_3D ( 'NONE', #1278, #877, #545 ) ;
#23 = CARTESIAN_POINT ( 'NONE',  ( -1.571458480196434429E-16, 79.99999999999998579, 0.000000000000000000 ) ) ;
#24 = CYLINDRICAL_SURFACE ( 'NONE', #1134, 119.9999999999999858 ) ;
#25 = VECTOR ( 'NONE', #132, 1000.000000000000000 ) ;
#26 = ORIENTED_EDGE ( 'NONE', *, *, #621, .T. ) ;
#27 = CARTESIAN_POINT ( 'NONE',  ( 33.25894854173181869, 43.86694785649694950, 94.30738417118722339 ) ) ;
#28 = CARTESIAN_POINT ( 'NONE',  ( 31.99449239763355024, 49.27768643152180772, 94.74366995148233173 ) ) ;
#29 = CARTESIAN_POINT ( 'NONE',  ( 32.15117366876802407, 81.45911985774523600, -94.69097981700301148 ) ) ;
#30 = CARTESIAN_POINT ( 'NONE',  ( -31.28001287336311975, 79.99999999999998579, 94.98189719437191059 ) ) ;
#31 = CARTESIAN_POINT ( 'NONE',  ( 89.99999999999998579, 79.99999999999998579, 1.102182119232617596E-14 ) ) ;
#32 = B_SPLINE_CURVE_WITH_KNOTS ( 'NONE', 3,
 ( #1263, #1235, #1244, #1834, #629, #930, #1852, #503, #524, #1811, #485, #381, #1824, #1099, #363, #951, #188, #1842, #69, #1080, #805, #776, #1393, #1112, #1663, #655, #1254, #513, #1695, #372, #959, #1290 ),
 .UNSPECIFIED., .F., .F.,
 ( 4, 2, 2, 2, 2, 2, 2, 2, 2, 2, 2, 2, 2, 2, 2, 4 ),
 ( 0.01033190351154217833, 0.01097750633215627269, 0.01162310915277036533, 0.01226871197338445969, 0.01291431479399855232, 0.01355991761461264669, 0.01420552043522673932, 0.01485112325584083369, 0.01549672607645492806, 0.01614232889706902069, 0.01678793171768311332, 0.01743353453829720942, 0.01807913735891130205, 0.01872474017952539468, 0.01937034300013949079, 0.02066154864136769687 ),
 .UNSPECIFIED. ) ;
#33 = CARTESIAN_POINT ( 'NONE',  ( -39.65668989314310977, 75.70007772053493511, 113.2580832392660994 ) ) ;
#34 = EDGE_LOOP ( 'NONE', ( #1664, #1202, #590, #281, #437, #843, #1853, #209, #261 ) ) ;
#35 = CARTESIAN_POINT ( 'NONE',  ( 37.33730467393873198, 46.56962420285987037, 92.76813839060028499 ) ) ;
#36 = EDGE_LOOP ( 'NONE', ( #868, #1703, #1850, #1299 ) ) ;
#37 = DIRECTION ( 'NONE',  ( -0.2588190451025179084, -0.000000000000000000, 0.9659258262890690894 ) ) ;
#38 = PLANE ( 'NONE',  #295 ) ;
#39 = CARTESIAN_POINT ( 'NONE',  ( -40.45923785858632016, 43.86919716640209543, -112.9738450058589336 ) ) ;
#40 = DIRECTION ( 'NONE',  ( -1.964323100245543344E-18, 1.000000000000000000, 0.000000000000000000 ) ) ;
#41 = DIRECTION ( 'NONE',  ( -1.964323100245543344E-18, 1.000000000000000000, 0.000000000000000000 ) ) ;
#42 = ORIENTED_EDGE ( 'NONE', *, *, #1034, .F. ) ;
#43 = CARTESIAN_POINT ( 'NONE',  ( 37.30898899163707227, 79.67334091724502798, -92.77957903143223461 ) ) ;
#44 = VERTEX_POINT ( 'NONE', #1037 ) ;
#45 = CARTESIAN_POINT ( 'NONE',  ( -107.4999999999999858, 114.9999999999999858, 0.000000000000000000 ) ) ;
#46 = CARTESIAN_POINT ( 'NONE',  ( -34.79824227592145292, 75.79788009236197865, 92.76238818533585118 ) ) ;
#47 = CARTESIAN_POINT ( 'NONE',  ( -31.90827710414989582, 44.81665694897990448, -94.77280876135276344 ) ) ;
#48 = VECTOR ( 'NONE', #1300, 1000.000000000000000 ) ;
#49 = FACE_OUTER_BOUND ( 'NONE', #1060, .T. ) ;
#50 = ADVANCED_FACE ( 'NONE', ( #593 ), #449, .F. ) ;
#51 = ORIENTED_EDGE ( 'NONE', *, *, #1763, .F. ) ;
#52 = DIRECTION ( 'NONE',  ( -0.2588190451025179084, -0.000000000000000000, 0.9659258262890692004 ) ) ;
#53 = AXIS2_PLACEMENT_3D ( 'NONE', #185, #1077, #335 ) ;
#54 = ORIENTED_EDGE ( 'NONE', *, *, #1483, .F. ) ;
#55 = AXIS2_PLACEMENT_3D ( 'NONE', #1106, #945, #368 ) ;
#56 = CARTESIAN_POINT ( 'NONE',  ( -99.99999999999995737, 19.99999999999998934, 0.000000000000000000 ) ) ;
#57 = EDGE_CURVE ( 'NONE', #1843, #1888, #1416, .T. ) ;
#58 = DIRECTION ( 'NONE',  ( 1.156482317317871478E-16, 0.000000000000000000, 1.000000000000000000 ) ) ;
#59 = CARTESIAN_POINT ( 'NONE',  ( -33.25894854172090476, 43.86694785649694950, -94.30738417119107453 ) ) ;
#60 = VERTEX_POINT ( 'NONE', #1532 ) ;
#61 = LINE ( 'NONE', #1384, #1777 ) ;
#62 = EDGE_LOOP ( 'NONE', ( #937, #1595 ) ) ;
#63 = CARTESIAN_POINT ( 'NONE',  ( 37.54238531301236748, 76.37528531415205180, -113.9763222803075848 ) ) ;
#64 = DIRECTION ( 'NONE',  ( -1.156482317317871478E-16, -0.000000000000000000, -1.000000000000000000 ) ) ;
#65 = CARTESIAN_POINT ( 'NONE',  ( -32.01521968262745332, 76.53315676043605720, 94.08329495533595832 ) ) ;
#66 = DIRECTION ( 'NONE',  ( 1.964323100245543344E-18, -1.000000000000000000, 0.000000000000000000 ) ) ;
#67 = VERTEX_POINT ( 'NONE', #1388 ) ;
#68 = CARTESIAN_POINT ( 'NONE',  ( -1.571458480196434429E-16, 79.99999999999998579, 0.000000000000000000 ) ) ;
#69 = CARTESIAN_POINT ( 'NONE',  ( 39.86074538850623838, 50.27865362314550879, 113.1864195020357471 ) ) ;
#70 = ORIENTED_EDGE ( 'NONE', *, *, #1246, .F. ) ;
#71 = ADVANCED_FACE ( 'NONE', ( #799 ), #38, .T. ) ;
#72 = CARTESIAN_POINT ( 'NONE',  ( 31.13237063350388212, 47.00000000000002132, 95.03039250017933171 ) ) ;
#73 = CARTESIAN_POINT ( 'NONE',  ( -42.24948462154578266, 48.46591703542028995, -112.3164633376946853 ) ) ;
#74 = EDGE_CURVE ( 'NONE', #1642, #1218, #878, .T. ) ;
#75 = CARTESIAN_POINT ( 'NONE',  ( 27.49999999999998934, 69.99999999999998579, -75.00000000000002842 ) ) ;
#76 = CARTESIAN_POINT ( 'NONE',  ( -45.44029495539353292, 79.00000000000001421, 122.9278512063856539 ) ) ;
#77 = ORIENTED_EDGE ( 'NONE', *, *, #754, .F. ) ;
#78 = CIRCLE ( 'NONE', #1314, 89.99999999999998579 ) ;
#79 = DIRECTION ( 'NONE',  ( -1.964323100245543344E-18, 1.000000000000000000, 0.000000000000000000 ) ) ;
#80 = DIRECTION ( 'NONE',  ( -1.964323100245543344E-18, 1.000000000000000000, 0.000000000000000000 ) ) ;
#81 = AXIS2_PLACEMENT_3D ( 'NONE', #1120, #1702, #207 ) ;
#82 = EDGE_LOOP ( 'NONE', ( #77, #196, #981, #574, #1756, #644 ) ) ;
#83 = CIRCLE ( 'NONE', #22, 99.99999999999997158 ) ;
#84 = VECTOR ( 'NONE', #312, 1000.000000000000114 ) ;
#85 = EDGE_CURVE ( 'NONE', #1432, #1424, #961, .T. ) ;
#86 = CARTESIAN_POINT ( 'NONE',  ( -1.375026170171880249E-16, 69.99999999999998579, 0.000000000000000000 ) ) ;
#87 =( GEOMETRIC_REPRESENTATION_CONTEXT ( 3 ) GLOBAL_UNCERTAINTY_ASSIGNED_CONTEXT ( ( #1063 ) ) GLOBAL_UNIT_ASSIGNED_CONTEXT ( ( #1143, #672, #1859 ) ) REPRESENTATION_CONTEXT ( 'NONE', 'WORKASPACE' ) );
#88 = DIRECTION ( 'NONE',  ( -0.000000000000000000, 0.000000000000000000, -1.000000000000000000 ) ) ;
#89 = APPLICATION_CONTEXT ( 'automotive_design' ) ;
#90 = CARTESIAN_POINT ( 'NONE',  ( -35.40251036480162838, 76.02409619663299623, 92.64229259820507423 ) ) ;
#91 = DIRECTION ( 'NONE',  ( -1.000000000000000000, -1.964323100245543344E-18, 0.000000000000000000 ) ) ;
#92 = ORIENTED_EDGE ( 'NONE', *, *, #1773, .F. ) ;
#93 = CARTESIAN_POINT ( 'NONE',  ( 42.56503311509408150, 79.00000000000001421, -112.1972279332735525 ) ) ;
#94 = CARTESIAN_POINT ( 'NONE',  ( -99.99999999999997158, -1.964323100245543036E-16, 1.224646799147352901E-14 ) ) ;
#95 = ORIENTED_EDGE ( 'NONE', *, *, #1167, .F. ) ;
#96 = CARTESIAN_POINT ( 'NONE',  ( 0.000000000000000000, 114.9999999999999858, 0.000000000000000000 ) ) ;
#97 = DIRECTION ( 'NONE',  ( -1.000000000000000000, -1.964323100245543344E-18, 0.000000000000000000 ) ) ;
#98 = LINE ( 'NONE', #1884, #663 ) ;
#99 = CARTESIAN_POINT ( 'NONE',  ( -1.375026170171880249E-16, 69.99999999999998579, 0.000000000000000000 ) ) ;
#100 = ORIENTED_EDGE ( 'NONE', *, *, #1652, .F. ) ;
#101 = CARTESIAN_POINT ( 'NONE',  ( 42.46587687903211616, 79.85574899544607774, -112.2348034568537258 ) ) ;
#102 = CARTESIAN_POINT ( 'NONE',  ( 32.62712835486420460, 76.05481623539184000, -93.66983645300051364 ) ) ;
#103 = CARTESIAN_POINT ( 'NONE',  ( -34.70649301446608348, 50.27396450297152342, -93.78052612546750311 ) ) ;
#104 = ORIENTED_EDGE ( 'NONE', *, *, #1747, .T. ) ;
#105 = PLANE ( 'NONE',  #1102 ) ;
#106 = DIRECTION ( 'NONE',  ( -1.964323100245543344E-18, 1.000000000000000000, -0.000000000000000000 ) ) ;
#107 = CARTESIAN_POINT ( 'NONE',  ( -36.57402220490932621, 81.20301242171746026, 93.07177986051881646 ) ) ;
#108 = VERTEX_POINT ( 'NONE', #975 ) ;
#109 = CARTESIAN_POINT ( 'NONE',  ( 37.30412880112349683, 47.62806216066847753, 92.78147709030037049 ) ) ;
#110 = CARTESIAN_POINT ( 'NONE',  ( 32.98139069540990675, 75.88454573354219690, -93.46617568259213726 ) ) ;
#111 = ORIENTED_EDGE ( 'NONE', *, *, #191, .T. ) ;
#112 = AXIS2_PLACEMENT_3D ( 'NONE', #1223, #1374, #374 ) ;
#113 = DIRECTION ( 'NONE',  ( 1.000000000000000000, 0.000000000000000000, 0.000000000000000000 ) ) ;
#114 = CIRCLE ( 'NONE', #144, 9.999999999999994671 ) ;
#115 = VECTOR ( 'NONE', #1904, 1000.000000000000000 ) ;
#116 = CARTESIAN_POINT ( 'NONE',  ( -36.34361369242839856, 81.45034837512078241, 93.16199359409183955 ) ) ;
#117 = ORIENTED_EDGE ( 'NONE', *, *, #1913, .F. ) ;
#118 = CARTESIAN_POINT ( 'NONE',  ( -89.99999999999998579, 59.99999999999999289, 0.000000000000000000 ) ) ;
#119 = CARTESIAN_POINT ( 'NONE',  ( 35.40251036481370051, 76.02409619663295359, -92.64229259820042728 ) ) ;
#120 = CARTESIAN_POINT ( 'NONE',  ( 59.99999999999996447, 59.99999999999999289, 0.000000000000000000 ) ) ;
#121 = EDGE_CURVE ( 'NONE', #137, #880, #1403, .T. ) ;
#122 = ORIENTED_EDGE ( 'NONE', *, *, #624, .F. ) ;
#123 = CARTESIAN_POINT ( 'NONE',  ( 42.54468769732910971, 78.56525322820111512, -112.2049524471927526 ) ) ;
#124 = PLANE ( 'NONE',  #550 ) ;
#125 = EDGE_LOOP ( 'NONE', ( #865, #220, #1342, #1867 ) ) ;
#126 = CARTESIAN_POINT ( 'NONE',  ( 39.86470800668996617, 82.27810482570254180, -113.1850239697444209 ) ) ;
#127 = DIRECTION ( 'NONE',  ( -1.000000000000000000, 0.000000000000000000, 0.000000000000000000 ) ) ;
#128 = DIRECTION ( 'NONE',  ( -1.964323100245543344E-18, 1.000000000000000000, 0.000000000000000000 ) ) ;
#129 = VERTEX_POINT ( 'NONE', #72 ) ;
#130 = CARTESIAN_POINT ( 'NONE',  ( -38.64741111768663728, 82.19617631150174475, 113.6064355759215374 ) ) ;
#131 = ORIENTED_EDGE ( 'NONE', *, *, #1860, .F. ) ;
#132 = DIRECTION ( 'NONE',  ( 1.387778780781445676E-16, 0.000000000000000000, 1.000000000000000000 ) ) ;
#133 = ORIENTED_EDGE ( 'NONE', *, *, #520, .F. ) ;
#134 = CARTESIAN_POINT ( 'NONE',  ( -4.630278290589914954E-34, 114.9999999999999858, 0.000000000000000000 ) ) ;
#135 = ADVANCED_FACE ( 'NONE', ( #814 ), #1775, .F. ) ;
#136 = DIRECTION ( 'NONE',  ( -1.964323100245543344E-18, 1.000000000000000000, 0.000000000000000000 ) ) ;
#137 = VERTEX_POINT ( 'NONE', #1697 ) ;
#138 = CARTESIAN_POINT ( 'NONE',  ( 32.69993391346675793, 44.13357029050186497, 94.50262785449194780 ) ) ;
#139 = EDGE_CURVE ( 'NONE', #1218, #1642, #1743, .T. ) ;
#140 = AXIS2_PLACEMENT_3D ( 'NONE', #1755, #1886, #113 ) ;
#141 = AXIS2_PLACEMENT_3D ( 'NONE', #861, #271, #127 ) ;
#142 = EDGE_CURVE ( 'NONE', #189, #667, #78, .T. ) ;
#143 = ADVANCED_FACE ( 'NONE', ( #1247 ), #785, .F. ) ;
#144 = AXIS2_PLACEMENT_3D ( 'NONE', #1210, #1616, #1187 ) ;
#145 = CARTESIAN_POINT ( 'NONE',  ( -27.49999999999999289, 64.99999999999998579, 64.37196594791863902 ) ) ;
#146 = VECTOR ( 'NONE', #964, 1000.000000000000000 ) ;
#147 = CARTESIAN_POINT ( 'NONE',  ( 38.06880711179741184, 44.03180547894952923, 113.8016080905226914 ) ) ;
#148 = TOROIDAL_SURFACE ( 'NONE', #604, 109.9999999999999858, 2.499999999999995559 ) ;
#149 = CARTESIAN_POINT ( 'NONE',  ( -32.95984708294321308, 49.99999999999998579, -94.41212040977048048 ) ) ;
#150 = CARTESIAN_POINT ( 'NONE',  ( 42.15519010431071933, 80.65354463756767700, -112.3519232558269465 ) ) ;
#151 = CARTESIAN_POINT ( 'NONE',  ( 34.48128010177574509, 50.29989391587138670, 93.86265333629530971 ) ) ;
#152 = ORIENTED_EDGE ( 'NONE', *, *, #1362, .T. ) ;
#153 = CARTESIAN_POINT ( 'NONE',  ( 35.81420794066917779, 44.13564166197776473, 93.36688399820145889 ) ) ;
#154 = CARTESIAN_POINT ( 'NONE',  ( -37.27282241033990573, 47.78116735076165611, -92.79406601446686409 ) ) ;
#155 = CARTESIAN_POINT ( 'NONE',  ( 36.96268038650374166, 80.65067940102808564, -92.91825268408882721 ) ) ;
#156 = CARTESIAN_POINT ( 'NONE',  ( -36.47621855329808227, 45.93591235327365752, -114.3218806263838587 ) ) ;
#157 = EDGE_CURVE ( 'NONE', #1662, #1656, #200, .T. ) ;
#158 = LINE ( 'NONE', #744, #578 ) ;
#159 = FACE_OUTER_BOUND ( 'NONE', #504, .T. ) ;
#160 = EDGE_LOOP ( 'NONE', ( #1414, #1754, #402, #1088, #1141, #991, #1478, #1157 ) ) ;
#161 = CARTESIAN_POINT ( 'NONE',  ( 33.45640949940823106, 43.80410932938139723, 94.23753685071329755 ) ) ;
#162 = CARTESIAN_POINT ( 'NONE',  ( 42.40605601131549918, 45.93482843681781702, 112.2574423612716998 ) ) ;
#163 = CARTESIAN_POINT ( 'NONE',  ( -31.13237063349289002, 47.31274236147920220, -95.03039250018289863 ) ) ;
#164 = LINE ( 'NONE', #1808, #208 ) ;
#165 = CARTESIAN_POINT ( 'NONE',  ( 33.37939637316950581, 50.17480434424972913, 94.26340560153464310 ) ) ;
#166 = VERTEX_POINT ( 'NONE', #1402 ) ;
#167 = B_SPLINE_CURVE_WITH_KNOTS ( 'NONE', 3,
 ( #1708, #1552, #1410, #673, #1135, #692, #1887, #1731, #1593, #1577, #253, #841, #408, #1757, #1436, #553, #276, #867, #1428, #1170, #719, #1158, #116, #107, #1723, #560, #432, #1871 ),
 .UNSPECIFIED., .F., .F.,
 ( 4, 2, 2, 2, 2, 2, 2, 2, 2, 2, 2, 2, 2, 4 ),
 ( 0.000000000000000000, 0.001039074431234785585, 0.002078148862469571170, 0.002597686078086964938, 0.003117223293704358272, 0.003636760509321752041, 0.004156297724939145809, 0.004675834940556540011, 0.005195372156173933345, 0.005714909371791327547, 0.006234446587408720014, 0.006753983803026114216, 0.007273521018643507551, 0.008312595449878315904 ),
 .UNSPECIFIED. ) ;
#168 = DIRECTION ( 'NONE',  ( 1.000000000000000000, 1.964323100245543729E-18, 0.000000000000000000 ) ) ;
#169 = ORIENTED_EDGE ( 'NONE', *, *, #1574, .T. ) ;
#170 = AXIS2_PLACEMENT_3D ( 'NONE', #1766, #466, #1797 ) ;
#171 = CARTESIAN_POINT ( 'NONE',  ( 32.95984708295412702, 49.99999999999998579, 94.41212040976665776 ) ) ;
#172 = CARTESIAN_POINT ( 'NONE',  ( 39.25151004514933817, 43.69978791128981754, 113.3991420723819346 ) ) ;
#173 = CARTESIAN_POINT ( 'NONE',  ( -36.31523112670187459, 46.78433389558828281, -114.3730911893799771 ) ) ;
#174 = VECTOR ( 'NONE', #227, 1000.000000000000000 ) ;
#175 = FACE_BOUND ( 'NONE', #62, .T. ) ;
#176 = FACE_BOUND ( 'NONE', #834, .T. ) ;
#177 = VECTOR ( 'NONE', #451, 1000.000000000000000 ) ;
#178 = ORIENTED_EDGE ( 'NONE', *, *, #1082, .F. ) ;
#179 = VECTOR ( 'NONE', #762, 1000.000000000000114 ) ;
#180 = FACE_OUTER_BOUND ( 'NONE', #1113, .T. ) ;
#181 = ADVANCED_FACE ( 'NONE', ( #1557 ), #474, .F. ) ;
#182 = PLANE ( 'NONE',  #1596 ) ;
#183 = CARTESIAN_POINT ( 'NONE',  ( 41.92890447224043271, 44.98672925295799985, 112.4365664630646506 ) ) ;
#184 = CARTESIAN_POINT ( 'NONE',  ( -36.63456846255223809, 45.53553149301396274, -114.2712356783792700 ) ) ;
#185 = CARTESIAN_POINT ( 'NONE',  ( 0.000000000000000000, 0.000000000000000000, 0.000000000000000000 ) ) ;
#186 = DIRECTION ( 'NONE',  ( -1.000000000000000000, 0.000000000000000000, 0.000000000000000000 ) ) ;
#187 = EDGE_LOOP ( 'NONE', ( #509, #1897, #562, #1784, #249, #753 ) ) ;
#188 = CARTESIAN_POINT ( 'NONE',  ( 39.24581852219707656, 50.29998098713572574, 113.4011166277035869 ) ) ;
#189 = VERTEX_POINT ( 'NONE', #1122 ) ;
#190 = CARTESIAN_POINT ( 'NONE',  ( -39.65758168806244299, 50.30001898766140300, -113.2577756206694630 ) ) ;
#191 = EDGE_CURVE ( 'NONE', #667, #189, #1558, .T. ) ;
#192 = DIRECTION ( 'NONE',  ( -1.000000000000000000, 0.000000000000000000, 0.000000000000000000 ) ) ;
#193 = CARTESIAN_POINT ( 'NONE',  ( -31.15228382650677830, 46.56962804282854052, -95.02387611330803452 ) ) ;
#194 = DIRECTION ( 'NONE',  ( -1.387778780781445676E-16, 0.000000000000000000, -1.000000000000000000 ) ) ;
#195 = CARTESIAN_POINT ( 'NONE',  ( -119.9999999999999858, 114.9999999999999858, 0.000000000000000000 ) ) ;
#196 = ORIENTED_EDGE ( 'NONE', *, *, #283, .T. ) ;
#197 = DIRECTION ( 'NONE',  ( -1.964323100245543344E-18, 1.000000000000000000, 0.000000000000000000 ) ) ;
#198 = ORIENTED_EDGE ( 'NONE', *, *, #768, .T. ) ;
#199 = EDGE_CURVE ( 'NONE', #60, #1312, #720, .T. ) ;
#200 = LINE ( 'NONE', #1854, #725 ) ;
#201 = EDGE_CURVE ( 'NONE', #637, #1801, #976, .T. ) ;
#202 = CARTESIAN_POINT ( 'NONE',  ( -37.88497779024120860, 49.86504644185674096, -113.8629035601968695 ) ) ;
#203 = CARTESIAN_POINT ( 'NONE',  ( 119.9999999999999858, 114.9999999999999858, 0.000000000000000000 ) ) ;
#204 = CARTESIAN_POINT ( 'NONE',  ( 27.49999999999998934, 59.99999999999999289, -75.00000000000002842 ) ) ;
#205 = ORIENTED_EDGE ( 'NONE', *, *, #252, .F. ) ;
#206 = AXIS2_PLACEMENT_3D ( 'NONE', #1271, #822, #1412 ) ;
#207 = DIRECTION ( 'NONE',  ( -1.387778780781445676E-16, 0.000000000000000000, -1.000000000000000000 ) ) ;
#208 = VECTOR ( 'NONE', #6, 1000.000000000000000 ) ;
#209 = ORIENTED_EDGE ( 'NONE', *, *, #484, .T. ) ;
#210 = CARTESIAN_POINT ( 'NONE',  ( -3.928646200491084223E-17, 19.99999999999998934, 0.000000000000000000 ) ) ;
#211 = CARTESIAN_POINT ( 'NONE',  ( -36.96158756382032351, 49.01548086838522522, -114.1659130352684457 ) ) ;
#212 = DIRECTION ( 'NONE',  ( -0.000000000000000000, 0.000000000000000000, -1.000000000000000000 ) ) ;
#213 = CARTESIAN_POINT ( 'NONE',  ( -32.87972396044057177, 44.03234404479090358, -94.44026746890698121 ) ) ;
#214 = PRODUCT_DEFINITION_SHAPE ( 'NONE', 'NONE',  #1174 ) ;
#215 = ORIENTED_EDGE ( 'NONE', *, *, #341, .T. ) ;
#216 = EDGE_CURVE ( 'NONE', #1656, #1164, #1007, .T. ) ;
#217 = DIRECTION ( 'NONE',  ( -1.387778780781445676E-16, -2.726045917119589635E-34, -1.000000000000000000 ) ) ;
#218 = CARTESIAN_POINT ( 'NONE',  ( -42.25273972863961802, 79.00000000000001421, 123.7819540552239488 ) ) ;
#219 = B_SPLINE_CURVE_WITH_KNOTS ( 'NONE', 3,
 ( #1586, #706, #3, #904, #29, #749, #1055, #11, #1355, #306, #1481, #742, #1338, #322, #1611, #1778, #1065, #1647, #887, #1323, #1198, #313, #1330, #20, #1490, #155, #1206, #1189 ),
 .UNSPECIFIED., .F., .F.,
 ( 4, 2, 2, 2, 2, 2, 2, 2, 2, 2, 2, 2, 2, 4 ),
 ( 0.000000000000000000, 0.001039074431234835892, 0.002078148862469671784, 0.002597686078087064251, 0.003117223293704456718, 0.003636760509321849619, 0.004156297724939242086, 0.004675834940556633686, 0.005195372156174026153, 0.005714909371791417753, 0.006234446587408810220, 0.006753983803026201820, 0.007273521018643594287, 0.008312595449878369680 ),
 .UNSPECIFIED. ) ;
#220 = ORIENTED_EDGE ( 'NONE', *, *, #1768, .T. ) ;
#221 = CARTESIAN_POINT ( 'NONE',  ( 0.000000000000000000, 0.000000000000000000, 0.000000000000000000 ) ) ;
#222 = EDGE_CURVE ( 'NONE', #1001, #1547, #690, .T. ) ;
#223 = FACE_OUTER_BOUND ( 'NONE', #1069, .T. ) ;
#224 = DIRECTION ( 'NONE',  ( -1.000000000000000000, -0.000000000000000000, -0.000000000000000000 ) ) ;
#225 = DIRECTION ( 'NONE',  ( -1.000000000000000000, -1.964323100245543344E-18, 1.156482317317871478E-16 ) ) ;
#226 = ORIENTED_EDGE ( 'NONE', *, *, #1786, .T. ) ;
#227 = DIRECTION ( 'NONE',  ( 1.964323100245543344E-18, -1.000000000000000000, -0.000000000000000000 ) ) ;
#228 = DIRECTION ( 'NONE',  ( -0.000000000000000000, 0.000000000000000000, -1.000000000000000000 ) ) ;
#229 = ORIENTED_EDGE ( 'NONE', *, *, #18, .T. ) ;
#230 = CARTESIAN_POINT ( 'NONE',  ( -3.928646200491084223E-17, 19.99999999999998934, 0.000000000000000000 ) ) ;
#231 = LINE ( 'NONE', #1838, #517 ) ;
#232 = CARTESIAN_POINT ( 'NONE',  ( -89.99999999999998579, 49.99999999999998579, 0.000000000000000000 ) ) ;
#233 = CARTESIAN_POINT ( 'NONE',  ( 99.99999999999997158, 49.99999999999998579, 0.000000000000000000 ) ) ;
#234 = CARTESIAN_POINT ( 'NONE',  ( -31.45055795457243164, 45.53643470992969355, -94.92559845005905572 ) ) ;
#235 = ORIENTED_EDGE ( 'NONE', *, *, #559, .F. ) ;
#236 = FILL_AREA_STYLE ('',( #512 ) ) ;
#237 = CARTESIAN_POINT ( 'NONE',  ( 31.45397869365896426, 77.34850041484685335, -94.54920064603859942 ) ) ;
#238 = AXIS2_PLACEMENT_3D ( 'NONE', #795, #80, #665 ) ;
#239 = ORIENTED_EDGE ( 'NONE', *, *, #934, .F. ) ;
#240 = VECTOR ( 'NONE', #1110, 1000.000000000000000 ) ;
#241 = CARTESIAN_POINT ( 'NONE',  ( 36.63497824895875965, 77.53468402361181688, -114.2711043089826148 ) ) ;
#242 = CARTESIAN_POINT ( 'NONE',  ( -41.92890447222946193, 44.98672925295801406, -112.4365664630687576 ) ) ;
#243 = CARTESIAN_POINT ( 'NONE',  ( 31.23072600936406218, 79.83707082739545058, -94.99812864253122768 ) ) ;
#244 = DIRECTION ( 'NONE',  ( -1.964323100245543344E-18, 1.000000000000000000, 0.000000000000000000 ) ) ;
#245 = CARTESIAN_POINT ( 'NONE',  ( -27.49999999999999645, 59.99999999999999289, 53.32682251925382388 ) ) ;
#246 = LINE ( 'NONE', #1881, #693 ) ;
#247 = CARTESIAN_POINT ( 'NONE',  ( 42.54536264950335323, 79.42992975968523695, -112.2046965288260481 ) ) ;
#248 = CARTESIAN_POINT ( 'NONE',  ( -36.63497824894632515, 77.53468402361181688, 114.2711043089865797 ) ) ;
#249 = ORIENTED_EDGE ( 'NONE', *, *, #902, .F. ) ;
#250 = CARTESIAN_POINT ( 'NONE',  ( -39.25067170735863442, 82.30031153431433211, 113.3994368240638835 ) ) ;
#251 = DIRECTION ( 'NONE',  ( -0.9659258262890673130, 0.000000000000000000, -0.2588190451025248473 ) ) ;
#252 = EDGE_CURVE ( 'NONE', #534, #767, #464, .T. ) ;
#253 = CARTESIAN_POINT ( 'NONE',  ( -33.61069325837397770, 82.23240127213686890, 94.18253935965836376 ) ) ;
#254 = ORIENTED_EDGE ( 'NONE', *, *, #1559, .F. ) ;
#255 = CARTESIAN_POINT ( 'NONE',  ( 37.35690699253296287, 47.15685024234353051, 92.76023663160437138 ) ) ;
#256 = CARTESIAN_POINT ( 'NONE',  ( 34.17065555707754498, 75.69740422105962807, -92.94499160527296056 ) ) ;
#257 = ORIENTED_EDGE ( 'NONE', *, *, #682, .T. ) ;
#258 = CARTESIAN_POINT ( 'NONE',  ( -39.04699760766957439, 82.27922989589944791, 113.4697165246839603 ) ) ;
#259 = DIRECTION ( 'NONE',  ( -0.9659258262890673130, 0.000000000000000000, 0.2588190451025248473 ) ) ;
#260 = ADVANCED_FACE ( 'NONE', ( #1591 ), #105, .T. ) ;
#261 = ORIENTED_EDGE ( 'NONE', *, *, #1836, .T. ) ;
#262 = CARTESIAN_POINT ( 'NONE',  ( 36.40075493404493301, 49.39251846286070702, 93.13967563934049565 ) ) ;
#263 = CARTESIAN_POINT ( 'NONE',  ( 31.18977003855843222, 78.13761487700124064, -94.82990008106041557 ) ) ;
#264 = ORIENTED_EDGE ( 'NONE', *, *, #1226, .F. ) ;
#265 = PLANE ( 'NONE',  #1744 ) ;
#266 = AXIS2_PLACEMENT_3D ( 'NONE', #232, #88, #635 ) ;
#267 = AXIS2_PLACEMENT_3D ( 'NONE', #1125, #1870, #386 ) ;
#268 = CARTESIAN_POINT ( 'NONE',  ( -1.276810015159603158E-16, 64.99999999999998579, 0.000000000000000000 ) ) ;
#269 = ORIENTED_EDGE ( 'NONE', *, *, #1226, .T. ) ;
#270 = CARTESIAN_POINT ( 'NONE',  ( 36.78661923638624387, 48.91759445395908301, 92.98791266277196144 ) ) ;
#271 = DIRECTION ( 'NONE',  ( -1.964323100245543344E-18, 1.000000000000000000, 0.000000000000000000 ) ) ;
#272 = ORIENTED_EDGE ( 'NONE', *, *, #216, .T. ) ;
#273 = CARTESIAN_POINT ( 'NONE',  ( -1.178593860147325822E-16, 59.99999999999999289, 0.000000000000000000 ) ) ;
#274 = ADVANCED_FACE ( 'NONE', ( #1602, #1003 ), #265, .F. ) ;
#275 = EDGE_LOOP ( 'NONE', ( #409, #1369, #1100, #1020, #922, #689, #1273, #388 ) ) ;
#276 = CARTESIAN_POINT ( 'NONE',  ( -35.06788364706933692, 82.19098384426426662, 93.64972382118408234 ) ) ;
#277 = ORIENTED_EDGE ( 'NONE', *, *, #142, .T. ) ;
#278 = EDGE_CURVE ( 'NONE', #44, #1517, #721, .T. ) ;
#279 = CARTESIAN_POINT ( 'NONE',  ( 36.06836286164431726, 49.69950435054481375, 93.26912539721051587 ) ) ;
#280 = DIRECTION ( 'NONE',  ( -0.2588190451025249583, -0.000000000000000000, -0.9659258262890670910 ) ) ;
#281 = ORIENTED_EDGE ( 'NONE', *, *, #1652, .T. ) ;
#282 = B_SPLINE_CURVE_WITH_KNOTS ( 'NONE', 3,
 ( #1229, #1840, #193, #780, #1861, #234, #1820, #529, #47, #1542, #1398, #378, #213, #59, #956, #1668, #1367, #1108, #490, #1269, #1523, #508, #1086, #810, #1534, #947, #1692, #1117, #1096, #369, #1831, #346, #818, #936 ),
 .UNSPECIFIED., .F., .F.,
 ( 4, 2, 2, 2, 2, 2, 2, 2, 2, 2, 2, 2, 2, 2, 2, 2, 4 ),
 ( 0.003750004029847452559, 0.004396292977465125762, 0.005042581925082798532, 0.005688870872700471301, 0.006335159820318144938, 0.006981448767935816840, 0.007627737715553490477, 0.008274026663171164114, 0.008920315610788836017, 0.009566604558406509654, 0.01021289350602418156, 0.01085918245364185519, 0.01150547140125952883, 0.01215176034887720073, 0.01279804929649487437, 0.01344433824411254627, 0.01409062719173021991 ),
 .UNSPECIFIED. ) ;
#283 = EDGE_CURVE ( 'NONE', #1872, #453, #114, .T. ) ;
#284 = ADVANCED_FACE ( 'NONE', ( #330 ), #1903, .T. ) ;
#285 = CARTESIAN_POINT ( 'NONE',  ( -42.56503311508182463, 79.21564103184752526, 112.1972279332782279 ) ) ;
#286 = ORIENTED_EDGE ( 'NONE', *, *, #1033, .F. ) ;
#287 = DIRECTION ( 'NONE',  ( -1.964323100245543344E-18, 1.000000000000000000, 0.000000000000000000 ) ) ;
#288 = CARTESIAN_POINT ( 'NONE',  ( 41.51094419298645732, 44.51305108840098512, 112.5915844058528705 ) ) ;
#289 = CARTESIAN_POINT ( 'NONE',  ( -37.21136037865037594, 78.13675303302136399, 92.63257832581594187 ) ) ;
#290 = CARTESIAN_POINT ( 'NONE',  ( 36.31523112670182485, 79.43659250140524364, -114.3730911893799629 ) ) ;
#291 = CARTESIAN_POINT ( 'NONE',  ( 32.95984708295412702, 49.99999999999998579, 94.41212040976665776 ) ) ;
#292 = CARTESIAN_POINT ( 'NONE',  ( -32.95984708294321308, 49.99999999999998579, -94.41212040977048048 ) ) ;
#293 = VERTEX_POINT ( 'NONE', #1487 ) ;
#294 = CARTESIAN_POINT ( 'NONE',  ( 31.13237063350388212, 47.00000000000002132, 95.03039250017933171 ) ) ;
#295 = AXIS2_PLACEMENT_3D ( 'NONE', #1213, #1548, #1827 ) ;
#296 = VECTOR ( 'NONE', #280, 1000.000000000000227 ) ;
#297 = AXIS2_PLACEMENT_3D ( 'NONE', #1650, #41, #1267 ) ;
#298 = CARTESIAN_POINT ( 'NONE',  ( -36.06836286163350280, 49.69950435054481375, -93.26912539721465123 ) ) ;
#299 = VECTOR ( 'NONE', #522, 1000.000000000000000 ) ;
#300 = CARTESIAN_POINT ( 'NONE',  ( 37.09205951118101297, 44.81781939394180370, 114.1236303434324242 ) ) ;
#301 = CARTESIAN_POINT ( 'NONE',  ( -35.96494975224182866, 76.36811013624540578, 92.57770510670793840 ) ) ;
#302 = CARTESIAN_POINT ( 'NONE',  ( -27.49999999999999289, 69.99999999999998579, 74.99999999999997158 ) ) ;
#303 = ORIENTED_EDGE ( 'NONE', *, *, #278, .T. ) ;
#304 = DIRECTION ( 'NONE',  ( 1.964323100245543344E-18, -1.000000000000000000, -0.000000000000000000 ) ) ;
#305 = DIRECTION ( 'NONE',  ( -1.964323100245543344E-18, 1.000000000000000000, 0.000000000000000000 ) ) ;
#306 = CARTESIAN_POINT ( 'NONE',  ( 33.44881095854098163, 82.19124929538804736, -94.24014259458638776 ) ) ;
#307 = CARTESIAN_POINT ( 'NONE',  ( -38.44830679679373731, 43.86695665087668061, -113.6739538476769411 ) ) ;
#308 = DIRECTION ( 'NONE',  ( -1.000000000000000000, -1.964323100245543344E-18, 0.000000000000000000 ) ) ;
#309 = CARTESIAN_POINT ( 'NONE',  ( -39.86325067867047522, 75.72164370710973458, 113.1855385762559365 ) ) ;
#310 = ORIENTED_EDGE ( 'NONE', *, *, #1033, .T. ) ;
#311 = CARTESIAN_POINT ( 'NONE',  ( 31.90827710416085949, 44.81665694897990448, 94.77280876134905441 ) ) ;
#312 = DIRECTION ( 'NONE',  ( 0.7071067811865455743, 0.7071067811865493491, 8.659560562354908206E-17 ) ) ;
#313 = CARTESIAN_POINT ( 'NONE',  ( 36.21911303841687158, 81.56415809724234123, -93.21049042964460796 ) ) ;
#314 = CARTESIAN_POINT ( 'NONE',  ( -31.55022649122639322, 48.65254121691712896, -94.89252021164423923 ) ) ;
#315 = EDGE_CURVE ( 'NONE', #957, #495, #319, .T. ) ;
#316 = CARTESIAN_POINT ( 'NONE',  ( 42.25273972866526151, 47.00000000000002132, 123.7819540552233804 ) ) ;
#317 = FACE_BOUND ( 'NONE', #1006, .T. ) ;
#318 = ORIENTED_EDGE ( 'NONE', *, *, #1090, .T. ) ;
#319 = LINE ( 'NONE', #599, #1683 ) ;
#320 = VERTEX_POINT ( 'NONE', #462 ) ;
#321 = CARTESIAN_POINT ( 'NONE',  ( 39.06518450189851421, 79.00000000000001421, -124.6360569040593305 ) ) ;
#322 = CARTESIAN_POINT ( 'NONE',  ( 34.42251390910982423, 82.29998129735785994, -93.88887442628769975 ) ) ;
#323 = CARTESIAN_POINT ( 'NONE',  ( -36.73326130897978459, 45.34252544408388275, -114.2395811018503196 ) ) ;
#324 =( GEOMETRIC_REPRESENTATION_CONTEXT ( 3 ) GLOBAL_UNCERTAINTY_ASSIGNED_CONTEXT ( ( #730 ) ) GLOBAL_UNIT_ASSIGNED_CONTEXT ( ( #1392, #654, #371 ) ) REPRESENTATION_CONTEXT ( 'NONE', 'WORKASPACE' ) );
#325 = DIRECTION ( 'NONE',  ( 1.964323100245543344E-18, -1.000000000000000000, -0.000000000000000000 ) ) ;
#326 = FACE_OUTER_BOUND ( 'NONE', #871, .T. ) ;
#327 = AXIS2_PLACEMENT_3D ( 'NONE', #751, #1340, #608 ) ;
#328 = ORIENTED_EDGE ( 'NONE', *, *, #1773, .T. ) ;
#329 = AXIS2_PLACEMENT_3D ( 'NONE', #1819, #1807, #789 ) ;
#330 = FACE_OUTER_BOUND ( 'NONE', #940, .T. ) ;
#331 = ORIENTED_EDGE ( 'NONE', *, *, #415, .F. ) ;
#332 = ADVANCED_FACE ( 'NONE', ( #584 ), #1785, .F. ) ;
#333 = CARTESIAN_POINT ( 'NONE',  ( -41.50976276715387314, 49.48805638999591139, -112.5920201723995433 ) ) ;
#334 = CARTESIAN_POINT ( 'NONE',  ( -31.64929770667285780, 76.99686787824303735, 94.37468596476809068 ) ) ;
#335 = DIRECTION ( 'NONE',  ( 1.000000000000000000, 1.964323100245543344E-18, 0.000000000000000000 ) ) ;
#336 = DIRECTION ( 'NONE',  ( 0.2588190451025245142, -0.000000000000000000, -0.9659258262890673130 ) ) ;
#337 = ORIENTED_EDGE ( 'NONE', *, *, #1217, .T. ) ;
#338 = ADVANCED_FACE ( 'NONE', ( #180 ), #1774, .F. ) ;
#339 = CARTESIAN_POINT ( 'NONE',  ( -109.9999999999999858, 114.9999999999999858, 0.000000000000000000 ) ) ;
#340 = ORIENTED_EDGE ( 'NONE', *, *, #1045, .T. ) ;
#341 = EDGE_CURVE ( 'NONE', #129, #1262, #1601, .T. ) ;
#342 = ADVANCED_FACE ( 'NONE', ( #1321 ), #1912, .F. ) ;
#343 = DIRECTION ( 'NONE',  ( 1.000000000000000000, 0.000000000000000000, 0.000000000000000000 ) ) ;
#344 = CARTESIAN_POINT ( 'NONE',  ( -1.178593860147325822E-16, 59.99999999999999289, 0.000000000000000000 ) ) ;
#345 = FACE_OUTER_BOUND ( 'NONE', #718, .T. ) ;
#346 = CARTESIAN_POINT ( 'NONE',  ( -37.33730467392796726, 46.56962420285987037, -92.76813839060464773 ) ) ;
#347 = VERTEX_POINT ( 'NONE', #494 ) ;
#348 = DIRECTION ( 'NONE',  ( -1.000000000000000000, 0.000000000000000000, 0.000000000000000000 ) ) ;
#349 = DIRECTION ( 'NONE',  ( -1.000000000000000000, 0.000000000000000000, 0.000000000000000000 ) ) ;
#350 = VERTEX_POINT ( 'NONE', #1518 ) ;
#351 = CARTESIAN_POINT ( 'NONE',  ( -4.630278290589914954E-34, 114.9999999999999858, 0.000000000000000000 ) ) ;
#352 = ADVANCED_BREP_SHAPE_REPRESENTATION ( 'Carcasa', ( #965, #916 ), #87 ) ;
#353 = B_SPLINE_CURVE_WITH_KNOTS ( 'NONE', 3,
 ( #7, #1669, #671, #1275, #243, #1800 ),
 .UNSPECIFIED., .F., .F.,
 ( 4, 2, 4 ),
 ( 0.01151413003338978835, 0.01201925869977232136, 0.01252438736615485611 ),
 .UNSPECIFIED. ) ;
#354 = FACE_OUTER_BOUND ( 'NONE', #1724, .T. ) ;
#355 = EDGE_CURVE ( 'NONE', #1001, #1017, #61, .T. ) ;
#356 = AXIS2_PLACEMENT_3D ( 'NONE', #221, #1415, #1520 ) ;
#357 = CARTESIAN_POINT ( 'NONE',  ( -32.15698369163897752, 76.39626685650462434, 93.97980188274031832 ) ) ;
#358 = PLANE ( 'NONE',  #790 ) ;
#359 = CIRCLE ( 'NONE', #1316, 119.9999999999999858 ) ;
#360 = EDGE_LOOP ( 'NONE', ( #1459, #891, #612, #117, #1452 ) ) ;
#361 = AXIS2_PLACEMENT_3D ( 'NONE', #528, #1869, #194 ) ;
#362 = ADVANCED_FACE ( 'NONE', ( #1360 ), #1546, .T. ) ;
#363 = CARTESIAN_POINT ( 'NONE',  ( 38.64326653271908185, 50.19502168785874119, 113.6078455581578908 ) ) ;
#364 = CIRCLE ( 'NONE', #1259, 69.99999999999997158 ) ;
#365 = ORIENTED_EDGE ( 'NONE', *, *, #1150, .T. ) ;
#366 = CARTESIAN_POINT ( 'NONE',  ( 39.24950955839456412, 75.69992270833053283, -113.3998345313561487 ) ) ;
#367 = DIRECTION ( 'NONE',  ( 1.964323100245543344E-18, -1.000000000000000000, -0.000000000000000000 ) ) ;
#368 = DIRECTION ( 'NONE',  ( 1.000000000000000000, 0.000000000000000000, 0.000000000000000000 ) ) ;
#369 = CARTESIAN_POINT ( 'NONE',  ( -37.19862488925903676, 45.93446254810942264, -92.82386115089896350 ) ) ;
#370 = ORIENTED_EDGE ( 'NONE', *, *, #1585, .T. ) ;
#371 =( NAMED_UNIT ( * ) SI_UNIT ( $, .STERADIAN. ) SOLID_ANGLE_UNIT ( ) );
#372 = CARTESIAN_POINT ( 'NONE',  ( 42.48245473343681766, 47.87026366169083502, 112.2286442478803963 ) ) ;
#373 = ORIENTED_EDGE ( 'NONE', *, *, #1365, .F. ) ;
#374 = DIRECTION ( 'NONE',  ( 1.000000000000000000, 1.964323100245543344E-18, 0.000000000000000000 ) ) ;
#375 = CARTESIAN_POINT ( 'NONE',  ( -42.56503311509411702, 47.00000000000002132, -112.1972279332735383 ) ) ;
#376 = CARTESIAN_POINT ( 'NONE',  ( -27.49999999999999289, 59.99999999999999289, 74.99999999999997158 ) ) ;
#377 = CARTESIAN_POINT ( 'NONE',  ( -32.46196025404069729, 76.15804214308515441, 93.77378128413596414 ) ) ;
#378 = CARTESIAN_POINT ( 'NONE',  ( -32.69993391345581557, 44.13357029050186497, -94.50262785449569947 ) ) ;
#379 = ORIENTED_EDGE ( 'NONE', *, *, #16, .T. ) ;
#380 = DIRECTION ( 'NONE',  ( 1.000000000000000000, 0.000000000000000000, 0.000000000000000000 ) ) ;
#381 = CARTESIAN_POINT ( 'NONE',  ( 37.88497779025229306, 49.86504644185673385, 113.8629035601931889 ) ) ;
#382 = ORIENTED_EDGE ( 'NONE', *, *, #1709, .F. ) ;
#383 = CARTESIAN_POINT ( 'NONE',  ( -27.50000000000001421, 69.99999999999998579, -75.00000000000002842 ) ) ;
#384 = CARTESIAN_POINT ( 'NONE',  ( -42.54486905307517475, 46.56696804117965627, -112.2048835898176122 ) ) ;
#385 = CARTESIAN_POINT ( 'NONE',  ( -9.821615501227715180E-17, 49.99999999999998579, 0.000000000000000000 ) ) ;
#386 = DIRECTION ( 'NONE',  ( -1.000000000000000000, 0.000000000000000000, 0.000000000000000000 ) ) ;
#387 = CARTESIAN_POINT ( 'NONE',  ( 27.49999999999998934, 69.99999999999998579, -75.00000000000002842 ) ) ;
#388 = ORIENTED_EDGE ( 'NONE', *, *, #1510, .T. ) ;
#389 = LINE ( 'NONE', #1701, #912 ) ;
#390 = CARTESIAN_POINT ( 'NONE',  ( 32.46196025405290442, 76.15804214308518283, -93.77378128413172931 ) ) ;
#391 = CARTESIAN_POINT ( 'NONE',  ( -35.34963779406312767, 50.09919349980422254, -93.54384239311958993 ) ) ;
#392 = CIRCLE ( 'NONE', #266, 9.999999999999994671 ) ;
#393 = ORIENTED_EDGE ( 'NONE', *, *, #1362, .F. ) ;
#394 = CIRCLE ( 'NONE', #728, 99.99999999999997158 ) ;
#395 = CARTESIAN_POINT ( 'NONE',  ( -42.56503311508181753, 79.00000000000001421, 112.1972279332782136 ) ) ;
#396 = EDGE_CURVE ( 'NONE', #1642, #880, #576, .T. ) ;
#397 = CIRCLE ( 'NONE', #1470, 69.99999999999997158 ) ;
#398 = AXIS2_PLACEMENT_3D ( 'NONE', #1378, #1541, #58 ) ;
#399 = CARTESIAN_POINT ( 'NONE',  ( 42.25273972865242200, 79.00000000000001421, -123.7819540552210071 ) ) ;
#400 = CARTESIAN_POINT ( 'NONE',  ( 0.000000000000000000, 0.000000000000000000, 0.000000000000000000 ) ) ;
#401 = PLANE ( 'NONE',  #1288 ) ;
#402 = ORIENTED_EDGE ( 'NONE', *, *, #1499, .F. ) ;
#403 = CARTESIAN_POINT ( 'NONE',  ( 41.01541537851286989, 81.86360792931952801, -112.7730821554144001 ) ) ;
#404 = CARTESIAN_POINT ( 'NONE',  ( -119.9999999999999858, -2.357187720294651643E-16, 1.469576158976823671E-14 ) ) ;
#405 = ORIENTED_EDGE ( 'NONE', *, *, #1104, .F. ) ;
#406 = EDGE_CURVE ( 'NONE', #1662, #1749, #1222, .T. ) ;
#407 = CARTESIAN_POINT ( 'NONE',  ( -37.09465653594163825, 81.18504207011532969, 114.1227840119459245 ) ) ;
#408 = CARTESIAN_POINT ( 'NONE',  ( -34.09595776833880620, 82.30001866420880674, 94.00795641177262496 ) ) ;
#409 = ORIENTED_EDGE ( 'NONE', *, *, #862, .T. ) ;
#410 = CARTESIAN_POINT ( 'NONE',  ( 37.27282241035067756, 47.78116735076164190, 92.79406601446252978 ) ) ;
#411 = CARTESIAN_POINT ( 'NONE',  ( 31.37020073556875133, 77.53928284108694413, -94.63052431855612667 ) ) ;
#412 = ORIENTED_EDGE ( 'NONE', *, *, #406, .F. ) ;
#413 = DIRECTION ( 'NONE',  ( -1.000000000000000000, -1.964323100245543344E-18, 0.000000000000000000 ) ) ;
#414 = DIRECTION ( 'NONE',  ( 1.000000000000000000, 1.964323100245543344E-18, 0.000000000000000000 ) ) ;
#415 = EDGE_CURVE ( 'NONE', #724, #1017, #1718, .T. ) ;
#416 = ORIENTED_EDGE ( 'NONE', *, *, #1111, .F. ) ;
#417 = CARTESIAN_POINT ( 'NONE',  ( 38.64741111769902204, 82.19617631150174475, -113.6064355759172599 ) ) ;
#418 = CARTESIAN_POINT ( 'NONE',  ( -39.24950955838217226, 75.69992270833053283, 113.3998345313604119 ) ) ;
#419 = ORIENTED_EDGE ( 'NONE', *, *, #476, .T. ) ;
#420 = EDGE_CURVE ( 'NONE', #350, #846, #359, .T. ) ;
#421 = CARTESIAN_POINT ( 'NONE',  ( -40.83691261569411068, 81.96487179798592138, 112.8378772761919464 ) ) ;
#422 = VECTOR ( 'NONE', #217, 1000.000000000000000 ) ;
#423 = DIRECTION ( 'NONE',  ( 1.000000000000000000, 0.000000000000000000, 0.000000000000000000 ) ) ;
#424 = VECTOR ( 'NONE', #64, 1000.000000000000000 ) ;
#425 = DIRECTION ( 'NONE',  ( -0.2588190451025250138, -0.000000000000000000, -0.9659258262890673130 ) ) ;
#426 = ORIENTED_EDGE ( 'NONE', *, *, #1005, .F. ) ;
#427 = EDGE_CURVE ( 'NONE', #1411, #1835, #929, .T. ) ;
#428 = DIRECTION ( 'NONE',  ( -1.000000000000000000, 0.000000000000000000, 0.000000000000000000 ) ) ;
#429 = CARTESIAN_POINT ( 'NONE',  ( -42.56503311508181042, 78.78430759355060786, 112.1972279332781994 ) ) ;
#430 = ORIENTED_EDGE ( 'NONE', *, *, #972, .T. ) ;
#431 = CARTESIAN_POINT ( 'NONE',  ( 41.92814994998740730, 76.98576873133889364, -112.4368474811157341 ) ) ;
#432 = CARTESIAN_POINT ( 'NONE',  ( -37.11241576890085270, 80.33461277307176829, 92.85838723613073853 ) ) ;
#433 = CARTESIAN_POINT ( 'NONE',  ( 41.01440766007344507, 44.13567258212076183, 112.7734504647834370 ) ) ;
#434 = CARTESIAN_POINT ( 'NONE',  ( -37.33807514056612575, 78.78008551298495377, 92.68995520335781180 ) ) ;
#435 = CARTESIAN_POINT ( 'NONE',  ( 36.73397567372765593, 80.65897877549265615, -114.2393525417613063 ) ) ;
#436 = CARTESIAN_POINT ( 'NONE',  ( -1.964323100245555978E-17, 10.00000000000006395, 0.000000000000000000 ) ) ;
#437 = ORIENTED_EDGE ( 'NONE', *, *, #1365, .T. ) ;
#438 = CARTESIAN_POINT ( 'NONE',  ( 31.23333189969492807, 46.14177777460361796, 94.99726731673941060 ) ) ;
#439 = CARTESIAN_POINT ( 'NONE',  ( -99.99999999999997158, 114.9999999999999858, 1.224646799147352901E-14 ) ) ;
#440 = DIRECTION ( 'NONE',  ( 1.964323100245543344E-18, -1.000000000000000000, 0.000000000000000000 ) ) ;
#441 = CARTESIAN_POINT ( 'NONE',  ( -36.59682073409059910, 76.97821606183100585, 92.56225696113565959 ) ) ;
#442 = DIRECTION ( 'NONE',  ( 1.000000000000000000, 0.000000000000000000, 0.000000000000000000 ) ) ;
#443 = FACE_BOUND ( 'NONE', #1710, .T. ) ;
#444 = ORIENTED_EDGE ( 'NONE', *, *, #1311, .F. ) ;
#445 = CARTESIAN_POINT ( 'NONE',  ( 36.94881294979824560, 45.34545781897453054, 92.92362476890681933 ) ) ;
#446 = AXIS2_PLACEMENT_3D ( 'NONE', #454, #892, #755 ) ;
#447 = TOROIDAL_SURFACE ( 'NONE', #700, 89.99999999999998579, 10.00000000000000000 ) ;
#448 = CARTESIAN_POINT ( 'NONE',  ( 109.9999999999999716, 3.339349270417423038E-16, 1.347111479062088207E-14 ) ) ;
#449 = CYLINDRICAL_SURFACE ( 'NONE', #1461, 3.299999999999987388 ) ;
#450 = CARTESIAN_POINT ( 'NONE',  ( -31.47780555675652892, 48.51314342693384418, -94.91655307663729957 ) ) ;
#451 = DIRECTION ( 'NONE',  ( 1.964323100245543344E-18, -1.000000000000000000, 0.000000000000000000 ) ) ;
#452 = CARTESIAN_POINT ( 'NONE',  ( -41.79932530872039820, 76.81883868203097165, 112.4848448743644269 ) ) ;
#453 = VERTEX_POINT ( 'NONE', #939 ) ;
#454 = CARTESIAN_POINT ( 'NONE',  ( -42.25273972865245753, 47.00000000000002132, -123.7819540552209645 ) ) ;
#455 = ADVANCED_FACE ( 'NONE', ( #1507 ), #1673, .F. ) ;
#456 = CARTESIAN_POINT ( 'NONE',  ( -27.50000000000001421, 69.99999999999998579, -75.00000000000002842 ) ) ;
#457 = CARTESIAN_POINT ( 'NONE',  ( 40.45923785859734778, 43.86919716640209543, 112.9738450058549830 ) ) ;
#458 = CARTESIAN_POINT ( 'NONE',  ( -39.25151004513826791, 43.69978791128981754, -113.3991420723857289 ) ) ;
#459 = DIRECTION ( 'NONE',  ( 0.2588190451025316197, -0.000000000000000000, 0.9659258262890654256 ) ) ;
#460 = CARTESIAN_POINT ( 'NONE',  ( -42.56503311508181753, 79.00000000000001421, 112.1972279332782136 ) ) ;
#461 = VERTEX_POINT ( 'NONE', #1526 ) ;
#462 = CARTESIAN_POINT ( 'NONE',  ( -35.55300385689394460, 49.99999999999998579, -93.46648552690787426 ) ) ;
#463 = ORIENTED_EDGE ( 'NONE', *, *, #1509, .F. ) ;
#464 = B_SPLINE_CURVE_WITH_KNOTS ( 'NONE', 3,
 ( #395, #285, #988, #566, #1156, #1453, #703, #551, #1446, #1742, #1274, #1868, #421, #1308, #1901, #1573, #1282, #250, #258, #130, #1728, #847, #1013, #1877, #1142, #407, #1433, #839, #1736, #1583, #575, #1425 ),
 .UNSPECIFIED., .F., .F.,
 ( 4, 2, 2, 2, 2, 2, 2, 2, 2, 2, 2, 2, 2, 2, 2, 4 ),
 ( 0.01033192627234129704, 0.01097751785777751656, 0.01162310944321373607, 0.01226870102864995385, 0.01291429261408617336, 0.01355988419952239288, 0.01420547578495861066, 0.01485106737039483017, 0.01549665895583104969, 0.01614225054126726747, 0.01678784212670348872, 0.01743343371213970650, 0.01807902529757592427, 0.01872461688301214205, 0.01937020846844836330, 0.02066139163932084050 ),
 .UNSPECIFIED. ) ;
#465 = CARTESIAN_POINT ( 'NONE',  ( 31.17585231676938662, 47.63011100511057094, 95.01617762586090521 ) ) ;
#466 = DIRECTION ( 'NONE',  ( 1.964323100245543344E-18, -1.000000000000000000, -0.000000000000000000 ) ) ;
#467 = LINE ( 'NONE', #615, #606 ) ;
#468 = CYLINDRICAL_SURFACE ( 'NONE', #53, 119.9999999999999858 ) ;
#469 = CARTESIAN_POINT ( 'NONE',  ( -1.276810015159603158E-16, 64.99999999999998579, 0.000000000000000000 ) ) ;
#470 = ORIENTED_EDGE ( 'NONE', *, *, #1005, .T. ) ;
#471 = CARTESIAN_POINT ( 'NONE',  ( 34.05800789193192912, 43.69973574752799550, 94.02180375611625607 ) ) ;
#472 = ORIENTED_EDGE ( 'NONE', *, *, #734, .T. ) ;
#473 = APPLICATION_CONTEXT ( 'automotive_design' ) ;
#474 = TOROIDAL_SURFACE ( 'NONE', #112, 89.99999999999998579, 10.00000000000000000 ) ;
#475 = CARTESIAN_POINT ( 'NONE',  ( -38.06513809610061116, 49.96628679149278440, -113.8028350195133100 ) ) ;
#476 = EDGE_CURVE ( 'NONE', #1888, #1843, #32, .T. ) ;
#477 = CARTESIAN_POINT ( 'NONE',  ( -31.11370785665096150, 78.78236099116649882, 94.96074206884853197 ) ) ;
#478 = CIRCLE ( 'NONE', #1072, 109.9999999999999716 ) ;
#479 = CARTESIAN_POINT ( 'NONE',  ( -1.375026170171880249E-16, 69.99999999999998579, 0.000000000000000000 ) ) ;
#480 = EDGE_CURVE ( 'NONE', #1572, #1327, #532, .T. ) ;
#481 = FACE_OUTER_BOUND ( 'NONE', #1296, .T. ) ;
#482 = VECTOR ( 'NONE', #66, 1000.000000000000000 ) ;
#483 = ORIENTED_EDGE ( 'NONE', *, *, #2, .F. ) ;
#484 = EDGE_CURVE ( 'NONE', #957, #849, #1042, .T. ) ;
#485 = CARTESIAN_POINT ( 'NONE',  ( 37.54348686119499945, 49.62549590944866651, 113.9759577438551048 ) ) ;
#486 = ORIENTED_EDGE ( 'NONE', *, *, #4, .F. ) ;
#487 = CARTESIAN_POINT ( 'NONE',  ( 38.06847332199766498, 76.03206819368016056, -113.8017176543680335 ) ) ;
#488 = CARTESIAN_POINT ( 'NONE',  ( -39.86074538849521076, 50.27865362314551589, -113.1864195020396835 ) ) ;
#489 = CARTESIAN_POINT ( 'NONE',  ( -31.12703123138098604, 78.56188453251094472, 94.92522239516777915 ) ) ;
#490 = CARTESIAN_POINT ( 'NONE',  ( -34.66885865844574255, 43.72174122091072235, -93.79826744735734678 ) ) ;
#491 = DIRECTION ( 'NONE',  ( -1.964323100245543344E-18, 1.000000000000000000, 0.000000000000000000 ) ) ;
#492 = ORIENTED_EDGE ( 'NONE', *, *, #896, .F. ) ;
#493 = CARTESIAN_POINT ( 'NONE',  ( 27.50000000000000711, 59.99999999999999289, 53.32682251925381678 ) ) ;
#494 = CARTESIAN_POINT ( 'NONE',  ( 27.49999999999999289, 59.99999999999999289, -53.32682251925381678 ) ) ;
#495 = VERTEX_POINT ( 'NONE', #1140 ) ;
#496 = EDGE_CURVE ( 'NONE', #637, #350, #1129, .T. ) ;
#497 = CARTESIAN_POINT ( 'NONE',  ( 38.64319527986090463, 75.80485962175262671, -113.6078736218506862 ) ) ;
#498 = CARTESIAN_POINT ( 'NONE',  ( -41.01197817581405758, 49.86568540783752468, -112.7743320349616312 ) ) ;
#499 = DIRECTION ( 'NONE',  ( -1.964323100245543344E-18, 1.000000000000000000, -0.000000000000000000 ) ) ;
#500 = DIRECTION ( 'NONE',  ( 1.964323100245543344E-18, -1.000000000000000000, -0.000000000000000000 ) ) ;
#501 = VERTEX_POINT ( 'NONE', #1009 ) ;
#502 = CARTESIAN_POINT ( 'NONE',  ( 27.49999999999999289, 64.99999999999998579, -53.32682251925381678 ) ) ;
#503 = CARTESIAN_POINT ( 'NONE',  ( 36.96158756383144350, 49.01548086838521812, 114.1659130352648361 ) ) ;
#504 = EDGE_LOOP ( 'NONE', ( #920, #1270 ) ) ;
#505 = DIRECTION ( 'NONE',  ( -1.000000000000000000, -1.964323100245543344E-18, 0.000000000000000000 ) ) ;
#506 = CYLINDRICAL_SURFACE ( 'NONE', #731, 59.99999999999996447 ) ;
#507 = DIRECTION ( 'NONE',  ( 1.964323100245543344E-18, -1.000000000000000000, -0.000000000000000000 ) ) ;
#508 = CARTESIAN_POINT ( 'NONE',  ( -35.63657258775771908, 44.03451686836037737, -93.43486885430641564 ) ) ;
#509 = ORIENTED_EDGE ( 'NONE', *, *, #1280, .T. ) ;
#510 = COLOUR_RGB ( '',0.7921568627450980005, 0.8196078431372548767, 0.9333333333333333481 ) ;
#511 = B_SPLINE_CURVE_WITH_KNOTS ( 'NONE', 3,
 ( #171, #1046, #1776, #758, #28, #592, #1796, #1188, #874, #1500, #1036, #465, #1618, #1629 ),
 .UNSPECIFIED., .F., .F.,
 ( 4, 2, 2, 2, 2, 2, 4 ),
 ( 0.000000000000000000, 0.0009375010074618756080, 0.001406251511192806690, 0.001875002014923737989, 0.002343752518654669287, 0.002812503022385599936, 0.003750004029847453426 ),
 .UNSPECIFIED. ) ;
#512 = FILL_AREA_STYLE_COLOUR ( '', #510 ) ;
#513 = CARTESIAN_POINT ( 'NONE',  ( 42.15247155921562694, 48.65845874469989951, 112.3529431591489782 ) ) ;
#514 = AXIS2_PLACEMENT_3D ( 'NONE', #643, #500, #91 ) ;
#515 = VERTEX_POINT ( 'NONE', #1431 ) ;
#516 = B_SPLINE_CURVE_WITH_KNOTS ( 'NONE', 3,
 ( #93, #531, #247, #101, #1450, #998, #150, #1317, #844, #1751, #1580, #403, #1289, #1606, #1882, #126, #714, #1587, #722, #417, #1739, #1305, #869, #992, #555, #1175, #581, #435, #1153, #1467, #290, #1030 ),
 .UNSPECIFIED., .F., .F.,
 ( 4, 2, 2, 2, 2, 2, 2, 2, 2, 2, 2, 2, 2, 2, 2, 4 ),
 ( 0.01033192627234134735, 0.01097751785777757033, 0.01162310944321379158, 0.01226870102865001456, 0.01291429261408623755, 0.01355988419952246053, 0.01420547578495868352, 0.01485106737039490477, 0.01549665895583112775, 0.01614225054126735073, 0.01678784212670357198, 0.01743343371213979670, 0.01807902529757601795, 0.01872461688301223920, 0.01937020846844846392, 0.02066139163932094111 ),
 .UNSPECIFIED. ) ;
#517 = VECTOR ( 'NONE', #1688, 1000.000000000000000 ) ;
#518 = DIRECTION ( 'NONE',  ( 1.000000000000000000, 0.000000000000000000, 0.000000000000000000 ) ) ;
#519 = CARTESIAN_POINT ( 'NONE',  ( -38.44425297747789472, 50.13159006839060083, -113.6753245421250540 ) ) ;
#520 = EDGE_CURVE ( 'NONE', #1835, #543, #1002, .T. ) ;
#521 = PLANE ( 'NONE',  #398 ) ;
#522 = DIRECTION ( 'NONE',  ( 1.964323100245543344E-18, -1.000000000000000000, -0.000000000000000000 ) ) ;
#523 = EDGE_LOOP ( 'NONE', ( #1421, #1236, #430, #530 ) ) ;
#524 = CARTESIAN_POINT ( 'NONE',  ( 37.09192299300097773, 49.18175293323388075, 114.1236719755184197 ) ) ;
#525 = ORIENTED_EDGE ( 'NONE', *, *, #139, .F. ) ;
#526 = CARTESIAN_POINT ( 'NONE',  ( -4.630278290589914954E-34, 114.9999999999999858, 0.000000000000000000 ) ) ;
#527 = DIRECTION ( 'NONE',  ( -1.964323100245543344E-18, 1.000000000000000000, 0.000000000000000000 ) ) ;
#528 = CARTESIAN_POINT ( 'NONE',  ( -27.50000000000001421, 69.99999999999998579, -75.00000000000002842 ) ) ;
#529 = CARTESIAN_POINT ( 'NONE',  ( -31.77825900068281939, 44.98288252853582492, -94.81643786964242793 ) ) ;
#530 = ORIENTED_EDGE ( 'NONE', *, *, #617, .T. ) ;
#531 = CARTESIAN_POINT ( 'NONE',  ( 42.56503311509408860, 79.21564103184752526, -112.1972279332736093 ) ) ;
#532 = LINE ( 'NONE', #94, #727 ) ;
#533 = EDGE_CURVE ( 'NONE', #767, #534, #1025, .T. ) ;
#534 = VERTEX_POINT ( 'NONE', #460 ) ;
#535 = B_SPLINE_CURVE_WITH_KNOTS ( 'NONE', 3,
 ( #1018, #1760, #860, #850 ),
 .UNSPECIFIED., .F., .F.,
 ( 4, 4 ),
 ( 2.069960712403375542E-07, 0.001014459780852838009 ),
 .UNSPECIFIED. ) ;
#536 = CARTESIAN_POINT ( 'NONE',  ( 42.46522735912947155, 78.14199283280562724, -112.2350492060189708 ) ) ;
#537 = DIRECTION ( 'NONE',  ( 1.224646799147353207E-16, 2.405601997206910179E-34, 1.000000000000000000 ) ) ;
#538 = CARTESIAN_POINT ( 'NONE',  ( -1.375026170171880249E-16, 69.99999999999998579, 0.000000000000000000 ) ) ;
#539 = CARTESIAN_POINT ( 'NONE',  ( -119.9999999999999858, 114.9999999999999858, 0.000000000000000000 ) ) ;
#540 = ADVANCED_FACE ( 'NONE', ( #1058, #176, #443 ), #24, .T. ) ;
#541 = AXIS2_PLACEMENT_3D ( 'NONE', #96, #1686, #505 ) ;
#542 = ADVANCED_FACE ( 'NONE', ( #1641 ), #1040, .F. ) ;
#543 = VERTEX_POINT ( 'NONE', #737 ) ;
#544 = AXIS2_PLACEMENT_3D ( 'NONE', #747, #900, #1179 ) ;
#545 = DIRECTION ( 'NONE',  ( 1.000000000000000000, 0.000000000000000000, 0.000000000000000000 ) ) ;
#546 = EDGE_CURVE ( 'NONE', #1424, #1795, #609, .T. ) ;
#547 = CARTESIAN_POINT ( 'NONE',  ( -37.88590876089399018, 76.13429199621074872, 113.8625954951688186 ) ) ;
#548 = CIRCLE ( 'NONE', #1563, 99.99999999999997158 ) ;
#549 = ORIENTED_EDGE ( 'NONE', *, *, #1050, .F. ) ;
#550 = AXIS2_PLACEMENT_3D ( 'NONE', #539, #705, #414 ) ;
#551 = CARTESIAN_POINT ( 'NONE',  ( -41.92797899921858118, 81.01471122894650989, 112.4369124845346448 ) ) ;
#552 = AXIS2_PLACEMENT_3D ( 'NONE', #1085, #212, #1667 ) ;
#553 = CARTESIAN_POINT ( 'NONE',  ( -34.91012828725007466, 82.23146332252068191, 93.70865733882401116 ) ) ;
#554 = ORIENTED_EDGE ( 'NONE', *, *, #1585, .F. ) ;
#555 = CARTESIAN_POINT ( 'NONE',  ( 37.38533207819203597, 81.48938876452589852, -114.0278927261222890 ) ) ;
#556 = CARTESIAN_POINT ( 'NONE',  ( 35.59772356967925333, 76.12710321129659974, -92.61501418103057404 ) ) ;
#557 = EDGE_LOOP ( 'NONE', ( #701, #1885, #100, #1185 ) ) ;
#558 = CARTESIAN_POINT ( 'NONE',  ( 41.35228456600948022, 76.37503751148025799, -112.6499920419416441 ) ) ;
#559 = EDGE_CURVE ( 'NONE', #453, #1062, #1619, .T. ) ;
#560 = CARTESIAN_POINT ( 'NONE',  ( -36.96268038649166954, 80.65067940102809985, 92.91825268409363048 ) ) ;
#561 = ADVANCED_FACE ( 'NONE', ( #159, #317 ), #907, .T. ) ;
#562 = ORIENTED_EDGE ( 'NONE', *, *, #699, .F. ) ;
#563 = CARTESIAN_POINT ( 'NONE',  ( -37.34383783518754996, 79.00000000000139266, 92.71146187247374826 ) ) ;
#564 = CARTESIAN_POINT ( 'NONE',  ( -37.09367729913085299, 76.81613839376599628, 114.1231020822747269 ) ) ;
#565 = EDGE_LOOP ( 'NONE', ( #277, #111 ) ) ;
#566 = CARTESIAN_POINT ( 'NONE',  ( -42.46587687901984509, 79.85574899544607774, 112.2348034568583444 ) ) ;
#567 = ORIENTED_EDGE ( 'NONE', *, *, #617, .F. ) ;
#568 = CARTESIAN_POINT ( 'NONE',  ( -31.11937766173475950, 79.00000000000001421, 94.98190206949026049 ) ) ;
#569 = DIRECTION ( 'NONE',  ( 1.964323100245543344E-18, -1.000000000000000000, -0.000000000000000000 ) ) ;
#570 = ORIENTED_EDGE ( 'NONE', *, *, #1024, .T. ) ;
#571 = LINE ( 'NONE', #1597, #666 ) ;
#572 = CARTESIAN_POINT ( 'NONE',  ( 37.34383783519961497, 79.00000000000137845, -92.71146187246890236 ) ) ;
#573 = CARTESIAN_POINT ( 'NONE',  ( -34.48128010176488090, 50.29989391587138670, -93.86265333629928875 ) ) ;
#574 = ORIENTED_EDGE ( 'NONE', *, *, #704, .F. ) ;
#575 = CARTESIAN_POINT ( 'NONE',  ( -36.31523112668938325, 79.43659250140524364, 114.3730911893839277 ) ) ;
#576 = CIRCLE ( 'NONE', #1878, 2.500000000000002220 ) ;
#577 = CIRCLE ( 'NONE', #297, 89.99999999999998579 ) ;
#578 = VECTOR ( 'NONE', #1067, 1000.000000000000000 ) ;
#579 = CYLINDRICAL_SURFACE ( 'NONE', #1225, 3.299999999999986500 ) ;
#580 = CARTESIAN_POINT ( 'NONE',  ( 42.25001802946340490, 45.53502479933041514, 112.3162629739748581 ) ) ;
#581 = CARTESIAN_POINT ( 'NONE',  ( 36.96425952370598367, 81.01905692370741008, -114.1650478729061859 ) ) ;
#582 = CARTESIAN_POINT ( 'NONE',  ( -42.15317133007852846, 77.34303987207182729, 112.3526794363950785 ) ) ;
#583 = ORIENTED_EDGE ( 'NONE', *, *, #1474, .T. ) ;
#584 = FACE_OUTER_BOUND ( 'NONE', #1810, .T. ) ;
#585 = DIRECTION ( 'NONE',  ( 1.387778780781445676E-16, 0.000000000000000000, 1.000000000000000000 ) ) ;
#586 = CARTESIAN_POINT ( 'NONE',  ( 37.54467628939120516, 44.37360795235181854, 113.9755650079952574 ) ) ;
#587 = CARTESIAN_POINT ( 'NONE',  ( -36.41656109579463418, 46.14189405378853337, -114.3408757620341873 ) ) ;
#588 = CARTESIAN_POINT ( 'NONE',  ( 37.35690699253296287, 47.00000000000002132, 92.76023663160435717 ) ) ;
#589 = CARTESIAN_POINT ( 'NONE',  ( -40.26271601035949743, 75.80593965548047208, 113.0440560000249803 ) ) ;
#590 = ORIENTED_EDGE ( 'NONE', *, *, #1419, .T. ) ;
#591 = CARTESIAN_POINT ( 'NONE',  ( -42.25273972863961802, 79.00000000000001421, 123.7819540552239488 ) ) ;
#592 = CARTESIAN_POINT ( 'NONE',  ( 31.79989208578625792, 49.04085666933565335, 94.80916307504244855 ) ) ;
#593 = FACE_OUTER_BOUND ( 'NONE', #125, .T. ) ;
#594 = CARTESIAN_POINT ( 'NONE',  ( -38.64347999677682566, 43.80487135613269345, -113.6077742483207658 ) ) ;
#595 = DIRECTION ( 'NONE',  ( 1.964323100245543344E-18, -1.000000000000000000, -0.000000000000000000 ) ) ;
#596 = CARTESIAN_POINT ( 'NONE',  ( -27.50000000000001421, 69.99999999999998579, -75.00000000000002842 ) ) ;
#597 = FACE_OUTER_BOUND ( 'NONE', #1307, .T. ) ;
#598 = ORIENTED_EDGE ( 'NONE', *, *, #1167, .T. ) ;
#599 = CARTESIAN_POINT ( 'NONE',  ( 27.50000000000000711, 69.99999999999998579, 53.32682251925381678 ) ) ;
#600 = EDGE_CURVE ( 'NONE', #1352, #1605, #1792, .T. ) ;
#601 = CIRCLE ( 'NONE', #1371, 119.9999999999999858 ) ;
#602 = AXIS2_PLACEMENT_3D ( 'NONE', #1406, #106, #186 ) ;
#603 = CARTESIAN_POINT ( 'NONE',  ( -36.78661923637545073, 48.91759445395909012, -92.98791266277626733 ) ) ;
#604 = AXIS2_PLACEMENT_3D ( 'NONE', #13, #1484, #308 ) ;
#605 = CARTESIAN_POINT ( 'NONE',  ( 42.56503311510508780, 46.78164511647654678, 112.1972279332693603 ) ) ;
#606 = VECTOR ( 'NONE', #1759, 1000.000000000000114 ) ;
#607 = CARTESIAN_POINT ( 'NONE',  ( -37.54467628938008517, 44.37360795235181143, -113.9755650079988811 ) ) ;
#608 = DIRECTION ( 'NONE',  ( -1.000000000000000000, 0.000000000000000000, 0.000000000000000000 ) ) ;
#609 = LINE ( 'NONE', #596, #1220 ) ;
#610 = ORIENTED_EDGE ( 'NONE', *, *, #704, .T. ) ;
#611 = CARTESIAN_POINT ( 'NONE',  ( 32.19825105525912079, 44.51177732610598525, 94.67468540879164607 ) ) ;
#612 = ORIENTED_EDGE ( 'NONE', *, *, #896, .T. ) ;
#613 = CARTESIAN_POINT ( 'NONE',  ( -1.571458480196434429E-16, 79.99999999999998579, 0.000000000000000000 ) ) ;
#614 = CARTESIAN_POINT ( 'NONE',  ( 41.79765872610330746, 44.81707548409855235, 112.4854616909657636 ) ) ;
#615 = CARTESIAN_POINT ( 'NONE',  ( 39.06518450191136083, 47.00000000000002132, 124.6360569040617321 ) ) ;
#616 = FACE_OUTER_BOUND ( 'NONE', #1159, .T. ) ;
#617 = EDGE_CURVE ( 'NONE', #846, #350, #601, .T. ) ;
#618 = CARTESIAN_POINT ( 'NONE',  ( 35.13936440541187523, 50.17346403148003020, 93.62159246676813495 ) ) ;
#619 = ORIENTED_EDGE ( 'NONE', *, *, #57, .T. ) ;
#620 = CARTESIAN_POINT ( 'NONE',  ( 35.06533356293694226, 43.80573499248818337, 93.65077212135109619 ) ) ;
#621 = EDGE_CURVE ( 'NONE', #928, #515, #1690, .T. ) ;
#622 = EDGE_CURVE ( 'NONE', #1178, #501, #723, .T. ) ;
#623 = FACE_OUTER_BOUND ( 'NONE', #1813, .T. ) ;
#624 = EDGE_CURVE ( 'NONE', #543, #166, #353, .T. ) ;
#625 = CARTESIAN_POINT ( 'NONE',  ( -31.13906703759029782, 79.33497385997488038, 95.00638630199202339 ) ) ;
#626 = DIRECTION ( 'NONE',  ( -1.964323100245543344E-18, 1.000000000000000000, 0.000000000000000000 ) ) ;
#627 = PLANE ( 'NONE',  #361 ) ;
#628 = ORIENTED_EDGE ( 'NONE', *, *, #355, .T. ) ;
#629 = CARTESIAN_POINT ( 'NONE',  ( 36.47650494731407633, 48.06465550372221429, 114.3217887748655102 ) ) ;
#630 = DIRECTION ( 'NONE',  ( -1.964323100245543344E-18, 1.000000000000000000, 0.000000000000000000 ) ) ;
#631 = AXIS2_PLACEMENT_3D ( 'NONE', #1707, #537, #831 ) ;
#632 = CARTESIAN_POINT ( 'NONE',  ( -1.178593860147325822E-16, 59.99999999999999289, 0.000000000000000000 ) ) ;
#633 = CIRCLE ( 'NONE', #1565, 89.99999999999998579 ) ;
#634 = CARTESIAN_POINT ( 'NONE',  ( -1.375026170171880249E-16, 69.99999999999998579, 0.000000000000000000 ) ) ;
#635 = DIRECTION ( 'NONE',  ( -1.000000000000000000, 0.000000000000000000, 0.000000000000000000 ) ) ;
#636 = CIRCLE ( 'NONE', #1722, 99.99999999999997158 ) ;
#637 = VERTEX_POINT ( 'NONE', #816 ) ;
#638 = DIRECTION ( 'NONE',  ( 0.9659258262890694224, 0.000000000000000000, 0.2588190451025164651 ) ) ;
#639 = ORIENTED_EDGE ( 'NONE', *, *, #476, .F. ) ;
#640 = DIRECTION ( 'NONE',  ( -1.964323100245543344E-18, 1.000000000000000000, 0.000000000000000000 ) ) ;
#641 = DIRECTION ( 'NONE',  ( 1.000000000000000000, 0.000000000000000000, 0.000000000000000000 ) ) ;
#642 = CARTESIAN_POINT ( 'NONE',  ( -31.45397869364668253, 77.34850041484685335, 94.54920064604266372 ) ) ;
#643 = CARTESIAN_POINT ( 'NONE',  ( -2.315139145294956622E-34, 1.178593860147325822E-16, 0.000000000000000000 ) ) ;
#644 = ORIENTED_EDGE ( 'NONE', *, *, #873, .T. ) ;
#645 = CARTESIAN_POINT ( 'NONE',  ( -1.276810015159603158E-16, 64.99999999999998579, 0.000000000000000000 ) ) ;
#646 = ORIENTED_EDGE ( 'NONE', *, *, #1709, .T. ) ;
#647 = B_SPLINE_CURVE_WITH_KNOTS ( 'NONE', 3,
 ( #1866, #391, #837, #103, #573, #1162, #688, #1771, #1177, #292 ),
 .UNSPECIFIED., .F., .F.,
 ( 4, 2, 2, 2, 4 ),
 ( 4.752277784751443370E-07, 0.0007076885591486040909, 0.001414901890518733066, 0.002122115221888861824, 0.002829328553258991016 ),
 .UNSPECIFIED. ) ;
#648 = DIRECTION ( 'NONE',  ( 1.964323100245543344E-18, -1.000000000000000000, -0.000000000000000000 ) ) ;
#649 = CARTESIAN_POINT ( 'NONE',  ( -37.54348686118387945, 49.62549590944865940, -113.9759577438587570 ) ) ;
#650 = CARTESIAN_POINT ( 'NONE',  ( 36.96148213376413594, 44.98490453530318689, 114.1659459523524447 ) ) ;
#651 = CARTESIAN_POINT ( 'NONE',  ( -31.76126518785796193, 76.83394113896912359, 94.28091337232230273 ) ) ;
#652 = CYLINDRICAL_SURFACE ( 'NONE', #824, 59.99999999999996447 ) ;
#653 = ORIENTED_EDGE ( 'NONE', *, *, #191, .F. ) ;
#654 =( NAMED_UNIT ( * ) PLANE_ANGLE_UNIT ( ) SI_UNIT ( $, .RADIAN. ) );
#655 = CARTESIAN_POINT ( 'NONE',  ( 41.79675223267154394, 49.18402995772099473, 112.4857987227190961 ) ) ;
#656 = ORIENTED_EDGE ( 'NONE', *, *, #1510, .F. ) ;
#657 = EDGE_CURVE ( 'NONE', #1372, #1401, #1136, .T. ) ;
#658 = CARTESIAN_POINT ( 'NONE',  ( -4.630278290589914954E-34, 114.9999999999999858, 0.000000000000000000 ) ) ;
#659 = CARTESIAN_POINT ( 'NONE',  ( -69.99999999999997158, 64.99999999999998579, 0.000000000000000000 ) ) ;
#660 = CARTESIAN_POINT ( 'NONE',  ( -33.16668139886562727, 75.81913685927592894, 93.36861312122445611 ) ) ;
#661 = CARTESIAN_POINT ( 'NONE',  ( 42.56503311509408150, 79.00000000000001421, -112.1972279332735525 ) ) ;
#662 = EDGE_LOOP ( 'NONE', ( #949, #628, #331, #1738, #716 ) ) ;
#663 = VECTOR ( 'NONE', #1010, 1000.000000000000000 ) ;
#664 = CARTESIAN_POINT ( 'NONE',  ( 35.55300385690477327, 49.99999999999998579, 93.46648552690375311 ) ) ;
#665 = DIRECTION ( 'NONE',  ( -1.000000000000000000, 0.000000000000000000, 0.000000000000000000 ) ) ;
#666 = VECTOR ( 'NONE', #1725, 1000.000000000000114 ) ;
#667 = VERTEX_POINT ( 'NONE', #927 ) ;
#668 = VECTOR ( 'NONE', #224, 1000.000000000000000 ) ;
#669 = DIRECTION ( 'NONE',  ( -1.000000000000000000, 0.000000000000000000, 0.000000000000000000 ) ) ;
#670 = CARTESIAN_POINT ( 'NONE',  ( -36.31523112670186748, 47.00000000000002132, -114.3730911893799487 ) ) ;
#671 = CARTESIAN_POINT ( 'NONE',  ( 31.13906703760258665, 79.33497385997488038, -95.00638630198800172 ) ) ;
#672 =( NAMED_UNIT ( * ) PLANE_ANGLE_UNIT ( ) SI_UNIT ( $, .RADIAN. ) );
#673 = CARTESIAN_POINT ( 'NONE',  ( -31.91793784081922070, 81.21205660952439587, 94.76965339404145539 ) ) ;
#674 = ORIENTED_EDGE ( 'NONE', *, *, #1311, .T. ) ;
#675 = LINE ( 'NONE', #1545, #174 ) ;
#676 = CARTESIAN_POINT ( 'NONE',  ( 36.45103381478499216, 76.80871220240595676, -92.55978357541759749 ) ) ;
#677 = ORIENTED_EDGE ( 'NONE', *, *, #734, .F. ) ;
#678 = CARTESIAN_POINT ( 'NONE',  ( 41.79932530873267638, 76.81883868203098586, -112.4848448743597800 ) ) ;
#679 = ADVANCED_FACE ( 'NONE', ( #49 ), #919, .F. ) ;
#680 = CARTESIAN_POINT ( 'NONE',  ( -42.56503311509412413, 46.78164511647654678, -112.1972279332735525 ) ) ;
#681 = DIRECTION ( 'NONE',  ( -1.964323100245543344E-18, 1.000000000000000000, 0.000000000000000000 ) ) ;
#682 = EDGE_CURVE ( 'NONE', #495, #724, #1437, .T. ) ;
#683 = ADVANCED_FACE ( 'NONE', ( #1821 ), #1358, .F. ) ;
#684 = DIRECTION ( 'NONE',  ( -1.964323100245543344E-18, 1.000000000000000000, 0.000000000000000000 ) ) ;
#685 = ORIENTED_EDGE ( 'NONE', *, *, #1506, .F. ) ;
#686 = CARTESIAN_POINT ( 'NONE',  ( -27.50000000000001421, 69.99999999999998579, -75.00000000000002842 ) ) ;
#687 = CARTESIAN_POINT ( 'NONE',  ( 33.55507431891820858, 75.72826025019068652, -93.18469558394659202 ) ) ;
#688 = CARTESIAN_POINT ( 'NONE',  ( -33.81665447883938214, 50.27528247804833939, -94.10502258514837592 ) ) ;
#689 = ORIENTED_EDGE ( 'NONE', *, *, #1729, .T. ) ;
#690 = LINE ( 'NONE', #872, #48 ) ;
#691 = CARTESIAN_POINT ( 'NONE',  ( 59.99999999999996447, 64.99999999999998579, 0.000000000000000000 ) ) ;
#692 = CARTESIAN_POINT ( 'NONE',  ( -32.55158857687106178, 81.76758844122028336, 94.55376242047668711 ) ) ;
#693 = VECTOR ( 'NONE', #997, 1000.000000000000227 ) ;
#694 = ORIENTED_EDGE ( 'NONE', *, *, #970, .F. ) ;
#695 = AXIS2_PLACEMENT_3D ( 'NONE', #1458, #136, #1351 ) ;
#696 = CARTESIAN_POINT ( 'NONE',  ( 36.69892989789480708, 49.04269866709897485, 93.02257393066547309 ) ) ;
#697 = CARTESIAN_POINT ( 'NONE',  ( 36.95900341730825289, 77.52586794037345896, -92.58720948165523623 ) ) ;
#698 = CARTESIAN_POINT ( 'NONE',  ( 119.9999999999999858, 10.00000000000006395, 1.469576158976823671E-14 ) ) ;
#699 = EDGE_CURVE ( 'NONE', #67, #1178, #1550, .T. ) ;
#700 = AXIS2_PLACEMENT_3D ( 'NONE', #1383, #1672, #804 ) ;
#701 = ORIENTED_EDGE ( 'NONE', *, *, #1913, .T. ) ;
#702 = VECTOR ( 'NONE', #37, 1000.000000000000114 ) ;
#703 = CARTESIAN_POINT ( 'NONE',  ( -42.15519010429844826, 80.65354463756769121, 112.3519232558315935 ) ) ;
#704 = EDGE_CURVE ( 'NONE', #1900, #1062, #392, .T. ) ;
#705 = DIRECTION ( 'NONE',  ( 1.964323100245543344E-18, -1.000000000000000000, -0.000000000000000000 ) ) ;
#706 = CARTESIAN_POINT ( 'NONE',  ( 31.38128563213560795, 80.33478061798371073, -94.94854543691394611 ) ) ;
#707 = CARTESIAN_POINT ( 'NONE',  ( 89.99999999999998579, 29.99999999999999289, 0.000000000000000000 ) ) ;
#708 = CARTESIAN_POINT ( 'NONE',  ( -38.06847332198525891, 76.03206819368016056, 113.8017176543721973 ) ) ;
#709 = ORIENTED_EDGE ( 'NONE', *, *, #1303, .F. ) ;
#710 = CARTESIAN_POINT ( 'NONE',  ( -1.375026170171880249E-16, 69.99999999999998579, 0.000000000000000000 ) ) ;
#711 = CARTESIAN_POINT ( 'NONE',  ( -99.99999999999997158, 49.99999999999998579, 1.224646799147352901E-14 ) ) ;
#712 = CARTESIAN_POINT ( 'NONE',  ( 27.49999999999998934, 69.99999999999998579, -75.00000000000002842 ) ) ;
#713 = ORIENTED_EDGE ( 'NONE', *, *, #621, .F. ) ;
#714 = CARTESIAN_POINT ( 'NONE',  ( 39.66233177684469524, 82.29968153530212760, -113.2561121508114752 ) ) ;
#715 = CARTESIAN_POINT ( 'NONE',  ( 34.37832504469294292, 75.71593706471634277, -92.87788889775332279 ) ) ;
#716 = ORIENTED_EDGE ( 'NONE', *, *, #842, .T. ) ;
#717 = CARTESIAN_POINT ( 'NONE',  ( 42.15317133009079953, 77.34303987207181308, -112.3526794363904884 ) ) ;
#718 = EDGE_LOOP ( 'NONE', ( #1505, #1528, #1603, #694, #95, #1626 ) ) ;
#719 = CARTESIAN_POINT ( 'NONE',  ( -35.95747996873252816, 81.76765242667183031, 93.31173189756307806 ) ) ;
#720 = B_SPLINE_CURVE_WITH_KNOTS ( 'NONE', 3,
 ( #1815, #953, #807, #1386, #1114, #241, #932, #1101, #1704, #827, #63, #1237, #487, #1083, #497, #1665, #366, #1093, #1675, #941, #1539, #1149, #1131, #558, #1460, #678, #431, #717, #1717, #1022, #536, #123, #1892, #864 ),
 .UNSPECIFIED., .F., .F.,
 ( 4, 2, 2, 2, 2, 2, 2, 2, 2, 2, 2, 2, 2, 2, 2, 2, 4 ),
 ( 1.387778780781445676E-17, 0.0006457453920213472197, 0.001291490784042680562, 0.001937236176064013795, 0.002582981568085347245, 0.003228726960106680696, 0.003874472352128013712, 0.004520217744149347162, 0.005165963136170680613, 0.005811708528192014063, 0.006457453920213347513, 0.007103199312234680964, 0.007748944704256013546, 0.008394690096277346997, 0.009040435488298680447, 0.009686180880320013897, 0.01033192627234134735 ),
 .UNSPECIFIED. ) ;
#721 = LINE ( 'NONE', #921, #819 ) ;
#722 = CARTESIAN_POINT ( 'NONE',  ( 39.04699760768195205, 82.27922989589944791, -113.4697165246796686 ) ) ;
#723 = LINE ( 'NONE', #1318, #1463 ) ;
#724 = VERTEX_POINT ( 'NONE', #691 ) ;
#725 = VECTOR ( 'NONE', #1256, 1000.000000000000000 ) ;
#726 = CARTESIAN_POINT ( 'NONE',  ( 31.13237063350387857, 46.78440350456470753, 95.03039250017931749 ) ) ;
#727 = VECTOR ( 'NONE', #1883, 1000.000000000000000 ) ;
#728 = AXIS2_PLACEMENT_3D ( 'NONE', #1368, #681, #1515 ) ;
#729 = VECTOR ( 'NONE', #595, 1000.000000000000000 ) ;
#730 = UNCERTAINTY_MEASURE_WITH_UNIT (LENGTH_MEASURE( 1.000000000000000082E-05 ), #1392, 'distance_accuracy_value', 'NONE');
#731 = AXIS2_PLACEMENT_3D ( 'NONE', #86, #367, #641 ) ;
#732 = CARTESIAN_POINT ( 'NONE',  ( -36.40075493403413276, 49.39251846286072833, -93.13967563934471627 ) ) ;
#733 = CARTESIAN_POINT ( 'NONE',  ( 37.88504176720680761, 44.13497068020054570, 113.8628813391963917 ) ) ;
#734 = EDGE_CURVE ( 'NONE', #928, #1872, #394, .T. ) ;
#735 = CARTESIAN_POINT ( 'NONE',  ( -36.95900341729618788, 77.52586794037350160, 92.58720948166012477 ) ) ;
#736 = FACE_BOUND ( 'NONE', #1906, .T. ) ;
#737 = CARTESIAN_POINT ( 'NONE',  ( 31.11937766174705544, 79.00000000000001421, -94.98190206948622460 ) ) ;
#738 = ORIENTED_EDGE ( 'NONE', *, *, #546, .F. ) ;
#739 = CARTESIAN_POINT ( 'NONE',  ( 36.30956037225831778, 44.51407436067334800, 93.17531445504243948 ) ) ;
#740 = EDGE_CURVE ( 'NONE', #1456, #108, #577, .T. ) ;
#741 = CARTESIAN_POINT ( 'NONE',  ( -37.35690699252219105, 47.15685024234354472, -92.76023663160873411 ) ) ;
#742 = CARTESIAN_POINT ( 'NONE',  ( 33.93359166804091132, 82.28649724197254045, -94.06668261424319155 ) ) ;
#743 = CARTESIAN_POINT ( 'NONE',  ( -31.99449239762259367, 49.27768643152180061, -94.74366995148604076 ) ) ;
#744 = CARTESIAN_POINT ( 'NONE',  ( 99.99999999999997158, 1.964323100245543036E-16, 0.000000000000000000 ) ) ;
#745 = CARTESIAN_POINT ( 'NONE',  ( -45.44029495540636532, 47.00000000000002132, -122.9278512063826412 ) ) ;
#746 = ORIENTED_EDGE ( 'NONE', *, *, #1034, .T. ) ;
#747 = CARTESIAN_POINT ( 'NONE',  ( -2.315139145294957477E-34, 1.178593860147325822E-16, 0.000000000000000000 ) ) ;
#748 = DIRECTION ( 'NONE',  ( 1.964323100245543344E-18, -1.000000000000000000, -0.000000000000000000 ) ) ;
#749 = CARTESIAN_POINT ( 'NONE',  ( 32.55158857688329732, 81.76758844122031178, -94.55376242047250912 ) ) ;
#750 = CARTESIAN_POINT ( 'NONE',  ( -38.06880711178631316, 44.03180547894953634, -113.8016080905263721 ) ) ;
#751 = CARTESIAN_POINT ( 'NONE',  ( -9.821615501227715180E-17, 49.99999999999998579, 0.000000000000000000 ) ) ;
#752 = DIRECTION ( 'NONE',  ( -1.000000000000000000, 0.000000000000000000, 0.000000000000000000 ) ) ;
#753 = ORIENTED_EDGE ( 'NONE', *, *, #546, .T. ) ;
#754 = EDGE_CURVE ( 'NONE', #1872, #960, #548, .T. ) ;
#755 = DIRECTION ( 'NONE',  ( -0.9659258262890673130, 0.000000000000000000, 0.2588190451025248473 ) ) ;
#756 = ORIENTED_EDGE ( 'NONE', *, *, #222, .F. ) ;
#757 = ADVANCED_FACE ( 'NONE', ( #326 ), #627, .T. ) ;
#758 = CARTESIAN_POINT ( 'NONE',  ( 32.10120450715967166, 49.39027450803164498, 94.70758586952904068 ) ) ;
#759 = VECTOR ( 'NONE', #1636, 1000.000000000000114 ) ;
#760 = LINE ( 'NONE', #1047, #1434 ) ;
#761 = AXIS2_PLACEMENT_3D ( 'NONE', #632, #955, #192 ) ;
#762 = DIRECTION ( 'NONE',  ( -0.7071067811865455743, 0.7071067811865493491, 0.000000000000000000 ) ) ;
#763 = DIRECTION ( 'NONE',  ( -1.224646799147353207E-16, -2.405601997206910179E-34, 1.000000000000000000 ) ) ;
#764 = CARTESIAN_POINT ( 'NONE',  ( -1.178593860147325822E-16, 59.99999999999999289, 0.000000000000000000 ) ) ;
#765 = ORIENTED_EDGE ( 'NONE', *, *, #1029, .T. ) ;
#766 = CARTESIAN_POINT ( 'NONE',  ( 37.04444570387386193, 45.53694216664658256, 92.88549905720437039 ) ) ;
#767 = VERTEX_POINT ( 'NONE', #1661 ) ;
#768 = EDGE_CURVE ( 'NONE', #1287, #1741, #478, .T. ) ;
#769 = PRODUCT_DEFINITION_CONTEXT ( 'detailed design', #473, 'design' ) ;
#770 = DIRECTION ( 'NONE',  ( -1.000000000000000000, -1.964323100245543344E-18, 0.000000000000000000 ) ) ;
#771 = CARTESIAN_POINT ( 'NONE',  ( 41.35444319931733759, 44.37662147375009880, 112.6492023634170891 ) ) ;
#772 = CARTESIAN_POINT ( 'NONE',  ( -31.35343256550101287, 48.22649415045627563, -94.95770930777371177 ) ) ;
#773 = CARTESIAN_POINT ( 'NONE',  ( 99.99999999999997158, 114.9999999999999858, 0.000000000000000000 ) ) ;
#774 = DIRECTION ( 'NONE',  ( -1.964323100245543344E-18, 1.000000000000000000, 0.000000000000000000 ) ) ;
#775 = VERTEX_POINT ( 'NONE', #1809 ) ;
#776 = CARTESIAN_POINT ( 'NONE',  ( 40.83334309822372177, 49.96676691760395528, 112.8391699135923716 ) ) ;
#777 = ORIENTED_EDGE ( 'NONE', *, *, #283, .F. ) ;
#778 = CARTESIAN_POINT ( 'NONE',  ( -39.24581852218600631, 50.29998098713572574, -113.4011166277074381 ) ) ;
#779 = CARTESIAN_POINT ( 'NONE',  ( -34.37832504468086370, 75.71593706471639962, 92.87788889775781342 ) ) ;
#780 = CARTESIAN_POINT ( 'NONE',  ( -31.23333189968395729, 46.14177777460360375, -94.99726731674303437 ) ) ;
#781 = LINE ( 'NONE', #978, #1685 ) ;
#782 = EDGE_LOOP ( 'NONE', ( #226, #1674 ) ) ;
#783 = DIRECTION ( 'NONE',  ( -1.000000000000000000, 0.000000000000000000, 0.000000000000000000 ) ) ;
#784 = ORIENTED_EDGE ( 'NONE', *, *, #142, .F. ) ;
#785 = CYLINDRICAL_SURFACE ( 'NONE', #356, 99.99999999999997158 ) ;
#786 = PLANE ( 'NONE',  #856 ) ;
#787 = AXIS2_PLACEMENT_3D ( 'NONE', #1253, #1833, #380 ) ;
#788 = CARTESIAN_POINT ( 'NONE',  ( 36.47621855330923779, 45.93591235327365041, 114.3218806263802776 ) ) ;
#789 = DIRECTION ( 'NONE',  ( 1.000000000000000000, 1.964323100245543344E-18, 0.000000000000000000 ) ) ;
#790 = AXIS2_PLACEMENT_3D ( 'NONE', #387, #225, #1679 ) ;
#791 = DIRECTION ( 'NONE',  ( -0.2588190451025179084, -0.000000000000000000, 0.9659258262890690894 ) ) ;
#792 = DIRECTION ( 'NONE',  ( 1.964323100245543344E-18, -1.000000000000000000, -0.000000000000000000 ) ) ;
#793 = ORIENTED_EDGE ( 'NONE', *, *, #1574, .F. ) ;
#794 = SURFACE_STYLE_FILL_AREA ( #236 ) ;
#795 = CARTESIAN_POINT ( 'NONE',  ( -1.276810015159603158E-16, 64.99999999999998579, 0.000000000000000000 ) ) ;
#796 = ORIENTED_EDGE ( 'NONE', *, *, #1186, .F. ) ;
#797 = DIRECTION ( 'NONE',  ( -1.964323100245543344E-18, 1.000000000000000000, 0.000000000000000000 ) ) ;
#798 = DIRECTION ( 'NONE',  ( 1.964323100245543344E-18, -1.000000000000000000, -0.000000000000000000 ) ) ;
#799 = FACE_OUTER_BOUND ( 'NONE', #1445, .T. ) ;
#800 = CARTESIAN_POINT ( 'NONE',  ( -27.50000000000001421, 59.99999999999999289, -75.00000000000002842 ) ) ;
#801 = LINE ( 'NONE', #76, #1814 ) ;
#802 = ORIENTED_EDGE ( 'NONE', *, *, #1204, .T. ) ;
#803 = EDGE_CURVE ( 'NONE', #1372, #667, #1345, .T. ) ;
#804 = DIRECTION ( 'NONE',  ( -1.000000000000000000, -1.964323100245543344E-18, 0.000000000000000000 ) ) ;
#805 = CARTESIAN_POINT ( 'NONE',  ( 40.45616213382721327, 50.13201506367371962, 112.9749490850396683 ) ) ;
#806 = ORIENTED_EDGE ( 'NONE', *, *, #199, .T. ) ;
#807 = CARTESIAN_POINT ( 'NONE',  ( 36.33570498819564421, 78.56696188475497422, -114.3665961447419477 ) ) ;
#808 = CARTESIAN_POINT ( 'NONE',  ( -40.25881159826059985, 50.19511190634450770, -113.0454451595193888 ) ) ;
#809 = LINE ( 'NONE', #75, #1753 ) ;
#810 = CARTESIAN_POINT ( 'NONE',  ( -36.15070597021508547, 44.37503378155277289, -93.23711158013286138 ) ) ;
#811 = ORIENTED_EDGE ( 'NONE', *, *, #18, .F. ) ;
#812 = DIRECTION ( 'NONE',  ( -1.000000000000000000, 0.000000000000000000, 0.000000000000000000 ) ) ;
#813 = EDGE_LOOP ( 'NONE', ( #863, #554, #713, #286, #1399, #639 ) ) ;
#814 = FACE_OUTER_BOUND ( 'NONE', #826, .T. ) ;
#815 = CARTESIAN_POINT ( 'NONE',  ( -2.315139145294957477E-34, 1.178593860147325822E-16, 0.000000000000000000 ) ) ;
#816 = CARTESIAN_POINT ( 'NONE',  ( -119.9999999999999858, 114.9999999999999858, 1.469576158976823671E-14 ) ) ;
#817 = CARTESIAN_POINT ( 'NONE',  ( -32.62712835485204010, 76.05481623539182578, 93.66983645300474848 ) ) ;
#818 = CARTESIAN_POINT ( 'NONE',  ( -37.35690699252218394, 46.78411908869492208, -92.76023663160873411 ) ) ;
#819 = VECTOR ( 'NONE', #1335, 1000.000000000000000 ) ;
#820 = EDGE_LOOP ( 'NONE', ( #229, #746 ) ) ;
#821 = CIRCLE ( 'NONE', #1165, 99.99999999999997158 ) ;
#822 = DIRECTION ( 'NONE',  ( -1.224646799147353207E-16, -2.405601997206910179E-34, 1.000000000000000000 ) ) ;
#823 = CARTESIAN_POINT ( 'NONE',  ( -36.31523112668936903, 78.78165174211267185, 114.3730911893839277 ) ) ;
#824 = AXIS2_PLACEMENT_3D ( 'NONE', #634, #1251, #980 ) ;
#825 = ADVANCED_FACE ( 'NONE', ( #481 ), #1576, .F. ) ;
#826 = EDGE_LOOP ( 'NONE', ( #1600, #1700, #1334, #994 ) ) ;
#827 = CARTESIAN_POINT ( 'NONE',  ( 37.38404456879638360, 76.51180533451417887, -114.0283146246211459 ) ) ;
#828 = EDGE_CURVE ( 'NONE', #1644, #957, #781, .T. ) ;
#829 = EDGE_CURVE ( 'NONE', #293, #1644, #1427, .T. ) ;
#830 = CARTESIAN_POINT ( 'NONE',  ( -41.79765872609230826, 44.81707548409855235, -112.4854616909698422 ) ) ;
#831 = DIRECTION ( 'NONE',  ( 1.000000000000000000, 0.000000000000000000, -1.224646799147354193E-16 ) ) ;
#832 = APPLICATION_PROTOCOL_DEFINITION ( 'draft international standard', 'automotive_design', 1998, #473 ) ;
#833 = LINE ( 'NONE', #848, #1074 ) ;
#834 = EDGE_LOOP ( 'NONE', ( #1385, #1538 ) ) ;
#835 = DIRECTION ( 'NONE',  ( -1.964323100245543344E-18, 1.000000000000000000, 0.000000000000000000 ) ) ;
#836 = CARTESIAN_POINT ( 'NONE',  ( -36.96062477557390480, 76.98599908058876906, 114.1662238209327143 ) ) ;
#837 = CARTESIAN_POINT ( 'NONE',  ( -35.13936440540103945, 50.17346403148002310, -93.62159246677222768 ) ) ;
#838 = ORIENTED_EDGE ( 'NONE', *, *, #902, .T. ) ;
#839 = CARTESIAN_POINT ( 'NONE',  ( -36.73397567371521433, 80.65897877549268458, 114.2393525417653137 ) ) ;
#840 = DIRECTION ( 'NONE',  ( -1.000000000000000000, 0.000000000000000000, 0.000000000000000000 ) ) ;
#841 = CARTESIAN_POINT ( 'NONE',  ( -33.93359166802871130, 82.28649724197254045, 94.06668261424758271 ) ) ;
#842 = EDGE_CURVE ( 'NONE', #495, #1715, #98, .T. ) ;
#843 = ORIENTED_EDGE ( 'NONE', *, *, #829, .T. ) ;
#844 = CARTESIAN_POINT ( 'NONE',  ( 41.79939002055245822, 81.18082106016537125, -112.4848180877094421 ) ) ;
#845 = CARTESIAN_POINT ( 'NONE',  ( 32.01521968263967466, 76.53315676043609983, -94.08329495533178033 ) ) ;
#846 = VERTEX_POINT ( 'NONE', #698 ) ;
#847 = CARTESIAN_POINT ( 'NONE',  ( -38.06884078513520109, 81.96823740175111084, 113.8015974154476027 ) ) ;
#848 = CARTESIAN_POINT ( 'NONE',  ( 45.44029495541916930, 47.00000000000002132, 122.9278512063850286 ) ) ;
#849 = VERTEX_POINT ( 'NONE', #120 ) ;
#850 = CARTESIAN_POINT ( 'NONE',  ( -37.34383783518754996, 79.00000000000139266, 92.71146187247374826 ) ) ;
#851 = CARTESIAN_POINT ( 'NONE',  ( 31.11937766174705544, 79.00000000000001421, -94.98190206948622460 ) ) ;
#852 = CIRCLE ( 'NONE', #206, 2.500000000000002220 ) ;
#853 = ORIENTED_EDGE ( 'NONE', *, *, #1544, .T. ) ;
#854 = CIRCLE ( 'NONE', #1687, 9.999999999999994671 ) ;
#855 = DIRECTION ( 'NONE',  ( -1.964323100245543344E-18, 1.000000000000000000, 0.000000000000000000 ) ) ;
#856 = AXIS2_PLACEMENT_3D ( 'NONE', #56, #798, #1094 ) ;
#857 = DIRECTION ( 'NONE',  ( 0.2588190451025315642, -0.000000000000000000, 0.9659258262890653146 ) ) ;
#858 = B_SPLINE_CURVE_WITH_KNOTS ( 'NONE', 3,
 ( #10, #741, #1765, #1804, #154, #1489, #1646, #603, #1329, #1064, #732, #298, #1322, #1205 ),
 .UNSPECIFIED., .F., .F.,
 ( 4, 2, 2, 2, 2, 2, 4 ),
 ( 0.01409062719173021991, 0.01456019431299597489, 0.01502976143426172986, 0.01596889567679326410, 0.01643846279805902602, 0.01690802991932478794, 0.01784716416185632565 ),
 .UNSPECIFIED. ) ;
#859 = ORIENTED_EDGE ( 'NONE', *, *, #121, .T. ) ;
#860 = CARTESIAN_POINT ( 'NONE',  ( -37.35274452109603516, 79.33989468317592753, 92.74470207681180511 ) ) ;
#861 = CARTESIAN_POINT ( 'NONE',  ( -1.178593860147325822E-16, 59.99999999999999289, 0.000000000000000000 ) ) ;
#862 = EDGE_CURVE ( 'NONE', #320, #1900, #1719, .T. ) ;
#863 = ORIENTED_EDGE ( 'NONE', *, *, #1768, .F. ) ;
#864 = CARTESIAN_POINT ( 'NONE',  ( 42.56503311509408150, 79.00000000000001421, -112.1972279332735525 ) ) ;
#865 = ORIENTED_EDGE ( 'NONE', *, *, #341, .F. ) ;
#866 = CARTESIAN_POINT ( 'NONE',  ( 36.31523112671300169, 47.00000000000002132, 114.3730911893764102 ) ) ;
#867 = CARTESIAN_POINT ( 'NONE',  ( -35.37679415326173427, 82.08388139859708588, 93.53346818495607806 ) ) ;
#868 = ORIENTED_EDGE ( 'NONE', *, *, #1104, .T. ) ;
#869 = CARTESIAN_POINT ( 'NONE',  ( 37.88854605337824211, 81.86717993354704959, -113.8617160377146433 ) ) ;
#870 = CARTESIAN_POINT ( 'NONE',  ( -42.46522735911721469, 78.14199283280562724, 112.2350492060236036 ) ) ;
#871 = EDGE_LOOP ( 'NONE', ( #1152, #1011, #802, #373, #1137, #492 ) ) ;
#872 = CARTESIAN_POINT ( 'NONE',  ( 27.49999999999999289, 64.99999999999998579, -64.37196594791863902 ) ) ;
#873 = EDGE_CURVE ( 'NONE', #320, #960, #647, .T. ) ;
#874 = CARTESIAN_POINT ( 'NONE',  ( 31.47780555676749259, 48.51314342693383708, 94.91655307663364738 ) ) ;
#875 = CARTESIAN_POINT ( 'NONE',  ( 38.64347999678791012, 43.80487135613267924, 113.6077742483169857 ) ) ;
#876 = CARTESIAN_POINT ( 'NONE',  ( -39.65864962685768091, 43.70021535022908665, -113.2573969917676493 ) ) ;
#877 = DIRECTION ( 'NONE',  ( 1.964323100245543344E-18, -1.000000000000000000, -0.000000000000000000 ) ) ;
#878 = CIRCLE ( 'NONE', #1257, 107.4999999999999858 ) ;
#879 = DIRECTION ( 'NONE',  ( 1.387778780781445676E-16, 0.000000000000000000, 1.000000000000000000 ) ) ;
#880 = VERTEX_POINT ( 'NONE', #1059 ) ;
#881 = AXIS2_PLACEMENT_3D ( 'NONE', #710, #1609, #1166 ) ;
#882 = DIRECTION ( 'NONE',  ( -1.000000000000000000, -1.964323100245543344E-18, 0.000000000000000000 ) ) ;
#883 = ADVANCED_FACE ( 'NONE', ( #597, #908 ), #1516, .F. ) ;
#884 = CIRCLE ( 'NONE', #1657, 99.99999999999997158 ) ;
#885 = ADVANCED_FACE ( 'NONE', ( #1380 ), #1163, .F. ) ;
#886 = DIRECTION ( 'NONE',  ( 1.964323100245543344E-18, -1.000000000000000000, 0.000000000000000000 ) ) ;
#887 = CARTESIAN_POINT ( 'NONE',  ( 35.52923707657005536, 82.01648089113548679, -93.47565168925336820 ) ) ;
#888 = CARTESIAN_POINT ( 'NONE',  ( -31.17585231675840518, 47.63011100511056384, -95.01617762586448634 ) ) ;
#889 = CYLINDRICAL_SURFACE ( 'NONE', #1721, 99.99999999999997158 ) ;
#890 = CARTESIAN_POINT ( 'NONE',  ( -42.54468769731683864, 78.56525322820111512, 112.2049524471973996 ) ) ;
#891 = ORIENTED_EDGE ( 'NONE', *, *, #406, .T. ) ;
#892 = DIRECTION ( 'NONE',  ( -0.2588190451025250138, -0.000000000000000000, -0.9659258262890673130 ) ) ;
#893 = LINE ( 'NONE', #456, #1625 ) ;
#894 = CARTESIAN_POINT ( 'NONE',  ( 42.54486905308614553, 46.56696804117965627, 112.2048835898134627 ) ) ;
#895 = CARTESIAN_POINT ( 'NONE',  ( -36.96148213375300884, 44.98490453530317978, -114.1659459523560258 ) ) ;
#896 = EDGE_CURVE ( 'NONE', #1749, #1281, #1128, .T. ) ;
#897 = FACE_OUTER_BOUND ( 'NONE', #1494, .T. ) ;
#898 = CARTESIAN_POINT ( 'NONE',  ( 35.55300385690477327, 49.99999999999998579, 93.46648552690375311 ) ) ;
#899 = ORIENTED_EDGE ( 'NONE', *, *, #201, .F. ) ;
#900 = DIRECTION ( 'NONE',  ( -1.964323100245543344E-18, 1.000000000000000000, 0.000000000000000000 ) ) ;
#901 = ORIENTED_EDGE ( 'NONE', *, *, #157, .T. ) ;
#902 = EDGE_CURVE ( 'NONE', #1424, #775, #1569, .T. ) ;
#903 = DIRECTION ( 'NONE',  ( -1.000000000000000000, 0.000000000000000000, 0.000000000000000000 ) ) ;
#904 = CARTESIAN_POINT ( 'NONE',  ( 31.91793784083150243, 81.21205660952438166, -94.76965339403730582 ) ) ;
#905 = CARTESIAN_POINT ( 'NONE',  ( -31.11937766173475950, 79.00000000000001421, 94.98190206949026049 ) ) ;
#906 = CARTESIAN_POINT ( 'NONE',  ( -2.258971565282375046E-16, 114.9999999999999858, 0.000000000000000000 ) ) ;
#907 = PLANE ( 'NONE',  #695 ) ;
#908 = FACE_BOUND ( 'NONE', #1320, .T. ) ;
#909 = ORIENTED_EDGE ( 'NONE', *, *, #415, .T. ) ;
#910 = CARTESIAN_POINT ( 'NONE',  ( 36.72246887760945100, 44.98404688377135585, 93.01330602728179997 ) ) ;
#911 = ORIENTED_EDGE ( 'NONE', *, *, #16, .F. ) ;
#912 = VECTOR ( 'NONE', #969, 1000.000000000000000 ) ;
#913 = DIRECTION ( 'NONE',  ( 1.964323100245543344E-18, -1.000000000000000000, -0.000000000000000000 ) ) ;
#914 = AXIS2_PLACEMENT_3D ( 'NONE', #316, #459, #1057 ) ;
#915 = DIRECTION ( 'NONE',  ( 0.2588190451025316197, -0.000000000000000000, 0.9659258262890654256 ) ) ;
#916 = AXIS2_PLACEMENT_3D ( 'NONE', #400, #979, #423 ) ;
#917 = CARTESIAN_POINT ( 'NONE',  ( -41.35444319930634549, 44.37662147375009880, -112.6492023634211250 ) ) ;
#918 = LINE ( 'NONE', #1503, #729 ) ;
#919 = CYLINDRICAL_SURFACE ( 'NONE', #1466, 69.99999999999997158 ) ;
#920 = ORIENTED_EDGE ( 'NONE', *, *, #740, .T. ) ;
#921 = CARTESIAN_POINT ( 'NONE',  ( -27.49999999999999289, 69.99999999999998579, 74.99999999999997158 ) ) ;
#922 = ORIENTED_EDGE ( 'NONE', *, *, #754, .T. ) ;
#923 = CARTESIAN_POINT ( 'NONE',  ( -41.92538929885000698, 49.01822088019048351, -112.4378780803574358 ) ) ;
#924 = CARTESIAN_POINT ( 'NONE',  ( 36.73326130899090458, 45.34252544408387564, 114.2395811018466958 ) ) ;
#925 = CARTESIAN_POINT ( 'NONE',  ( 42.56503311510509491, 47.00000000000002132, 112.1972279332693887 ) ) ;
#926 = CARTESIAN_POINT ( 'NONE',  ( -37.21188455860936273, 79.99999999999998579, 92.81850918645872639 ) ) ;
#927 = CARTESIAN_POINT ( 'NONE',  ( -89.99999999999998579, 19.99999999999998934, 1.163414459189985327E-14 ) ) ;
#928 = VERTEX_POINT ( 'NONE', #664 ) ;
#929 = B_SPLINE_CURVE_WITH_KNOTS ( 'NONE', 3,
 ( #1400, #43, #1370, #1219 ),
 .UNSPECIFIED., .F., .F.,
 ( 4, 4 ),
 ( 2.069960712403375542E-07, 0.001014459780852854489 ),
 .UNSPECIFIED. ) ;
#930 = CARTESIAN_POINT ( 'NONE',  ( 36.63361212925332211, 48.46220607282463533, 114.2715417950585959 ) ) ;
#931 = VERTEX_POINT ( 'NONE', #1694 ) ;
#932 = CARTESIAN_POINT ( 'NONE',  ( 36.73185928373379028, 77.34497381102940494, -114.2400322080313941 ) ) ;
#933 = DIRECTION ( 'NONE',  ( -1.964323100245543344E-18, 1.000000000000000000, 0.000000000000000000 ) ) ;
#934 = EDGE_CURVE ( 'NONE', #1715, #1001, #1622, .T. ) ;
#935 = DIRECTION ( 'NONE',  ( -1.000000000000000000, 0.000000000000000000, 0.000000000000000000 ) ) ;
#936 = CARTESIAN_POINT ( 'NONE',  ( -37.35690699252218394, 47.00000000000002132, -92.76023663160871990 ) ) ;
#937 = ORIENTED_EDGE ( 'NONE', *, *, #533, .T. ) ;
#938 = PLANE ( 'NONE',  #787 ) ;
#939 = CARTESIAN_POINT ( 'NONE',  ( 89.99999999999998579, 59.99999999999999289, 1.163414459189985327E-14 ) ) ;
#940 = EDGE_LOOP ( 'NONE', ( #1277, #169, #1735, #1822 ) ) ;
#941 = CARTESIAN_POINT ( 'NONE',  ( 40.26271601037184666, 75.80593965548047208, -113.0440560000206176 ) ) ;
#942 = FACE_OUTER_BOUND ( 'NONE', #1693, .T. ) ;
#943 = ADVANCED_FACE ( 'NONE', ( #983 ), #938, .T. ) ;
#944 = AXIS2_PLACEMENT_3D ( 'NONE', #469, #1068, #840 ) ;
#945 = DIRECTION ( 'NONE',  ( 1.964323100245543344E-18, -1.000000000000000000, -0.000000000000000000 ) ) ;
#946 = TOROIDAL_SURFACE ( 'NONE', #1439, 89.99999999999998579, 10.00000000000000000 ) ;
#947 = CARTESIAN_POINT ( 'NONE',  ( -36.59444061205430643, 44.81797399038894270, -93.06379701319704623 ) ) ;
#948 = AXIS2_PLACEMENT_3D ( 'NONE', #815, #527, #97 ) ;
#949 = ORIENTED_EDGE ( 'NONE', *, *, #934, .T. ) ;
#950 = PRESENTATION_STYLE_ASSIGNMENT (( #1711 ) ) ;
#951 = CARTESIAN_POINT ( 'NONE',  ( 39.04299375789654647, 50.27868496154731304, 113.4710943769639897 ) ) ;
#952 = EDGE_LOOP ( 'NONE', ( #1762, #1497, #784, #974 ) ) ;
#953 = CARTESIAN_POINT ( 'NONE',  ( 36.31523112670182485, 78.78165174211267185, -114.3730911893799629 ) ) ;
#954 = DIRECTION ( 'NONE',  ( -1.000000000000000000, -1.964323100245543344E-18, 0.000000000000000000 ) ) ;
#955 = DIRECTION ( 'NONE',  ( -1.964323100245543344E-18, 1.000000000000000000, 0.000000000000000000 ) ) ;
#956 = CARTESIAN_POINT ( 'NONE',  ( -33.45640949939732423, 43.80410932938139723, -94.23753685071717712 ) ) ;
#957 = VERTEX_POINT ( 'NONE', #493 ) ;
#958 = CARTESIAN_POINT ( 'NONE',  ( 27.49999999999998934, 59.99999999999999289, -75.00000000000002842 ) ) ;
#959 = CARTESIAN_POINT ( 'NONE',  ( 42.56503311510509491, 47.43661430957854463, 112.1972279332694029 ) ) ;
#960 = VERTEX_POINT ( 'NONE', #1864 ) ;
#961 = LINE ( 'NONE', #383, #1876 ) ;
#962 = ADVANCED_FACE ( 'NONE', ( #1536 ), #447, .F. ) ;
#963 = FACE_OUTER_BOUND ( 'NONE', #565, .T. ) ;
#964 = DIRECTION ( 'NONE',  ( 1.000000000000000000, 0.000000000000000000, 0.000000000000000000 ) ) ;
#965 = MANIFOLD_SOLID_BREP ( 'Taladro de margen para M68', #1132 ) ;
#966 = CARTESIAN_POINT ( 'NONE',  ( -31.11937766173475950, 79.00000000000001421, 94.98190206949026049 ) ) ;
#967 = CARTESIAN_POINT ( 'NONE',  ( -99.99999999999997158, 79.99999999999998579, 1.224646799147352901E-14 ) ) ;
#968 = ORIENTED_EDGE ( 'NONE', *, *, #1246, .T. ) ;
#969 = DIRECTION ( 'NONE',  ( 1.964323100245543344E-18, -1.000000000000000000, 0.000000000000000000 ) ) ;
#970 = EDGE_CURVE ( 'NONE', #347, #1304, #1422, .T. ) ;
#971 = CARTESIAN_POINT ( 'NONE',  ( 33.16668139887777045, 75.81913685927595736, -93.36861312122013601 ) ) ;
#972 = EDGE_CURVE ( 'NONE', #1801, #846, #675, .T. ) ;
#973 = PRODUCT_RELATED_PRODUCT_CATEGORY ( 'part', '', ( #1097 ) ) ;
#974 = ORIENTED_EDGE ( 'NONE', *, *, #1029, .F. ) ;
#975 = CARTESIAN_POINT ( 'NONE',  ( 89.99999999999998579, 69.99999999999998579, 1.163414459189985327E-14 ) ) ;
#976 = CIRCLE ( 'NONE', #140, 119.9999999999999858 ) ;
#977 = CARTESIAN_POINT ( 'NONE',  ( -42.15453649782431711, 45.34544706665671754, -112.3521675843373657 ) ) ;
#978 = CARTESIAN_POINT ( 'NONE',  ( 27.49999999999998934, 59.99999999999999289, -75.00000000000002842 ) ) ;
#979 = DIRECTION ( 'NONE',  ( 0.000000000000000000, 0.000000000000000000, 1.000000000000000000 ) ) ;
#980 = DIRECTION ( 'NONE',  ( 1.000000000000000000, 0.000000000000000000, 0.000000000000000000 ) ) ;
#981 = ORIENTED_EDGE ( 'NONE', *, *, #1786, .F. ) ;
#982 = AXIS2_PLACEMENT_3D ( 'NONE', #195, #792, #1670 ) ;
#983 = FACE_OUTER_BOUND ( 'NONE', #1793, .T. ) ;
#984 = CARTESIAN_POINT ( 'NONE',  ( 31.23860369320129493, 77.93328956736814916, -94.77046745166043706 ) ) ;
#985 = CIRCLE ( 'NONE', #1012, 99.99999999999997158 ) ;
#986 = ORIENTED_EDGE ( 'NONE', *, *, #1474, .F. ) ;
#987 = CIRCLE ( 'NONE', #267, 59.99999999999996447 ) ;
#988 = CARTESIAN_POINT ( 'NONE',  ( -42.54536264949108215, 79.42992975968523695, 112.2046965288306950 ) ) ;
#989 = CARTESIAN_POINT ( 'NONE',  ( -1.276810015159603158E-16, 64.99999999999998579, 0.000000000000000000 ) ) ;
#990 = DIRECTION ( 'NONE',  ( -1.000000000000000000, -1.964323100245543344E-18, 0.000000000000000000 ) ) ;
#991 = ORIENTED_EDGE ( 'NONE', *, *, #624, .T. ) ;
#992 = CARTESIAN_POINT ( 'NONE',  ( 37.54731347177889234, 81.62854187853295684, -113.9746969820236018 ) ) ;
#993 = CARTESIAN_POINT ( 'NONE',  ( 36.59682073410264991, 76.97821606183093479, -92.56225696113081369 ) ) ;
#994 = ORIENTED_EDGE ( 'NONE', *, *, #121, .F. ) ;
#995 = CARTESIAN_POINT ( 'NONE',  ( -1.276810015159603158E-16, 64.99999999999998579, 0.000000000000000000 ) ) ;
#996 = LINE ( 'NONE', #1737, #115 ) ;
#997 = DIRECTION ( 'NONE',  ( -0.2588190451025249583, -0.000000000000000000, -0.9659258262890670910 ) ) ;
#998 = CARTESIAN_POINT ( 'NONE',  ( 42.25134985884088223, 80.46190327331331105, -112.3157614904863237 ) ) ;
#999 = CARTESIAN_POINT ( 'NONE',  ( 31.12703123139327488, 78.56188453251094472, -94.92522239516372906 ) ) ;
#1000 = CARTESIAN_POINT ( 'NONE',  ( -9.821615501227715180E-17, 49.99999999999998579, 0.000000000000000000 ) ) ;
#1001 = VERTEX_POINT ( 'NONE', #1243 ) ;
#1002 = B_SPLINE_CURVE_WITH_KNOTS ( 'NONE', 3,
 ( #572, #1752, #1581, #1865, #1451, #697, #1279, #993, #676, #1154, #1588, #556, #119, #1272, #1713, #715, #256, #1147, #687, #971, #110, #102, #390, #1306, #845, #1734, #1555, #237, #411, #984, #263, #999, #1726, #851 ),
 .UNSPECIFIED., .F., .F.,
 ( 4, 2, 2, 2, 2, 2, 2, 2, 2, 2, 2, 2, 2, 2, 2, 2, 4 ),
 ( 0.001014459780852854489, 0.001670689171636412923, 0.002326918562419971141, 0.002983147953203529358, 0.003639377343987088009, 0.004295606734770645793, 0.004951836125554204444, 0.005608065516337762228, 0.006264294907121320879, 0.006920524297904879531, 0.007576753688688437315, 0.008232983079471995966, 0.008889212470255555484, 0.009545441861039113268, 0.01020167125182267105, 0.01085790064260623057, 0.01151413003338978835 ),
 .UNSPECIFIED. ) ;
#1003 = FACE_BOUND ( 'NONE', #34, .T. ) ;
#1004 = CARTESIAN_POINT ( 'NONE',  ( -42.25273972865245753, 47.00000000000002132, -123.7819540552209645 ) ) ;
#1005 = EDGE_CURVE ( 'NONE', #1517, #1644, #389, .T. ) ;
#1006 = EDGE_LOOP ( 'NONE', ( #1553, #1589, #1023, #1232, #1209, #685, #1841, #986, #738 ) ) ;
#1007 = CIRCLE ( 'NONE', #881, 69.99999999999997158 ) ;
#1008 = DIRECTION ( 'NONE',  ( 1.000000000000000000, 0.000000000000000000, 0.000000000000000000 ) ) ;
#1009 = CARTESIAN_POINT ( 'NONE',  ( -27.50000000000001421, 64.99999999999998579, -64.37196594791863902 ) ) ;
#1010 = DIRECTION ( 'NONE',  ( 1.156482317317871478E-16, 2.271704930932991719E-34, 1.000000000000000000 ) ) ;
#1011 = ORIENTED_EDGE ( 'NONE', *, *, #1506, .T. ) ;
#1012 = AXIS2_PLACEMENT_3D ( 'NONE', #23, #1492, #1769 ) ;
#1013 = CARTESIAN_POINT ( 'NONE',  ( -37.88854605336583603, 81.86717993354704959, 113.8617160377187645 ) ) ;
#1014 = ORIENTED_EDGE ( 'NONE', *, *, #842, .F. ) ;
#1015 = PRODUCT_CONTEXT ( 'NONE', #89, 'mechanical' ) ;
#1016 = DIRECTION ( 'NONE',  ( 1.000000000000000000, 1.964323100245543729E-18, 0.000000000000000000 ) ) ;
#1017 = VERTEX_POINT ( 'NONE', #502 ) ;
#1018 = CARTESIAN_POINT ( 'NONE',  ( -37.21188455860936273, 79.99999999999998579, 92.81850918645872639 ) ) ;
#1019 = CARTESIAN_POINT ( 'NONE',  ( -42.56503311508181753, 79.00000000000001421, 112.1972279332782136 ) ) ;
#1020 = ORIENTED_EDGE ( 'NONE', *, *, #1173, .F. ) ;
#1021 = EDGE_CURVE ( 'NONE', #1218, #137, #852, .T. ) ;
#1022 = CARTESIAN_POINT ( 'NONE',  ( 42.40647110922210317, 77.93608494750407090, -112.2572855626860360 ) ) ;
#1023 = ORIENTED_EDGE ( 'NONE', *, *, #1893, .F. ) ;
#1024 = EDGE_CURVE ( 'NONE', #1312, #60, #516, .T. ) ;
#1025 = B_SPLINE_CURVE_WITH_KNOTS ( 'NONE', 3,
 ( #1899, #823, #1441, #1413, #1570, #248, #1598, #836, #564, #1423, #1874, #547, #708, #1298, #1890, #1740, #418, #33, #309, #589, #1493, #1201, #1468, #1770, #1633, #452, #1208, #582, #1176, #1910, #870, #890, #429, #1019 ),
 .UNSPECIFIED., .F., .F.,
 ( 4, 2, 2, 2, 2, 2, 2, 2, 2, 2, 2, 2, 2, 2, 2, 2, 4 ),
 ( 1.387778780781445676E-17, 0.0006457453920213440755, 0.001291490784042674273, 0.001937236176064004471, 0.002582981568085334668, 0.003228726960106664649, 0.003874472352127995064, 0.004520217744149325478, 0.005165963136170655459, 0.005811708528191985440, 0.006457453920213315421, 0.007103199312234646269, 0.007748944704255976250, 0.008394690096277307098, 0.009040435488298637079, 0.009686180880319967060, 0.01033192627234129704 ),
 .UNSPECIFIED. ) ;
#1026 = LINE ( 'NONE', #321, #759 ) ;
#1027 = CARTESIAN_POINT ( 'NONE',  ( 42.46586782649542613, 46.14466335070079595, 112.2348067842167296 ) ) ;
#1028 = CARTESIAN_POINT ( 'NONE',  ( -40.26287542302931399, 43.80589538730261978, -113.0440016933038976 ) ) ;
#1029 = EDGE_CURVE ( 'NONE', #1401, #189, #1286, .T. ) ;
#1030 = CARTESIAN_POINT ( 'NONE',  ( 36.31523112670183195, 79.00000000000002842, -114.3730911893799487 ) ) ;
#1031 = CARTESIAN_POINT ( 'NONE',  ( 34.70649301447693347, 50.27396450297153763, 93.78052612546346722 ) ) ;
#1032 = ORIENTED_EDGE ( 'NONE', *, *, #315, .F. ) ;
#1033 = EDGE_CURVE ( 'NONE', #1262, #928, #1805, .T. ) ;
#1034 = EDGE_CURVE ( 'NONE', #1572, #1127, #83, .T. ) ;
#1035 = CARTESIAN_POINT ( 'NONE',  ( 35.63657258776854064, 44.03451686836037027, 93.43486885430229449 ) ) ;
#1036 = CARTESIAN_POINT ( 'NONE',  ( 31.30151470249625945, 48.07983635172593750, 94.97482362134687151 ) ) ;
#1037 = CARTESIAN_POINT ( 'NONE',  ( -27.49999999999999289, 69.99999999999998579, 74.99999999999997158 ) ) ;
#1038 = CARTESIAN_POINT ( 'NONE',  ( -36.45103381477292714, 76.80871220240604202, 92.55978357542237234 ) ) ;
#1039 = DIRECTION ( 'NONE',  ( -1.000000000000000000, 0.000000000000000000, 0.000000000000000000 ) ) ;
#1040 = CYLINDRICAL_SURFACE ( 'NONE', #1435, 3.299999999999986500 ) ;
#1041 = ORIENTED_EDGE ( 'NONE', *, *, #533, .F. ) ;
#1042 = CIRCLE ( 'NONE', #141, 59.99999999999996447 ) ;
#1043 = DIRECTION ( 'NONE',  ( -0.2588190451025179084, -0.000000000000000000, 0.9659258262890692004 ) ) ;
#1044 = CIRCLE ( 'NONE', #552, 9.999999999999994671 ) ;
#1045 = EDGE_CURVE ( 'NONE', #1252, #1081, #535, .T. ) ;
#1046 = CARTESIAN_POINT ( 'NONE',  ( 32.68764718699282668, 49.86824196020447886, 94.50714705367575164 ) ) ;
#1047 = CARTESIAN_POINT ( 'NONE',  ( 27.50000000000000711, 64.99999999999998579, 64.37196594791863902 ) ) ;
#1048 = CARTESIAN_POINT ( 'NONE',  ( -41.01440766006244587, 44.13567258212076183, -112.7734504647874729 ) ) ;
#1049 = DIRECTION ( 'NONE',  ( 1.000000000000000000, 1.964323100245543729E-18, 0.000000000000000000 ) ) ;
#1050 = EDGE_CURVE ( 'NONE', #880, #137, #1407, .T. ) ;
#1051 = DIRECTION ( 'NONE',  ( -1.964323100245543344E-18, 1.000000000000000000, 0.000000000000000000 ) ) ;
#1052 = ORIENTED_EDGE ( 'NONE', *, *, #1714, .F. ) ;
#1053 = CARTESIAN_POINT ( 'NONE',  ( 0.000000000000000000, 0.000000000000000000, 0.000000000000000000 ) ) ;
#1054 = CARTESIAN_POINT ( 'NONE',  ( 27.49999999999999289, 69.99999999999998579, -64.37196594791863902 ) ) ;
#1055 = CARTESIAN_POINT ( 'NONE',  ( 32.69355629233090355, 81.85966722759526704, -94.50478955070958875 ) ) ;
#1056 = CARTESIAN_POINT ( 'NONE',  ( -36.33587906647154853, 46.56530358856919349, -114.3665409310758321 ) ) ;
#1057 = DIRECTION ( 'NONE',  ( 0.9659258262890648705, 0.000000000000000000, -0.2588190451025331740 ) ) ;
#1058 = FACE_OUTER_BOUND ( 'NONE', #523, .T. ) ;
#1059 = CARTESIAN_POINT ( 'NONE',  ( -112.4999999999999858, 114.9999999999999858, 0.000000000000000000 ) ) ;
#1060 = EDGE_LOOP ( 'NONE', ( #1193, #416, #1245, #583 ) ) ;
#1061 = CARTESIAN_POINT ( 'NONE',  ( 31.54875440801225395, 45.34333230061056952, 94.89304890615103716 ) ) ;
#1062 = VERTEX_POINT ( 'NONE', #118 ) ;
#1063 = UNCERTAINTY_MEASURE_WITH_UNIT (LENGTH_MEASURE( 1.000000000000000082E-05 ), #1143, 'distance_accuracy_value', 'NONE');
#1064 = CARTESIAN_POINT ( 'NONE',  ( -36.50625799399979599, 49.28004873436839262, -93.09835575138932029 ) ) ;
#1065 = CARTESIAN_POINT ( 'NONE',  ( 35.06788364708148720, 82.19098384426426662, -93.64972382117950644 ) ) ;
#1066 = CARTESIAN_POINT ( 'NONE',  ( -32.68764718698189853, 49.86824196020445754, -94.50714705367954593 ) ) ;
#1067 = DIRECTION ( 'NONE',  ( 1.964323100245543344E-18, -1.000000000000000000, -0.000000000000000000 ) ) ;
#1068 = DIRECTION ( 'NONE',  ( -1.964323100245543344E-18, 1.000000000000000000, 0.000000000000000000 ) ) ;
#1069 = EDGE_LOOP ( 'NONE', ( #793, #444, #104, #567 ) ) ;
#1070 = CARTESIAN_POINT ( 'NONE',  ( 35.26243899997161435, 43.86934863671070417, 93.57670874420220741 ) ) ;
#1071 = EDGE_LOOP ( 'NONE', ( #777, #677, #26, #1381, #610, #235 ) ) ;
#1072 = AXIS2_PLACEMENT_3D ( 'NONE', #1124, #1418, #1216 ) ;
#1073 = CARTESIAN_POINT ( 'NONE',  ( -41.34969746221627673, 49.62709724582855131, -112.6509424710170890 ) ) ;
#1074 = VECTOR ( 'NONE', #857, 1000.000000000000114 ) ;
#1075 = AXIS2_PLACEMENT_3D ( 'NONE', #1830, #499, #1848 ) ;
#1076 = CARTESIAN_POINT ( 'NONE',  ( -33.75997052554216538, 75.70317265598554002, 93.09787135764753430 ) ) ;
#1077 = DIRECTION ( 'NONE',  ( 1.964323100245543344E-18, -1.000000000000000000, -0.000000000000000000 ) ) ;
#1078 = CARTESIAN_POINT ( 'NONE',  ( -5.892969300736627876E-17, 29.99999999999999289, 0.000000000000000000 ) ) ;
#1079 = ORIENTED_EDGE ( 'NONE', *, *, #315, .T. ) ;
#1080 = CARTESIAN_POINT ( 'NONE',  ( 40.25881159827162037, 50.19511190634451481, 113.0454451595154524 ) ) ;
#1081 = VERTEX_POINT ( 'NONE', #563 ) ;
#1082 = EDGE_CURVE ( 'NONE', #1401, #1372, #821, .T. ) ;
#1083 = CARTESIAN_POINT ( 'NONE',  ( 38.44571075072575894, 75.86796752245493280, -113.6748297866492692 ) ) ;
#1084 = CARTESIAN_POINT ( 'NONE',  ( -40.45616213381619986, 50.13201506367373383, -112.9749490850436189 ) ) ;
#1085 = CARTESIAN_POINT ( 'NONE',  ( -89.99999999999998579, 79.99999999999998579, 0.000000000000000000 ) ) ;
#1086 = CARTESIAN_POINT ( 'NONE',  ( -35.81420794065834201, 44.13564166197776473, -93.36688399820558004 ) ) ;
#1087 = DIRECTION ( 'NONE',  ( -1.964323100245543344E-18, 1.000000000000000000, -0.000000000000000000 ) ) ;
#1088 = ORIENTED_EDGE ( 'NONE', *, *, #427, .T. ) ;
#1089 = CARTESIAN_POINT ( 'NONE',  ( -1.276810015159603158E-16, 64.99999999999998579, 0.000000000000000000 ) ) ;
#1090 = EDGE_CURVE ( 'NONE', #1835, #1312, #571, .T. ) ;
#1091 = DIRECTION ( 'NONE',  ( -1.964323100245543344E-18, 1.000000000000000000, 0.000000000000000000 ) ) ;
#1092 = VERTEX_POINT ( 'NONE', #1160 ) ;
#1093 = CARTESIAN_POINT ( 'NONE',  ( 39.65668989315546611, 75.70007772053493511, -113.2580832392617936 ) ) ;
#1094 = DIRECTION ( 'NONE',  ( 1.000000000000000000, 1.964323100245543344E-18, 0.000000000000000000 ) ) ;
#1095 = CARTESIAN_POINT ( 'NONE',  ( -27.50000000000001421, 69.99999999999998579, -64.37196594791863902 ) ) ;
#1096 = CARTESIAN_POINT ( 'NONE',  ( -37.04444570386307589, 45.53694216664659677, -92.88549905720866207 ) ) ;
#1097 = PRODUCT ( 'Carcasa', 'Carcasa', '', ( #1015 ) ) ;
#1098 = ORIENTED_EDGE ( 'NONE', *, *, #873, .F. ) ;
#1099 = CARTESIAN_POINT ( 'NONE',  ( 38.44425297748899339, 50.13159006839060083, 113.6753245421213165 ) ) ;
#1100 = ORIENTED_EDGE ( 'NONE', *, *, #657, .T. ) ;
#1101 = CARTESIAN_POINT ( 'NONE',  ( 36.96062477558634640, 76.98599908058876906, -114.1662238209286642 ) ) ;
#1102 = AXIS2_PLACEMENT_3D ( 'NONE', #995, #1294, #413 ) ;
#1103 = CARTESIAN_POINT ( 'NONE',  ( -36.47650494730292792, 48.06465550372220719, -114.3217887748690629 ) ) ;
#1104 = EDGE_CURVE ( 'NONE', #1801, #637, #1138, .T. ) ;
#1105 = AXIS2_PLACEMENT_3D ( 'NONE', #1078, #1720, #1133 ) ;
#1106 = CARTESIAN_POINT ( 'NONE',  ( -1.375026170171880249E-16, 69.99999999999998579, 0.000000000000000000 ) ) ;
#1107 = VECTOR ( 'NONE', #19, 1000.000000000000000 ) ;
#1108 = CARTESIAN_POINT ( 'NONE',  ( -34.46744122802766697, 43.70026923586222978, -93.87248254048142826 ) ) ;
#1109 = VERTEX_POINT ( 'NONE', #1632 ) ;
#1110 = DIRECTION ( 'NONE',  ( 1.964323100245543344E-18, -1.000000000000000000, 0.000000000000000000 ) ) ;
#1111 = EDGE_CURVE ( 'NONE', #501, #1662, #364, .T. ) ;
#1112 = CARTESIAN_POINT ( 'NONE',  ( 41.34969746222729725, 49.62709724582856552, 112.6509424710131100 ) ) ;
#1113 = EDGE_LOOP ( 'NONE', ( #483, #1148, #1098, #656, #1727, #1469 ) ) ;
#1114 = CARTESIAN_POINT ( 'NONE',  ( 36.47661253513353330, 77.93472848509553330, -114.3217549255512893 ) ) ;
#1115 = CARTESIAN_POINT ( 'NONE',  ( 27.50000000000000711, 59.99999999999999289, 74.99999999999997158 ) ) ;
#1116 = LINE ( 'NONE', #800, #668 ) ;
#1117 = CARTESIAN_POINT ( 'NONE',  ( -36.94881294978745956, 45.34545781897455186, -92.92362476891113943 ) ) ;
#1118 = ORIENTED_EDGE ( 'NONE', *, *, #828, .F. ) ;
#1119 = DIRECTION ( 'NONE',  ( -1.156482317317871478E-16, -0.000000000000000000, -1.000000000000000000 ) ) ;
#1120 = CARTESIAN_POINT ( 'NONE',  ( -27.50000000000001421, 69.99999999999998579, -75.00000000000002842 ) ) ;
#1121 = ORIENTED_EDGE ( 'NONE', *, *, #1045, .F. ) ;
#1122 = CARTESIAN_POINT ( 'NONE',  ( 89.99999999999998579, 19.99999999999998934, 0.000000000000000000 ) ) ;
#1123 = CARTESIAN_POINT ( 'NONE',  ( -42.56503311509411702, 47.00000000000002132, -112.1972279332735383 ) ) ;
#1124 = CARTESIAN_POINT ( 'NONE',  ( -2.315139145294956622E-34, 1.178593860147325822E-16, 0.000000000000000000 ) ) ;
#1125 = CARTESIAN_POINT ( 'NONE',  ( -1.276810015159603158E-16, 64.99999999999998579, 0.000000000000000000 ) ) ;
#1126 = FACE_OUTER_BOUND ( 'NONE', #15, .T. ) ;
#1127 = VERTEX_POINT ( 'NONE', #773 ) ;
#1128 = LINE ( 'NONE', #1681, #422 ) ;
#1129 = LINE ( 'NONE', #404, #1284 ) ;
#1130 = ORIENTED_EDGE ( 'NONE', *, *, #600, .F. ) ;
#1131 = CARTESIAN_POINT ( 'NONE',  ( 41.01547864300957968, 76.13648601211563971, -112.7730582079007178 ) ) ;
#1132 = CLOSED_SHELL ( 'NONE', ( #342, #50, #1426, #825, #1249, #284, #1171, #885, #181, #962, #1447, #332, #1639, #1858, #1382, #561, #683, #679, #260, #1363, #274, #1826, #1292, #1230, #1689, #143, #1855, #362, #943, #1309, #757, #71, #1571, #1791, #1617, #135, #1590, #1712, #540, #883, #542, #338, #1233, #455 ) ) ;
#1133 = DIRECTION ( 'NONE',  ( 1.000000000000000000, 0.000000000000000000, 0.000000000000000000 ) ) ;
#1134 = AXIS2_PLACEMENT_3D ( 'NONE', #1607, #1761, #1333 ) ;
#1135 = CARTESIAN_POINT ( 'NONE',  ( -32.15117366875576721, 81.45911985774523600, 94.69097981700716105 ) ) ;
#1136 = CIRCLE ( 'NONE', #1105, 99.99999999999997158 ) ;
#1137 = ORIENTED_EDGE ( 'NONE', *, *, #1344, .F. ) ;
#1138 = CIRCLE ( 'NONE', #1498, 119.9999999999999858 ) ;
#1139 = CARTESIAN_POINT ( 'NONE',  ( -5.892969300736627876E-17, 29.99999999999999289, 0.000000000000000000 ) ) ;
#1140 = CARTESIAN_POINT ( 'NONE',  ( 27.50000000000000711, 64.99999999999998579, 53.32682251925381678 ) ) ;
#1141 = ORIENTED_EDGE ( 'NONE', *, *, #520, .T. ) ;
#1142 = CARTESIAN_POINT ( 'NONE',  ( -37.38533207817957305, 81.48938876452587010, 114.0278927261263391 ) ) ;
#1143 =( LENGTH_UNIT ( ) NAMED_UNIT ( * ) SI_UNIT ( .MILLI., .METRE. ) );
#1144 = FACE_OUTER_BOUND ( 'NONE', #1543, .T. ) ;
#1145 = ORIENTED_EDGE ( 'NONE', *, *, #480, .T. ) ;
#1146 = DIRECTION ( 'NONE',  ( 0.000000000000000000, 0.000000000000000000, -1.000000000000000000 ) ) ;
#1147 = CARTESIAN_POINT ( 'NONE',  ( 33.75997052555428724, 75.70317265598552581, -93.09787135764314314 ) ) ;
#1148 = ORIENTED_EDGE ( 'NONE', *, *, #1729, .F. ) ;
#1149 = CARTESIAN_POINT ( 'NONE',  ( 40.83344192303018616, 76.03330461731366086, -112.8391336840902284 ) ) ;
#1150 = EDGE_CURVE ( 'NONE', #1327, #166, #985, .T. ) ;
#1151 = FACE_OUTER_BOUND ( 'NONE', #1608, .T. ) ;
#1152 = ORIENTED_EDGE ( 'NONE', *, *, #1483, .T. ) ;
#1153 = CARTESIAN_POINT ( 'NONE',  ( 36.63553460460740752, 80.46629085581635366, -114.2709256630505763 ) ) ;
#1154 = CARTESIAN_POINT ( 'NONE',  ( 36.13555278448500019, 76.50456180889844404, -92.56758550628846649 ) ) ;
#1155 = ORIENTED_EDGE ( 'NONE', *, *, #1836, .F. ) ;
#1156 = CARTESIAN_POINT ( 'NONE',  ( -42.40617240480632688, 80.06452962706863730, 112.2573979123685035 ) ) ;
#1157 = ORIENTED_EDGE ( 'NONE', *, *, #1851, .F. ) ;
#1158 = CARTESIAN_POINT ( 'NONE',  ( -36.21911303840474972, 81.56415809724234123, 93.21049042964929754 ) ) ;
#1159 = EDGE_LOOP ( 'NONE', ( #525, #8, #549, #1255 ) ) ;
#1160 = CARTESIAN_POINT ( 'NONE',  ( -36.31523112670186748, 47.00000000000002132, -114.3730911893799487 ) ) ;
#1161 = DIRECTION ( 'NONE',  ( 1.964323100245543344E-18, -1.000000000000000000, -0.000000000000000000 ) ) ;
#1162 = CARTESIAN_POINT ( 'NONE',  ( -34.03697548105789394, 50.30010541897469523, -94.02467441771345591 ) ) ;
#1163 = TOROIDAL_SURFACE ( 'NONE', #1373, 89.99999999999998579, 10.00000000000000000 ) ;
#1164 = VERTEX_POINT ( 'NONE', #1476 ) ;
#1165 = AXIS2_PLACEMENT_3D ( 'NONE', #1139, #1297, #1889 ) ;
#1166 = DIRECTION ( 'NONE',  ( -1.000000000000000000, 0.000000000000000000, 0.000000000000000000 ) ) ;
#1167 = EDGE_CURVE ( 'NONE', #1017, #347, #164, .T. ) ;
#1168 = EDGE_LOOP ( 'NONE', ( #264, #909, #598, #1155 ) ) ;
#1169 = EDGE_CURVE ( 'NONE', #108, #1456, #633, .T. ) ;
#1170 = CARTESIAN_POINT ( 'NONE',  ( -35.81956795685992745, 81.85819500372535629, 93.36478296101604712 ) ) ;
#1171 = ADVANCED_FACE ( 'NONE', ( #616 ), #148, .F. ) ;
#1172 = CARTESIAN_POINT ( 'NONE',  ( 42.15453649783529499, 45.34544706665671043, 112.3521675843332162 ) ) ;
#1173 = EDGE_CURVE ( 'NONE', #1872, #1401, #158, .T. ) ;
#1174 = PRODUCT_DEFINITION ( 'UNKNOWN', '', #1261, #769 ) ;
#1175 = CARTESIAN_POINT ( 'NONE',  ( 37.09465653595407986, 81.18504207011538654, -114.1227840119418886 ) ) ;
#1176 = CARTESIAN_POINT ( 'NONE',  ( -42.25041189803874886, 77.53584203597418423, 112.3161148201173916 ) ) ;
#1177 = CARTESIAN_POINT ( 'NONE',  ( -33.16519527390822475, 50.09939855054778235, -94.34043210382446887 ) ) ;
#1178 = VERTEX_POINT ( 'NONE', #1660 ) ;
#1179 = DIRECTION ( 'NONE',  ( -1.000000000000000000, -1.964323100245543344E-18, 0.000000000000000000 ) ) ;
#1180 = CARTESIAN_POINT ( 'NONE',  ( -39.06518450188570313, 79.00000000000001421, 124.6360569040622437 ) ) ;
#1181 = CARTESIAN_POINT ( 'NONE',  ( 37.38587386314921446, 44.50990266566497411, 114.0277173192294669 ) ) ;
#1182 = CARTESIAN_POINT ( 'NONE',  ( -36.31523112670186748, 47.00000000000002132, -114.3730911893799487 ) ) ;
#1183 = CARTESIAN_POINT ( 'NONE',  ( -27.50000000000001421, 64.99999999999998579, -64.37196594791863902 ) ) ;
#1184 = CARTESIAN_POINT ( 'NONE',  ( 42.25273972865242200, 79.00000000000001421, -123.7819540552210071 ) ) ;
#1185 = ORIENTED_EDGE ( 'NONE', *, *, #699, .T. ) ;
#1186 = EDGE_CURVE ( 'NONE', #108, #1109, #854, .T. ) ;
#1187 = DIRECTION ( 'NONE',  ( 1.000000000000000000, 0.000000000000000000, 1.224646799147354193E-16 ) ) ;
#1188 = CARTESIAN_POINT ( 'NONE',  ( 31.55022649123737821, 48.65254121691713607, 94.89252021164064388 ) ) ;
#1189 = CARTESIAN_POINT ( 'NONE',  ( 37.21188455862142774, 79.99999999999998579, -92.81850918645389470 ) ) ;
#1190 = CARTESIAN_POINT ( 'NONE',  ( -40.83362820845916019, 44.03349449994143328, -112.8390641171701247 ) ) ;
#1191 = CARTESIAN_POINT ( 'NONE',  ( 0.000000000000000000, 0.000000000000000000, 0.000000000000000000 ) ) ;
#1192 = DIRECTION ( 'NONE',  ( -1.000000000000000000, 0.000000000000000000, 0.000000000000000000 ) ) ;
#1193 = ORIENTED_EDGE ( 'NONE', *, *, #157, .F. ) ;
#1194 = CARTESIAN_POINT ( 'NONE',  ( 37.19862488926982280, 45.93446254810942975, 92.82386115089468603 ) ) ;
#1195 = VECTOR ( 'NONE', #491, 1000.000000000000000 ) ;
#1196 = CIRCLE ( 'NONE', #1409, 99.99999999999997158 ) ;
#1197 = CARTESIAN_POINT ( 'NONE',  ( -1.571458480196434429E-16, 79.99999999999998579, 0.000000000000000000 ) ) ;
#1198 = CARTESIAN_POINT ( 'NONE',  ( 35.95747996874464292, 81.76765242667183031, -93.31173189755841690 ) ) ;
#1199 = CARTESIAN_POINT ( 'NONE',  ( -27.49999999999999289, 64.99999999999998579, 64.37196594791863902 ) ) ;
#1200 = CYLINDRICAL_SURFACE ( 'NONE', #914, 3.299999999999987388 ) ;
#1201 = CARTESIAN_POINT ( 'NONE',  ( -40.83344192301785114, 76.03330461731366086, 112.8391336840947048 ) ) ;
#1202 = ORIENTED_EDGE ( 'NONE', *, *, #1860, .T. ) ;
#1203 = CARTESIAN_POINT ( 'NONE',  ( 33.85453752232098878, 43.72090497204929704, 94.09524418073104357 ) ) ;
#1204 = EDGE_CURVE ( 'NONE', #44, #293, #1623, .T. ) ;
#1205 = CARTESIAN_POINT ( 'NONE',  ( -35.55300385689394460, 49.99999999999998579, -93.46648552690787426 ) ) ;
#1206 = CARTESIAN_POINT ( 'NONE',  ( 37.11241576891292482, 80.33461277307176829, -92.85838723612586421 ) ) ;
#1207 = CARTESIAN_POINT ( 'NONE',  ( -37.34383783518754996, 79.00000000000139266, 92.71146187247374826 ) ) ;
#1208 = CARTESIAN_POINT ( 'NONE',  ( -41.92814994997513622, 76.98576873133889364, 112.4368474811202958 ) ) ;
#1209 = ORIENTED_EDGE ( 'NONE', *, *, #278, .F. ) ;
#1210 = CARTESIAN_POINT ( 'NONE',  ( 89.99999999999998579, 49.99999999999998579, 1.102182119232617596E-14 ) ) ;
#1211 = ORIENTED_EDGE ( 'NONE', *, *, #803, .F. ) ;
#1212 = FACE_OUTER_BOUND ( 'NONE', #1071, .T. ) ;
#1213 = CARTESIAN_POINT ( 'NONE',  ( -27.49999999999999289, 69.99999999999998579, 74.99999999999997158 ) ) ;
#1214 = FACE_OUTER_BOUND ( 'NONE', #1651, .T. ) ;
#1215 = DIRECTION ( 'NONE',  ( 1.964323100245543344E-18, -1.000000000000000000, -0.000000000000000000 ) ) ;
#1216 = DIRECTION ( 'NONE',  ( -1.000000000000000000, -1.964323100245543344E-18, 0.000000000000000000 ) ) ;
#1217 = EDGE_CURVE ( 'NONE', #1900, #515, #1750, .T. ) ;
#1218 = VERTEX_POINT ( 'NONE', #1790 ) ;
#1219 = CARTESIAN_POINT ( 'NONE',  ( 37.34383783519961497, 79.00000000000137845, -92.71146187246890236 ) ) ;
#1220 = VECTOR ( 'NONE', #879, 1000.000000000000000 ) ;
#1221 = ORIENTED_EDGE ( 'NONE', *, *, #1173, .T. ) ;
#1222 = CIRCLE ( 'NONE', #1653, 69.99999999999997158 ) ;
#1223 = CARTESIAN_POINT ( 'NONE',  ( -5.892969300736627876E-17, 29.99999999999999289, 0.000000000000000000 ) ) ;
#1224 = DIRECTION ( 'NONE',  ( -1.000000000000000000, -1.964323100245543344E-18, 0.000000000000000000 ) ) ;
#1225 = AXIS2_PLACEMENT_3D ( 'NONE', #1004, #425, #259 ) ;
#1226 = EDGE_CURVE ( 'NONE', #724, #849, #918, .T. ) ;
#1227 = CIRCLE ( 'NONE', #1567, 89.99999999999998579 ) ;
#1228 = CARTESIAN_POINT ( 'NONE',  ( -31.37020073555647670, 77.53928284108694413, 94.63052431856019098 ) ) ;
#1229 = CARTESIAN_POINT ( 'NONE',  ( -31.13237063349290068, 47.00000000000002132, -95.03039250018292705 ) ) ;
#1230 = ADVANCED_FACE ( 'NONE', ( #897 ), #889, .F. ) ;
#1231 = DIRECTION ( 'NONE',  ( -1.000000000000000000, 0.000000000000000000, 0.000000000000000000 ) ) ;
#1232 = ORIENTED_EDGE ( 'NONE', *, *, #1705, .F. ) ;
#1233 = ADVANCED_FACE ( 'NONE', ( #1649 ), #1200, .F. ) ;
#1234 = B_SPLINE_CURVE_WITH_KNOTS ( 'NONE', 3,
 ( #1207, #434, #1612, #289, #1767, #735, #5, #441, #1038, #1621, #301, #1250, #90, #1366, #46, #779, #1678, #1076, #1389, #660, #1522, #817, #377, #357, #65, #651, #334, #642, #1228, #1691, #1839, #489, #477, #966 ),
 .UNSPECIFIED., .F., .F.,
 ( 4, 2, 2, 2, 2, 2, 2, 2, 2, 2, 2, 2, 2, 2, 2, 2, 4 ),
 ( 0.001014459780852838009, 0.001670689171636392540, 0.002326918562419947288, 0.002983147953203502470, 0.003639377343987056784, 0.004295606734770611099, 0.004951836125554166280, 0.005608065516337720595, 0.006264294907121274909, 0.006920524297904830091, 0.007576753688688383538, 0.008232983079471938720, 0.008889212470255494769, 0.009545441861039047349, 0.01020167125182260340, 0.01085790064260616118, 0.01151413003338971897 ),
 .UNSPECIFIED. ) ;
#1235 = CARTESIAN_POINT ( 'NONE',  ( 36.31523112671300879, 47.21561896339979825, 114.3730911893764102 ) ) ;
#1236 = ORIENTED_EDGE ( 'NONE', *, *, #201, .T. ) ;
#1237 = CARTESIAN_POINT ( 'NONE',  ( 37.88590876090641046, 76.13429199621074872, -113.8625954951646833 ) ) ;
#1238 = CARTESIAN_POINT ( 'NONE',  ( -36.73117252866694571, 48.65397934939291957, -114.2402539347831834 ) ) ;
#1239 = CARTESIAN_POINT ( 'NONE',  ( 36.41656109580577549, 46.14189405378853337, 114.3408757620306346 ) ) ;
#1240 = CARTESIAN_POINT ( 'NONE',  ( -1.178593860147325822E-16, 59.99999999999999289, 0.000000000000000000 ) ) ;
#1241 = FACE_OUTER_BOUND ( 'NONE', #557, .T. ) ;
#1242 = ORIENTED_EDGE ( 'NONE', *, *, #484, .F. ) ;
#1243 = CARTESIAN_POINT ( 'NONE',  ( 27.49999999999999289, 64.99999999999998579, -64.37196594791863902 ) ) ;
#1244 = CARTESIAN_POINT ( 'NONE',  ( 36.33520079535567504, 47.42992926901486328, 114.3667564304964657 ) ) ;
#1245 = ORIENTED_EDGE ( 'NONE', *, *, #1280, .F. ) ;
#1246 = EDGE_CURVE ( 'NONE', #1109, #461, #884, .T. ) ;
#1247 = FACE_OUTER_BOUND ( 'NONE', #1671, .T. ) ;
#1248 = CARTESIAN_POINT ( 'NONE',  ( -42.15247155920467748, 48.65845874469992083, -112.3529431591531562 ) ) ;
#1249 = ADVANCED_FACE ( 'NONE', ( #736, #175, #1799 ), #468, .T. ) ;
#1250 = CARTESIAN_POINT ( 'NONE',  ( -35.59772356966719542, 76.12710321129664237, 92.61501418103523520 ) ) ;
#1251 = DIRECTION ( 'NONE',  ( 1.964323100245543344E-18, -1.000000000000000000, -0.000000000000000000 ) ) ;
#1252 = VERTEX_POINT ( 'NONE', #926 ) ;
#1253 = CARTESIAN_POINT ( 'NONE',  ( -27.50000000000001421, 69.99999999999998579, -75.00000000000002842 ) ) ;
#1254 = CARTESIAN_POINT ( 'NONE',  ( 41.92538929886098487, 49.01822088019046220, 112.4378780803533289 ) ) ;
#1255 = ORIENTED_EDGE ( 'NONE', *, *, #396, .F. ) ;
#1256 = DIRECTION ( 'NONE',  ( -1.964323100245543344E-18, 1.000000000000000000, -0.000000000000000000 ) ) ;
#1257 = AXIS2_PLACEMENT_3D ( 'NONE', #526, #797, #1844 ) ;
#1258 = CYLINDRICAL_SURFACE ( 'NONE', #1075, 69.99999999999997158 ) ;
#1259 = AXIS2_PLACEMENT_3D ( 'NONE', #1357, #40, #1332 ) ;
#1260 = LINE ( 'NONE', #1849, #299 ) ;
#1261 = PRODUCT_DEFINITION_FORMATION_WITH_SPECIFIED_SOURCE ( 'ANY', '', #1097, .NOT_KNOWN. ) ;
#1262 = VERTEX_POINT ( 'NONE', #588 ) ;
#1263 = CARTESIAN_POINT ( 'NONE',  ( 36.31523112671300169, 47.00000000000002132, 114.3730911893764102 ) ) ;
#1264 = ORIENTED_EDGE ( 'NONE', *, *, #1050, .T. ) ;
#1265 = DIRECTION ( 'NONE',  ( 1.000000000000000000, 0.000000000000000000, 0.000000000000000000 ) ) ;
#1266 = CARTESIAN_POINT ( 'NONE',  ( -1.571458480196434429E-16, 79.99999999999998579, 0.000000000000000000 ) ) ;
#1267 = DIRECTION ( 'NONE',  ( -1.000000000000000000, 0.000000000000000000, 0.000000000000000000 ) ) ;
#1268 = DIRECTION ( 'NONE',  ( -1.000000000000000000, 0.000000000000000000, 0.000000000000000000 ) ) ;
#1269 = CARTESIAN_POINT ( 'NONE',  ( -35.06533356292609227, 43.80573499248818337, -93.65077212135514628 ) ) ;
#1270 = ORIENTED_EDGE ( 'NONE', *, *, #1169, .T. ) ;
#1271 = CARTESIAN_POINT ( 'NONE',  ( 109.9999999999999858, 114.9999999999999858, 1.347111479062088365E-14 ) ) ;
#1272 = CARTESIAN_POINT ( 'NONE',  ( 35.00424267554493696, 75.86026872405378185, -92.71576528471003087 ) ) ;
#1273 = ORIENTED_EDGE ( 'NONE', *, *, #1303, .T. ) ;
#1274 = CARTESIAN_POINT ( 'NONE',  ( -41.35332759395357272, 81.62417446163722445, 112.6496100943583656 ) ) ;
#1275 = CARTESIAN_POINT ( 'NONE',  ( 31.19244545862287410, 79.66967462199200156, -95.00642846455413348 ) ) ;
#1276 = DIRECTION ( 'NONE',  ( -1.000000000000000000, 0.000000000000000000, 0.000000000000000000 ) ) ;
#1277 = ORIENTED_EDGE ( 'NONE', *, *, #768, .F. ) ;
#1278 = CARTESIAN_POINT ( 'NONE',  ( -2.258971565282375046E-16, 114.9999999999999858, 0.000000000000000000 ) ) ;
#1279 = CARTESIAN_POINT ( 'NONE',  ( 36.85005144684689782, 77.33630399426014890, -92.57602234561547050 ) ) ;
#1280 = EDGE_CURVE ( 'NONE', #1795, #501, #1325, .T. ) ;
#1281 = VERTEX_POINT ( 'NONE', #1379 ) ;
#1282 = CARTESIAN_POINT ( 'NONE',  ( -39.66233177683233890, 82.29968153530214181, 113.2561121508158095 ) ) ;
#1283 = AXIS2_PLACEMENT_3D ( 'NONE', #351, #648, #518 ) ;
#1284 = VECTOR ( 'NONE', #1161, 1000.000000000000000 ) ;
#1285 = FACE_OUTER_BOUND ( 'NONE', #360, .T. ) ;
#1286 = CIRCLE ( 'NONE', #1529, 9.999999999999994671 ) ;
#1287 = VERTEX_POINT ( 'NONE', #1390 ) ;
#1288 = AXIS2_PLACEMENT_3D ( 'NONE', #268, #1896, #990 ) ;
#1289 = CARTESIAN_POINT ( 'NONE',  ( 40.83691261570643150, 81.96487179798593559, -112.8378772761875410 ) ) ;
#1290 = CARTESIAN_POINT ( 'NONE',  ( 42.56503311510509491, 47.00000000000002132, 112.1972279332693887 ) ) ;
#1291 = CIRCLE ( 'NONE', #1847, 69.99999999999997158 ) ;
#1292 = ADVANCED_FACE ( 'NONE', ( #1241 ), #652, .F. ) ;
#1293 = ORIENTED_EDGE ( 'NONE', *, *, #139, .T. ) ;
#1294 = DIRECTION ( 'NONE',  ( -1.964323100245543344E-18, 1.000000000000000000, 0.000000000000000000 ) ) ;
#1295 = CARTESIAN_POINT ( 'NONE',  ( 99.99999999999997158, 29.99999999999999289, 0.000000000000000000 ) ) ;
#1296 = EDGE_LOOP ( 'NONE', ( #133, #318, #1582, #254 ) ) ;
#1297 = DIRECTION ( 'NONE',  ( 1.964323100245543344E-18, -1.000000000000000000, -0.000000000000000000 ) ) ;
#1298 = CARTESIAN_POINT ( 'NONE',  ( -38.44571075071337418, 75.86796752245493280, 113.6748297866534614 ) ) ;
#1299 = ORIENTED_EDGE ( 'NONE', *, *, #972, .F. ) ;
#1300 = DIRECTION ( 'NONE',  ( -1.964323100245543344E-18, 1.000000000000000000, -0.000000000000000000 ) ) ;
#1301 = CARTESIAN_POINT ( 'NONE',  ( -99.99999999999997158, -1.964323100245543036E-16, 1.224646799147352901E-14 ) ) ;
#1302 = CYLINDRICAL_SURFACE ( 'NONE', #1375, 99.99999999999997158 ) ;
#1303 = EDGE_CURVE ( 'NONE', #1875, #1352, #282, .T. ) ;
#1304 = VERTEX_POINT ( 'NONE', #204 ) ;
#1305 = CARTESIAN_POINT ( 'NONE',  ( 38.06884078514760006, 81.96823740175108242, -113.8015974154433820 ) ) ;
#1306 = CARTESIAN_POINT ( 'NONE',  ( 32.15698369165122017, 76.39626685650466698, -93.97980188273612612 ) ) ;
#1307 = EDGE_LOOP ( 'NONE', ( #405, #899 ) ) ;
#1308 = CARTESIAN_POINT ( 'NONE',  ( -40.46065384589770986, 82.13037142822291514, 112.9733396449854865 ) ) ;
#1309 = ADVANCED_FACE ( 'NONE', ( #1126 ), #358, .T. ) ;
#1310 = EDGE_CURVE ( 'NONE', #1081, #534, #801, .T. ) ;
#1311 = EDGE_CURVE ( 'NONE', #1741, #1287, #1908, .T. ) ;
#1312 = VERTEX_POINT ( 'NONE', #661 ) ;
#1313 = FACE_BOUND ( 'NONE', #820, .T. ) ;
#1314 = AXIS2_PLACEMENT_3D ( 'NONE', #230, #640, #1265 ) ;
#1315 = ORIENTED_EDGE ( 'NONE', *, *, #1024, .F. ) ;
#1316 = AXIS2_PLACEMENT_3D ( 'NONE', #1537, #197, #783 ) ;
#1317 = CARTESIAN_POINT ( 'NONE',  ( 41.92797899923085225, 81.01471122894650989, -112.4369124845300405 ) ) ;
#1318 = CARTESIAN_POINT ( 'NONE',  ( -27.50000000000000355, 64.99999999999998579, 3.816391647148975608E-15 ) ) ;
#1319 = AXIS2_PLACEMENT_3D ( 'NONE', #1000, #128, #1443 ) ;
#1320 = EDGE_LOOP ( 'NONE', ( #1264, #859 ) ) ;
#1321 = FACE_OUTER_BOUND ( 'NONE', #1535, .T. ) ;
#1322 = CARTESIAN_POINT ( 'NONE',  ( -35.82304392385656655, 49.86828569646018394, -93.36376704457582321 ) ) ;
#1323 = CARTESIAN_POINT ( 'NONE',  ( 35.81956795687204931, 81.85819500372535629, -93.36478296101140018 ) ) ;
#1324 = CARTESIAN_POINT ( 'NONE',  ( -31.30151470248526024, 48.07983635172593040, -94.97482362135050948 ) ) ;
#1325 = LINE ( 'NONE', #1183, #482 ) ;
#1326 = DIRECTION ( 'NONE',  ( -1.387778780781445676E-16, -2.726045917119589635E-34, -1.000000000000000000 ) ) ;
#1327 = VERTEX_POINT ( 'NONE', #967 ) ;
#1328 = CARTESIAN_POINT ( 'NONE',  ( 37.35690699253296287, 47.00000000000002132, 92.76023663160435717 ) ) ;
#1329 = CARTESIAN_POINT ( 'NONE',  ( -36.69892989788400683, 49.04269866709894643, -93.02257393066970792 ) ) ;
#1330 = CARTESIAN_POINT ( 'NONE',  ( 36.34361369244049200, 81.45034837512079662, -93.16199359408714997 ) ) ;
#1331 = CARTESIAN_POINT ( 'NONE',  ( -32.43906689677631761, 49.69906379403908403, -94.59261888247587535 ) ) ;
#1332 = DIRECTION ( 'NONE',  ( -1.000000000000000000, 0.000000000000000000, 0.000000000000000000 ) ) ;
#1333 = DIRECTION ( 'NONE',  ( 1.000000000000000000, 1.964323100245543344E-18, 0.000000000000000000 ) ) ;
#1334 = ORIENTED_EDGE ( 'NONE', *, *, #396, .T. ) ;
#1335 = DIRECTION ( 'NONE',  ( 1.000000000000000000, 0.000000000000000000, 0.000000000000000000 ) ) ;
#1336 = LINE ( 'NONE', #448, #84 ) ;
#1337 = B_SPLINE_CURVE_WITH_KNOTS ( 'NONE', 3,
 ( #1123, #680, #384, #1561, #1706, #1856, #977, #242, #830, #1417, #917, #1048, #1190, #39, #1028, #1631, #876, #458, #1779, #594, #307, #750, #12, #607, #1502, #1465, #895, #323, #184, #156, #587, #1056, #173, #1182 ),
 .UNSPECIFIED., .F., .F.,
 ( 4, 2, 2, 2, 2, 2, 2, 2, 2, 2, 2, 2, 2, 2, 2, 2, 4 ),
 ( 0.000000000000000000, 0.0006457439694713845192, 0.001291487938942769038, 0.001937231908414153558, 0.002582975877885538077, 0.003228719847356922596, 0.003874463816828307115, 0.004520207786299692068, 0.005165951755771076154, 0.005811695725242460239, 0.006457439694713845192, 0.007103183664185230145, 0.007748927633656614231, 0.008394671603127998316, 0.009040415572599384136, 0.009686159542070768222, 0.01033190351154215231 ),
 .UNSPECIFIED. ) ;
#1338 = CARTESIAN_POINT ( 'NONE',  ( 34.09595776835102043, 82.30001866420880674, -94.00795641176817696 ) ) ;
#1339 = CARTESIAN_POINT ( 'NONE',  ( -109.9999999999999716, -9.821615501227711483E-17, 0.000000000000000000 ) ) ;
#1340 = DIRECTION ( 'NONE',  ( -1.964323100245543344E-18, 1.000000000000000000, 0.000000000000000000 ) ) ;
#1341 = DIRECTION ( 'NONE',  ( -0.9659258262890673130, 0.000000000000000000, -0.2588190451025248473 ) ) ;
#1342 = ORIENTED_EDGE ( 'NONE', *, *, #57, .F. ) ;
#1343 = CARTESIAN_POINT ( 'NONE',  ( 32.87972396045148571, 44.03234404479090358, 94.44026746890317270 ) ) ;
#1344 = EDGE_CURVE ( 'NONE', #1281, #1438, #1260, .T. ) ;
#1345 = CIRCLE ( 'NONE', #631, 9.999999999999994671 ) ;
#1346 = TOROIDAL_SURFACE ( 'NONE', #1783, 89.99999999999998579, 10.00000000000000000 ) ;
#1347 = LINE ( 'NONE', #1, #1879 ) ;
#1348 = CARTESIAN_POINT ( 'NONE',  ( 40.26287542304034872, 43.80589538730261978, 113.0440016932999754 ) ) ;
#1349 = CARTESIAN_POINT ( 'NONE',  ( -31.23072600935177690, 79.83707082739545058, 94.99812864253524936 ) ) ;
#1350 = DIRECTION ( 'NONE',  ( -1.000000000000000000, 0.000000000000000000, 0.000000000000000000 ) ) ;
#1351 = DIRECTION ( 'NONE',  ( -1.000000000000000000, -1.964323100245543344E-18, 0.000000000000000000 ) ) ;
#1352 = VERTEX_POINT ( 'NONE', #1699 ) ;
#1353 = CARTESIAN_POINT ( 'NONE',  ( 37.25812182328078848, 46.14345901137700423, 92.79996863670625373 ) ) ;
#1354 = CARTESIAN_POINT ( 'NONE',  ( -2.315139145294957477E-34, 1.178593860147325822E-16, 0.000000000000000000 ) ) ;
#1355 = CARTESIAN_POINT ( 'NONE',  ( 33.13646268788913574, 82.08355806381491959, -94.35042274055969358 ) ) ;
#1356 = CARTESIAN_POINT ( 'NONE',  ( -31.71103733111709033, 48.91582137550436471, -94.83890180273861858 ) ) ;
#1357 = CARTESIAN_POINT ( 'NONE',  ( -1.276810015159603158E-16, 64.99999999999998579, 0.000000000000000000 ) ) ;
#1358 = CYLINDRICAL_SURFACE ( 'NONE', #602, 69.99999999999997158 ) ;
#1359 = ORIENTED_EDGE ( 'NONE', *, *, #1499, .T. ) ;
#1360 = FACE_OUTER_BOUND ( 'NONE', #187, .T. ) ;
#1361 = B_SPLINE_CURVE_WITH_KNOTS ( 'NONE', 3,
 ( #149, #1066, #1331, #1638, #743, #1789, #1356, #314, #450, #772, #1324, #888, #163, #1482 ),
 .UNSPECIFIED., .F., .F.,
 ( 4, 2, 2, 2, 2, 2, 4 ),
 ( 0.000000000000000000, 0.0009375010074618581523, 0.001406251511192788909, 0.001875002014923719557, 0.002343752518654650206, 0.002812503022385581287, 0.003750004029847452559 ),
 .UNSPECIFIED. ) ;
#1362 = EDGE_CURVE ( 'NONE', #461, #1252, #167, .T. ) ;
#1363 = ADVANCED_FACE ( 'NONE', ( #1285 ), #401, .T. ) ;
#1364 = CARTESIAN_POINT ( 'NONE',  ( -42.48245473342585399, 47.87026366169082792, -112.2286442478845174 ) ) ;
#1365 = EDGE_CURVE ( 'NONE', #1438, #293, #1455, .T. ) ;
#1366 = CARTESIAN_POINT ( 'NONE',  ( -35.00424267553287905, 75.86026872405381027, 92.71576528471460676 ) ) ;
#1367 = CARTESIAN_POINT ( 'NONE',  ( -34.05800789192105071, 43.69973574752799550, -94.02180375612017826 ) ) ;
#1368 = CARTESIAN_POINT ( 'NONE',  ( -9.821615501227715180E-17, 49.99999999999998579, 0.000000000000000000 ) ) ;
#1369 = ORIENTED_EDGE ( 'NONE', *, *, #1907, .T. ) ;
#1370 = CARTESIAN_POINT ( 'NONE',  ( 37.35274452110809307, 79.33989468317594174, -92.74470207680693079 ) ) ;
#1371 = AXIS2_PLACEMENT_3D ( 'NONE', #436, #1051, #752 ) ;
#1372 = VERTEX_POINT ( 'NONE', #1566 ) ;
#1373 = AXIS2_PLACEMENT_3D ( 'NONE', #68, #79, #1554 ) ;
#1374 = DIRECTION ( 'NONE',  ( 1.964323100245543344E-18, -1.000000000000000000, -0.000000000000000000 ) ) ;
#1375 = AXIS2_PLACEMENT_3D ( 'NONE', #1420, #569, #1016 ) ;
#1376 = CARTESIAN_POINT ( 'NONE',  ( -37.38186857265820606, 49.48618036694138311, -114.0290277013312021 ) ) ;
#1377 = TOROIDAL_SURFACE ( 'NONE', #329, 89.99999999999998579, 10.00000000000000000 ) ;
#1378 = CARTESIAN_POINT ( 'NONE',  ( 27.49999999999998934, 69.99999999999998579, -75.00000000000002842 ) ) ;
#1379 = CARTESIAN_POINT ( 'NONE',  ( -27.49999999999999645, 64.99999999999998579, 53.32682251925382388 ) ) ;
#1380 = FACE_OUTER_BOUND ( 'NONE', #160, .T. ) ;
#1381 = ORIENTED_EDGE ( 'NONE', *, *, #1217, .F. ) ;
#1382 = ADVANCED_FACE ( 'NONE', ( #1313, #1144 ), #124, .F. ) ;
#1383 = CARTESIAN_POINT ( 'NONE',  ( -9.821615501227715180E-17, 49.99999999999998579, 0.000000000000000000 ) ) ;
#1384 = CARTESIAN_POINT ( 'NONE',  ( 27.50000000000000000, 64.99999999999998579, -3.180326372624146603E-15 ) ) ;
#1385 = ORIENTED_EDGE ( 'NONE', *, *, #1714, .T. ) ;
#1386 = CARTESIAN_POINT ( 'NONE',  ( 36.41590508685921179, 78.14459961069793792, -114.3410845996684486 ) ) ;
#1387 = LINE ( 'NONE', #1676, #424 ) ;
#1388 = CARTESIAN_POINT ( 'NONE',  ( -27.50000000000001066, 59.99999999999999289, -53.32682251925380967 ) ) ;
#1389 = CARTESIAN_POINT ( 'NONE',  ( -33.55507431890608672, 75.72826025019068652, 93.18469558395095476 ) ) ;
#1390 = CARTESIAN_POINT ( 'NONE',  ( 109.9999999999999716, 3.339349270417423038E-16, 1.408343819019455781E-14 ) ) ;
#1391 = ORIENTED_EDGE ( 'NONE', *, *, #427, .F. ) ;
#1392 =( LENGTH_UNIT ( ) NAMED_UNIT ( * ) SI_UNIT ( .MILLI., .METRE. ) );
#1393 = CARTESIAN_POINT ( 'NONE',  ( 41.01197817582507810, 49.86568540783752468, 112.7743320349576237 ) ) ;
#1394 = EDGE_LOOP ( 'NONE', ( #1863, #1121, #393, #51, #853, #205 ) ) ;
#1395 = DIRECTION ( 'NONE',  ( -1.000000000000000000, -0.000000000000000000, -0.000000000000000000 ) ) ;
#1396 = CARTESIAN_POINT ( 'NONE',  ( -37.09192299298986484, 49.18175293323387365, -114.1236719755220435 ) ) ;
#1397 = CYLINDRICAL_SURFACE ( 'NONE', #55, 59.99999999999996447 ) ;
#1398 = CARTESIAN_POINT ( 'NONE',  ( -32.35978001474616406, 44.37245772465502824, -94.61964376780821340 ) ) ;
#1399 = ORIENTED_EDGE ( 'NONE', *, *, #1444, .T. ) ;
#1400 = CARTESIAN_POINT ( 'NONE',  ( 37.21188455862142774, 79.99999999999998579, -92.81850918645389470 ) ) ;
#1401 = VERTEX_POINT ( 'NONE', #1295 ) ;
#1402 = CARTESIAN_POINT ( 'NONE',  ( 31.28001287337540148, 79.99999999999998579, -94.98189719436784628 ) ) ;
#1403 = CIRCLE ( 'NONE', #1283, 112.4999999999999858 ) ;
#1404 = AXIS2_PLACEMENT_3D ( 'NONE', #1053, #304, #168 ) ;
#1405 = CARTESIAN_POINT ( 'NONE',  ( -41.79675223266055184, 49.18402995772098052, -112.4857987227232314 ) ) ;
#1406 = CARTESIAN_POINT ( 'NONE',  ( -1.276810015159603158E-16, 64.99999999999998579, 0.000000000000000000 ) ) ;
#1407 = CIRCLE ( 'NONE', #1655, 112.4999999999999858 ) ;
#1408 = CARTESIAN_POINT ( 'NONE',  ( -31.13237063349290068, 47.00000000000002132, -95.03039250018292705 ) ) ;
#1409 = AXIS2_PLACEMENT_3D ( 'NONE', #1197, #748, #903 ) ;
#1410 = CARTESIAN_POINT ( 'NONE',  ( -31.52941461695735725, 80.64403771604885662, 94.89962051741382254 ) ) ;
#1411 = VERTEX_POINT ( 'NONE', #1880 ) ;
#1412 = DIRECTION ( 'NONE',  ( 1.000000000000000000, 0.000000000000000000, 1.224646799147349509E-16 ) ) ;
#1413 = CARTESIAN_POINT ( 'NONE',  ( -36.41590508684675598, 78.14459961069793792, 114.3410845996724419 ) ) ;
#1414 = ORIENTED_EDGE ( 'NONE', *, *, #1169, .F. ) ;
#1415 = DIRECTION ( 'NONE',  ( 1.964323100245543344E-18, -1.000000000000000000, -0.000000000000000000 ) ) ;
#1416 = B_SPLINE_CURVE_WITH_KNOTS ( 'NONE', 3,
 ( #1630, #605, #894, #1027, #162, #580, #1172, #183, #614, #288, #771, #433, #1788, #457, #1348, #1637, #1620, #172, #1758, #875, #1464, #147, #733, #586, #1181, #300, #650, #924, #1818, #788, #1239, #1829, #1512, #1677 ),
 .UNSPECIFIED., .F., .F.,
 ( 4, 2, 2, 2, 2, 2, 2, 2, 2, 2, 2, 2, 2, 2, 2, 2, 4 ),
 ( 0.000000000000000000, 0.0006457439694713861455, 0.001291487938942772291, 0.001937231908414158328, 0.002582975877885544582, 0.003228719847356930836, 0.003874463816828316656, 0.004520207786299703344, 0.005165951755771089164, 0.005811695725242474984, 0.006457439694713861672, 0.007103183664185247492, 0.007748927633656633313, 0.008394671603128019133, 0.009040415572599406688, 0.009686159542070792508, 0.01033190351154217833 ),
 .UNSPECIFIED. ) ;
#1417 = CARTESIAN_POINT ( 'NONE',  ( -41.51094419297544391, 44.51305108840098512, -112.5915844058568780 ) ) ;
#1418 = DIRECTION ( 'NONE',  ( 1.964323100245543344E-18, -1.000000000000000000, -0.000000000000000000 ) ) ;
#1419 = EDGE_CURVE ( 'NONE', #775, #67, #996, .T. ) ;
#1420 = CARTESIAN_POINT ( 'NONE',  ( 0.000000000000000000, 0.000000000000000000, 0.000000000000000000 ) ) ;
#1421 = ORIENTED_EDGE ( 'NONE', *, *, #496, .F. ) ;
#1422 = LINE ( 'NONE', #958, #1748 ) ;
#1423 = CARTESIAN_POINT ( 'NONE',  ( -37.38404456878397752, 76.51180533451417887, 114.0283146246252528 ) ) ;
#1424 = VERTEX_POINT ( 'NONE', #1584 ) ;
#1425 = CARTESIAN_POINT ( 'NONE',  ( -36.31523112668937614, 79.00000000000002842, 114.3730911893839135 ) ) ;
#1426 = ADVANCED_FACE ( 'NONE', ( #1151 ), #579, .F. ) ;
#1427 = LINE ( 'NONE', #376, #146 ) ;
#1428 = CARTESIAN_POINT ( 'NONE',  ( -35.52923707655791219, 82.01648089113548679, 93.47565168925798673 ) ) ;
#1429 = ORIENTED_EDGE ( 'NONE', *, *, #1763, .T. ) ;
#1430 = CARTESIAN_POINT ( 'NONE',  ( 37.14899282888832488, 48.23148915537058201, 92.84374100346829550 ) ) ;
#1431 = CARTESIAN_POINT ( 'NONE',  ( 32.95984708295412702, 49.99999999999998579, 94.41212040976665776 ) ) ;
#1432 = VERTEX_POINT ( 'NONE', #712 ) ;
#1433 = CARTESIAN_POINT ( 'NONE',  ( -36.96425952369354917, 81.01905692370738166, 114.1650478729101934 ) ) ;
#1434 = VECTOR ( 'NONE', #440, 1000.000000000000000 ) ;
#1435 = AXIS2_PLACEMENT_3D ( 'NONE', #1184, #1477, #1341 ) ;
#1436 = CARTESIAN_POINT ( 'NONE',  ( -34.58792908847308922, 82.28606246417447778, 93.82805912224843325 ) ) ;
#1437 = CIRCLE ( 'NONE', #944, 59.99999999999996447 ) ;
#1438 = VERTEX_POINT ( 'NONE', #245 ) ;
#1439 = AXIS2_PLACEMENT_3D ( 'NONE', #1266, #630, #1224 ) ;
#1440 = DIRECTION ( 'NONE',  ( 1.964323100245543344E-18, -1.000000000000000000, -0.000000000000000000 ) ) ;
#1441 = CARTESIAN_POINT ( 'NONE',  ( -36.33570498818318129, 78.56696188475497422, 114.3665961447459125 ) ) ;
#1442 = AXIS2_PLACEMENT_3D ( 'NONE', #344, #933, #1549 ) ;
#1443 = DIRECTION ( 'NONE',  ( -1.000000000000000000, 0.000000000000000000, 0.000000000000000000 ) ) ;
#1444 = EDGE_CURVE ( 'NONE', #1262, #1843, #833, .T. ) ;
#1445 = EDGE_LOOP ( 'NONE', ( #1696, #1891, #303, #470 ) ) ;
#1446 = CARTESIAN_POINT ( 'NONE',  ( -41.79939002054020136, 81.18082106016538546, 112.4848180877140322 ) ) ;
#1447 = ADVANCED_FACE ( 'NONE', ( #1448 ), #1302, .F. ) ;
#1448 = FACE_OUTER_BOUND ( 'NONE', #275, .T. ) ;
#1449 = ORIENTED_EDGE ( 'NONE', *, *, #74, .T. ) ;
#1450 = CARTESIAN_POINT ( 'NONE',  ( 42.40617240481859085, 80.06452962706862309, -112.2573979123638424 ) ) ;
#1451 = CARTESIAN_POINT ( 'NONE',  ( 37.14030238175333665, 77.92694819540552942, -92.61553065281738384 ) ) ;
#1452 = ORIENTED_EDGE ( 'NONE', *, *, #622, .T. ) ;
#1453 = CARTESIAN_POINT ( 'NONE',  ( -42.25134985882858984, 80.46190327331329684, 112.3157614904909849 ) ) ;
#1454 = ORIENTED_EDGE ( 'NONE', *, *, #85, .T. ) ;
#1455 = LINE ( 'NONE', #1746, #25 ) ;
#1456 = VERTEX_POINT ( 'NONE', #1604 ) ;
#1457 = CARTESIAN_POINT ( 'NONE',  ( 37.34630405088270066, 47.31569885368340778, 92.76450878653845677 ) ) ;
#1458 = CARTESIAN_POINT ( 'NONE',  ( -1.375026170171880249E-16, 69.99999999999998579, 0.000000000000000000 ) ) ;
#1459 = ORIENTED_EDGE ( 'NONE', *, *, #1111, .T. ) ;
#1460 = CARTESIAN_POINT ( 'NONE',  ( 41.50922054311182308, 76.51122737870400670, -112.5922223449619537 ) ) ;
#1461 = AXIS2_PLACEMENT_3D ( 'NONE', #1473, #915, #1501 ) ;
#1462 = DIRECTION ( 'NONE',  ( -1.000000000000000000, 0.000000000000000000, 0.000000000000000000 ) ) ;
#1463 = VECTOR ( 'NONE', #1326, 1000.000000000000000 ) ;
#1464 = CARTESIAN_POINT ( 'NONE',  ( 38.44830679680481467, 43.86695665087667351, 113.6739538476731610 ) ) ;
#1465 = CARTESIAN_POINT ( 'NONE',  ( -37.09205951116987166, 44.81781939394180370, -114.1236303434360195 ) ) ;
#1466 = AXIS2_PLACEMENT_3D ( 'NONE', #989, #1087, #1231 ) ;
#1467 = CARTESIAN_POINT ( 'NONE',  ( 36.39908286448326180, 79.87027888685526023, -114.3465528874736208 ) ) ;
#1468 = CARTESIAN_POINT ( 'NONE',  ( -41.01547864299726598, 76.13648601211563971, 112.7730582079052084 ) ) ;
#1469 = ORIENTED_EDGE ( 'NONE', *, *, #1645, .F. ) ;
#1470 = AXIS2_PLACEMENT_3D ( 'NONE', #99, #684, #1276 ) ;
#1471 = CARTESIAN_POINT ( 'NONE',  ( 31.45055795458339531, 45.53643470992969355, 94.92559845005543195 ) ) ;
#1472 = LINE ( 'NONE', #145, #1107 ) ;
#1473 = CARTESIAN_POINT ( 'NONE',  ( 42.25273972866526151, 47.00000000000002132, 123.7819540552233804 ) ) ;
#1474 = EDGE_CURVE ( 'NONE', #1795, #1656, #397, .T. ) ;
#1475 = CARTESIAN_POINT ( 'NONE',  ( -31.12374196044012820, 79.16752633123248017, 94.99818985399807048 ) ) ;
#1476 = CARTESIAN_POINT ( 'NONE',  ( -27.49999999999999289, 69.99999999999998579, 64.37196594791863902 ) ) ;
#1477 = DIRECTION ( 'NONE',  ( 0.2588190451025245142, -0.000000000000000000, -0.9659258262890673130 ) ) ;
#1478 = ORIENTED_EDGE ( 'NONE', *, *, #1150, .F. ) ;
#1479 = CARTESIAN_POINT ( 'NONE',  ( 32.35978001475710641, 44.37245772465502824, 94.61964376780444752 ) ) ;
#1480 = LINE ( 'NONE', #1180, #702 ) ;
#1481 = CARTESIAN_POINT ( 'NONE',  ( 33.61069325838618482, 82.23240127213686890, -94.18253935965401524 ) ) ;
#1482 = CARTESIAN_POINT ( 'NONE',  ( -31.13237063349290068, 47.00000000000002132, -95.03039250018292705 ) ) ;
#1483 = EDGE_CURVE ( 'NONE', #1749, #1164, #1472, .T. ) ;
#1484 = DIRECTION ( 'NONE',  ( -1.964323100245543344E-18, 1.000000000000000000, 0.000000000000000000 ) ) ;
#1485 = CARTESIAN_POINT ( 'NONE',  ( 33.81665447885026765, 50.27528247804833939, 94.10502258514446794 ) ) ;
#1486 = ORIENTED_EDGE ( 'NONE', *, *, #1090, .F. ) ;
#1487 = CARTESIAN_POINT ( 'NONE',  ( -27.49999999999999289, 59.99999999999999289, 74.99999999999997158 ) ) ;
#1488 = ORIENTED_EDGE ( 'NONE', *, *, #1559, .T. ) ;
#1489 = CARTESIAN_POINT ( 'NONE',  ( -37.14899282887753174, 48.23148915537060333, -92.84374100347261560 ) ) ;
#1490 = CARTESIAN_POINT ( 'NONE',  ( 36.67878136825645186, 81.07101123917209406, -93.03051839662290945 ) ) ;
#1491 = CARTESIAN_POINT ( 'NONE',  ( -31.19244545861057816, 79.66967462199200156, 95.00642846455815516 ) ) ;
#1492 = DIRECTION ( 'NONE',  ( 1.964323100245543344E-18, -1.000000000000000000, -0.000000000000000000 ) ) ;
#1493 = CARTESIAN_POINT ( 'NONE',  ( -40.45675697619478939, 75.86821735846469039, 112.9747356041455362 ) ) ;
#1494 = EDGE_LOOP ( 'NONE', ( #1579, #811, #646, #968, #152, #1556 ) ) ;
#1495 = CARTESIAN_POINT ( 'NONE',  ( 31.77825900069377596, 44.98288252853582492, 94.81643786963876153 ) ) ;
#1496 = PRESENTATION_LAYER_ASSIGNMENT (  '', '', ( #1594 ) ) ;
#1497 = ORIENTED_EDGE ( 'NONE', *, *, #803, .T. ) ;
#1498 = AXIS2_PLACEMENT_3D ( 'NONE', #906, #325, #442 ) ;
#1499 = EDGE_CURVE ( 'NONE', #1411, #1109, #636, .T. ) ;
#1500 = CARTESIAN_POINT ( 'NONE',  ( 31.35343256551197655, 48.22649415045626853, 94.95770930777008800 ) ) ;
#1501 = DIRECTION ( 'NONE',  ( 0.9659258262890648705, 0.000000000000000000, -0.2588190451025331740 ) ) ;
#1502 = CARTESIAN_POINT ( 'NONE',  ( -37.38587386313809446, 44.50990266566498121, -114.0277173192330764 ) ) ;
#1503 = CARTESIAN_POINT ( 'NONE',  ( 59.99999999999996447, 69.99999999999998579, 0.000000000000000000 ) ) ;
#1504 = DIRECTION ( 'NONE',  ( -1.000000000000000000, 0.000000000000000000, 0.000000000000000000 ) ) ;
#1505 = ORIENTED_EDGE ( 'NONE', *, *, #222, .T. ) ;
#1506 = EDGE_CURVE ( 'NONE', #1164, #44, #893, .T. ) ;
#1507 = FACE_OUTER_BOUND ( 'NONE', #1394, .T. ) ;
#1508 = ORIENTED_EDGE ( 'NONE', *, *, #1851, .T. ) ;
#1509 = EDGE_CURVE ( 'NONE', #1432, #1304, #1347, .T. ) ;
#1510 = EDGE_CURVE ( 'NONE', #1352, #320, #858, .T. ) ;
#1511 = CARTESIAN_POINT ( 'NONE',  ( -36.41590995157500998, 47.85587680106161912, -114.3410831489281492 ) ) ;
#1512 = CARTESIAN_POINT ( 'NONE',  ( 36.31523112671300879, 46.78433389558828281, 114.3730911893764386 ) ) ;
#1513 = FACE_OUTER_BOUND ( 'NONE', #1168, .T. ) ;
#1514 = DIRECTION ( 'NONE',  ( 1.000000000000000000, 0.000000000000000000, 1.224646799147354193E-16 ) ) ;
#1515 = DIRECTION ( 'NONE',  ( -1.000000000000000000, 0.000000000000000000, 0.000000000000000000 ) ) ;
#1516 = PLANE ( 'NONE',  #982 ) ;
#1517 = VERTEX_POINT ( 'NONE', #1787 ) ;
#1518 = CARTESIAN_POINT ( 'NONE',  ( -119.9999999999999858, 10.00000000000006395, 0.000000000000000000 ) ) ;
#1519 = ORIENTED_EDGE ( 'NONE', *, *, #2, .T. ) ;
#1520 = DIRECTION ( 'NONE',  ( 1.000000000000000000, 1.964323100245543729E-18, 0.000000000000000000 ) ) ;
#1521 = CARTESIAN_POINT ( 'NONE',  ( -69.99999999999997158, 69.99999999999998579, 0.000000000000000000 ) ) ;
#1522 = CARTESIAN_POINT ( 'NONE',  ( -32.98139069539773516, 75.88454573354215427, 93.46617568259642894 ) ) ;
#1523 = CARTESIAN_POINT ( 'NONE',  ( -35.26243899996077147, 43.86934863671071838, -93.57670874420630014 ) ) ;
#1524 = B_SPLINE_CURVE_WITH_KNOTS ( 'NONE', 3,
 ( #905, #1475, #625, #1491, #1349, #30 ),
 .UNSPECIFIED., .F., .F.,
 ( 4, 2, 4 ),
 ( 0.01151413003338971897, 0.01201925869977225197, 0.01252438736615478325 ),
 .UNSPECIFIED. ) ;
#1525 = ORIENTED_EDGE ( 'NONE', *, *, #1705, .T. ) ;
#1526 = CARTESIAN_POINT ( 'NONE',  ( -31.28001287336311975, 79.99999999999998579, 94.98189719437191059 ) ) ;
#1527 = AXIS2_PLACEMENT_3D ( 'NONE', #764, #1624, #1192 ) ;
#1528 = ORIENTED_EDGE ( 'NONE', *, *, #1862, .T. ) ;
#1529 = AXIS2_PLACEMENT_3D ( 'NONE', #707, #1146, #428 ) ;
#1530 = DIRECTION ( 'NONE',  ( -1.964323100245543344E-18, 1.000000000000000000, 0.000000000000000000 ) ) ;
#1531 = CARTESIAN_POINT ( 'NONE',  ( -36.33520079534453373, 47.42992926901485617, -114.3667564304999757 ) ) ;
#1532 = CARTESIAN_POINT ( 'NONE',  ( 36.31523112670183195, 79.00000000000002842, -114.3730911893799487 ) ) ;
#1533 = FACE_OUTER_BOUND ( 'NONE', #1772, .T. ) ;
#1534 = CARTESIAN_POINT ( 'NONE',  ( -36.30956037224751753, 44.51407436067334800, -93.17531445504664589 ) ) ;
#1535 = EDGE_LOOP ( 'NONE', ( #92, #1803, #1041, #1732 ) ) ;
#1536 = FACE_OUTER_BOUND ( 'NONE', #82, .T. ) ;
#1537 = CARTESIAN_POINT ( 'NONE',  ( -1.964323100245555978E-17, 10.00000000000006395, 0.000000000000000000 ) ) ;
#1538 = ORIENTED_EDGE ( 'NONE', *, *, #1645, .T. ) ;
#1539 = CARTESIAN_POINT ( 'NONE',  ( 40.45675697620711730, 75.86821735846469039, -112.9747356041411024 ) ) ;
#1540 = CARTESIAN_POINT ( 'NONE',  ( -39.04299375788549042, 50.27868496154732014, -113.4710943769678266 ) ) ;
#1541 = DIRECTION ( 'NONE',  ( -1.000000000000000000, -1.964323100245543344E-18, 1.156482317317871478E-16 ) ) ;
#1542 = CARTESIAN_POINT ( 'NONE',  ( -32.19825105524817133, 44.51177732610599946, -94.67468540879535510 ) ) ;
#1543 = EDGE_LOOP ( 'NONE', ( #1449, #1293 ) ) ;
#1544 = EDGE_CURVE ( 'NONE', #1911, #767, #1480, .T. ) ;
#1545 = CARTESIAN_POINT ( 'NONE',  ( 119.9999999999999858, 2.357187720294651643E-16, 0.000000000000000000 ) ) ;
#1546 = PLANE ( 'NONE',  #81 ) ;
#1547 = VERTEX_POINT ( 'NONE', #1054 ) ;
#1548 = DIRECTION ( 'NONE',  ( 0.000000000000000000, 0.000000000000000000, -1.000000000000000000 ) ) ;
#1549 = DIRECTION ( 'NONE',  ( -1.000000000000000000, 0.000000000000000000, 0.000000000000000000 ) ) ;
#1550 = LINE ( 'NONE', #1857, #1195 ) ;
#1551 = DIRECTION ( 'NONE',  ( -1.156482317317871478E-16, -0.000000000000000000, -1.000000000000000000 ) ) ;
#1552 = CARTESIAN_POINT ( 'NONE',  ( -31.38128563212332622, 80.33478061798369652, 94.94854543691801041 ) ) ;
#1553 = ORIENTED_EDGE ( 'NONE', *, *, #85, .F. ) ;
#1554 = DIRECTION ( 'NONE',  ( -1.000000000000000000, -1.964323100245543344E-18, 0.000000000000000000 ) ) ;
#1555 = CARTESIAN_POINT ( 'NONE',  ( 31.64929770668513953, 76.99686787824303735, -94.37468596476398375 ) ) ;
#1556 = ORIENTED_EDGE ( 'NONE', *, *, #1575, .T. ) ;
#1557 = FACE_OUTER_BOUND ( 'NONE', #952, .T. ) ;
#1558 = CIRCLE ( 'NONE', #1806, 89.99999999999998579 ) ;
#1559 = EDGE_CURVE ( 'NONE', #543, #60, #1026, .T. ) ;
#1560 = AXIS2_PLACEMENT_3D ( 'NONE', #218, #52, #638 ) ;
#1561 = CARTESIAN_POINT ( 'NONE',  ( -42.46586782648445535, 46.14466335070079595, -112.2348067842208650 ) ) ;
#1562 = DIRECTION ( 'NONE',  ( -1.156482317317871478E-16, -0.000000000000000000, -1.000000000000000000 ) ) ;
#1563 = AXIS2_PLACEMENT_3D ( 'NONE', #385, #774, #1504 ) ;
#1564 = APPLICATION_PROTOCOL_DEFINITION ( 'draft international standard', 'automotive_design', 1998, #89 ) ;
#1565 = AXIS2_PLACEMENT_3D ( 'NONE', #479, #626, #1039 ) ;
#1566 = CARTESIAN_POINT ( 'NONE',  ( -99.99999999999997158, 29.99999999999999289, 1.224646799147352901E-14 ) ) ;
#1567 = AXIS2_PLACEMENT_3D ( 'NONE', #1240, #507, #935 ) ;
#1568 = ORIENTED_EDGE ( 'NONE', *, *, #740, .F. ) ;
#1569 = LINE ( 'NONE', #686, #240 ) ;
#1570 = CARTESIAN_POINT ( 'NONE',  ( -36.47661253512107038, 77.93472848509553330, 114.3217549255552399 ) ) ;
#1571 = ADVANCED_FACE ( 'NONE', ( #1212 ), #1346, .F. ) ;
#1572 = VERTEX_POINT ( 'NONE', #439 ) ;
#1573 = CARTESIAN_POINT ( 'NONE',  ( -39.86470800667763115, 82.27810482570255601, 113.1850239697487979 ) ) ;
#1574 = EDGE_CURVE ( 'NONE', #1287, #846, #1336, .T. ) ;
#1575 = EDGE_CURVE ( 'NONE', #1252, #1327, #1196, .T. ) ;
#1576 = CYLINDRICAL_SURFACE ( 'NONE', #1812, 3.299999999999986500 ) ;
#1577 = CARTESIAN_POINT ( 'NONE',  ( -33.44881095852873898, 82.19124929538804736, 94.24014259459072207 ) ) ;
#1578 = B_SPLINE_CURVE_WITH_KNOTS ( 'NONE', 3,
 ( #670, #1658, #1531, #1511, #1103, #1828, #1238, #211, #1396, #1376, #649, #202, #475, #519, #1817, #1540, #778, #190, #488, #808, #1084, #1698, #498, #1073, #333, #1405, #923, #1248, #73, #1364, #1666, #375 ),
 .UNSPECIFIED., .F., .F.,
 ( 4, 2, 2, 2, 2, 2, 2, 2, 2, 2, 2, 2, 2, 2, 2, 4 ),
 ( 0.01033190351154215231, 0.01097750633215624494, 0.01162310915277033931, 0.01226871197338443194, 0.01291431479399852630, 0.01355991761461261894, 0.01420552043522671330, 0.01485112325584080767, 0.01549672607645490030, 0.01614232889706899293, 0.01678793171768308556, 0.01743353453829718167, 0.01807913735891127430, 0.01872474017952537040, 0.01937034300013946303, 0.02066154864136764135 ),
 .UNSPECIFIED. ) ;
#1579 = ORIENTED_EDGE ( 'NONE', *, *, #480, .F. ) ;
#1580 = CARTESIAN_POINT ( 'NONE',  ( 41.35332759396587932, 81.62417446163721024, -112.6496100943538323 ) ) ;
#1581 = CARTESIAN_POINT ( 'NONE',  ( 37.30977608209946084, 78.56161229380342093, -92.66964679933076354 ) ) ;
#1582 = ORIENTED_EDGE ( 'NONE', *, *, #199, .F. ) ;
#1583 = CARTESIAN_POINT ( 'NONE',  ( -36.39908286447082730, 79.87027888685527444, 114.3465528874775856 ) ) ;
#1584 = CARTESIAN_POINT ( 'NONE',  ( -27.50000000000001421, 69.99999999999998579, -75.00000000000002842 ) ) ;
#1585 = EDGE_CURVE ( 'NONE', #515, #129, #511, .T. ) ;
#1586 = CARTESIAN_POINT ( 'NONE',  ( 31.28001287337540148, 79.99999999999998579, -94.98189719436784628 ) ) ;
#1587 = CARTESIAN_POINT ( 'NONE',  ( 39.25067170737099076, 82.30031153431431790, -113.3994368240595492 ) ) ;
#1588 = CARTESIAN_POINT ( 'NONE',  ( 35.96494975225387947, 76.36811013624533473, -92.57770510670324882 ) ) ;
#1589 = ORIENTED_EDGE ( 'NONE', *, *, #1862, .F. ) ;
#1590 = ADVANCED_FACE ( 'NONE', ( #623 ), #182, .F. ) ;
#1591 = FACE_OUTER_BOUND ( 'NONE', #662, .T. ) ;
#1592 = AXIS2_PLACEMENT_3D ( 'NONE', #591, #1043, #1628 ) ;
#1593 = CARTESIAN_POINT ( 'NONE',  ( -33.13646268787690019, 82.08355806381491959, 94.35042274056402789 ) ) ;
#1594 = STYLED_ITEM ( 'NONE', ( #950 ), #965 ) ;
#1595 = ORIENTED_EDGE ( 'NONE', *, *, #252, .T. ) ;
#1596 = AXIS2_PLACEMENT_3D ( 'NONE', #1354, #305, #954 ) ;
#1597 = CARTESIAN_POINT ( 'NONE',  ( 45.44029495540632979, 79.00000000000001421, -122.9278512063826838 ) ) ;
#1598 = CARTESIAN_POINT ( 'NONE',  ( -36.73185928372135578, 77.34497381102940494, 114.2400322080353732 ) ) ;
#1599 = CONICAL_SURFACE ( 'NONE', #948, 109.9999999999999716, 0.7853981633974456145 ) ;
#1600 = ORIENTED_EDGE ( 'NONE', *, *, #1021, .F. ) ;
#1601 = B_SPLINE_CURVE_WITH_KNOTS ( 'NONE', 3,
 ( #294, #726, #1635, #438, #1802, #1471, #1061, #1495, #311, #611, #1479, #138, #1343, #27, #161, #1203, #471, #1764, #17, #620, #1070, #1035, #153, #1643, #739, #1794, #910, #445, #766, #1194, #1353, #35, #1654, #1328 ),
 .UNSPECIFIED., .F., .F.,
 ( 4, 2, 2, 2, 2, 2, 2, 2, 2, 2, 2, 2, 2, 2, 2, 2, 4 ),
 ( 0.003750004029847453426, 0.004396292977465129231, 0.005042581925082805470, 0.005688870872700481710, 0.006335159820318157081, 0.006981448767935832453, 0.007627737715553509559, 0.008274026663171184931, 0.008920315610788860303, 0.009566604558406537409, 0.01021289350602421278, 0.01085918245364188815, 0.01150547140125956526, 0.01215176034887724063, 0.01279804929649491600, 0.01344433824411259311, 0.01409062719173026848 ),
 .UNSPECIFIED. ) ;
#1602 = FACE_OUTER_BOUND ( 'NONE', #782, .T. ) ;
#1603 = ORIENTED_EDGE ( 'NONE', *, *, #1509, .T. ) ;
#1604 = CARTESIAN_POINT ( 'NONE',  ( -89.99999999999998579, 69.99999999999998579, 0.000000000000000000 ) ) ;
#1605 = VERTEX_POINT ( 'NONE', #1846 ) ;
#1606 = CARTESIAN_POINT ( 'NONE',  ( 40.46065384591005198, 82.13037142822287251, -112.9733396449810527 ) ) ;
#1607 = CARTESIAN_POINT ( 'NONE',  ( 0.000000000000000000, 0.000000000000000000, 0.000000000000000000 ) ) ;
#1608 = EDGE_LOOP ( 'NONE', ( #709, #1519, #1052, #1130 ) ) ;
#1609 = DIRECTION ( 'NONE',  ( -1.964323100245543344E-18, 1.000000000000000000, 0.000000000000000000 ) ) ;
#1610 = CARTESIAN_POINT ( 'NONE',  ( -9.821615501227715180E-17, 49.99999999999998579, 0.000000000000000000 ) ) ;
#1611 = CARTESIAN_POINT ( 'NONE',  ( 34.58792908848525371, 82.28606246417447778, -93.82805912224397105 ) ) ;
#1612 = CARTESIAN_POINT ( 'NONE',  ( -37.30977608208737450, 78.56161229380343514, 92.66964679933565208 ) ) ;
#1613 = CARTESIAN_POINT ( 'NONE',  ( 36.50625799401059624, 49.28004873436838551, 93.09835575138505703 ) ) ;
#1614 = CARTESIAN_POINT ( 'NONE',  ( 33.16519527391913158, 50.09939855054778235, 94.34043210382058930 ) ) ;
#1615 = ORIENTED_EDGE ( 'NONE', *, *, #1893, .T. ) ;
#1616 = DIRECTION ( 'NONE',  ( -1.224646799147353207E-16, -2.405601997206910179E-34, 1.000000000000000000 ) ) ;
#1617 = ADVANCED_FACE ( 'NONE', ( #942 ), #946, .F. ) ;
#1618 = CARTESIAN_POINT ( 'NONE',  ( 31.13237063350389278, 47.31274236147923062, 95.03039250017934592 ) ) ;
#1619 = CIRCLE ( 'NONE', #1527, 89.99999999999998579 ) ;
#1620 = CARTESIAN_POINT ( 'NONE',  ( 39.65864962686875117, 43.70021535022908665, 113.2573969917638124 ) ) ;
#1621 = CARTESIAN_POINT ( 'NONE',  ( -36.13555278447296359, 76.50456180889845825, 92.56758550629321292 ) ) ;
#1622 = CIRCLE ( 'NONE', #1905, 69.99999999999997158 ) ;
#1623 = LINE ( 'NONE', #302, #177 ) ;
#1624 = DIRECTION ( 'NONE',  ( 1.964323100245543344E-18, -1.000000000000000000, -0.000000000000000000 ) ) ;
#1625 = VECTOR ( 'NONE', #585, 1000.000000000000000 ) ;
#1626 = ORIENTED_EDGE ( 'NONE', *, *, #355, .F. ) ;
#1627 = VECTOR ( 'NONE', #1895, 1000.000000000000000 ) ;
#1628 = DIRECTION ( 'NONE',  ( 0.9659258262890694224, 0.000000000000000000, 0.2588190451025164651 ) ) ;
#1629 = CARTESIAN_POINT ( 'NONE',  ( 31.13237063350388212, 47.00000000000002132, 95.03039250017933171 ) ) ;
#1630 = CARTESIAN_POINT ( 'NONE',  ( 42.56503311510509491, 47.00000000000002132, 112.1972279332693887 ) ) ;
#1631 = CARTESIAN_POINT ( 'NONE',  ( -39.86093096824660620, 43.72123252493211965, -113.1863580053300637 ) ) ;
#1632 = CARTESIAN_POINT ( 'NONE',  ( 99.99999999999997158, 79.99999999999998579, 0.000000000000000000 ) ) ;
#1633 = CARTESIAN_POINT ( 'NONE',  ( -41.50922054309954490, 76.51122737870402091, 112.5922223449665012 ) ) ;
#1634 = EDGE_LOOP ( 'NONE', ( #1486, #1391, #486, #122, #1488, #1315 ) ) ;
#1635 = CARTESIAN_POINT ( 'NONE',  ( 31.15228382651776329, 46.56962804282855473, 95.02387611330446759 ) ) ;
#1636 = DIRECTION ( 'NONE',  ( 0.2588190451025244587, -0.000000000000000000, -0.9659258262890672020 ) ) ;
#1637 = CARTESIAN_POINT ( 'NONE',  ( 39.86093096825764803, 43.72123252493211965, 113.1863580053261842 ) ) ;
#1638 = CARTESIAN_POINT ( 'NONE',  ( -32.10120450714871509, 49.39027450803164498, -94.70758586953280656 ) ) ;
#1639 = ADVANCED_FACE ( 'NONE', ( #354 ), #506, .F. ) ;
#1640 = CARTESIAN_POINT ( 'NONE',  ( -1.571458480196434429E-16, 79.99999999999998579, 0.000000000000000000 ) ) ;
#1641 = FACE_OUTER_BOUND ( 'NONE', #1634, .T. ) ;
#1642 = VERTEX_POINT ( 'NONE', #45 ) ;
#1643 = CARTESIAN_POINT ( 'NONE',  ( 36.15070597022590704, 44.37503378155277289, 93.23711158012871181 ) ) ;
#1644 = VERTEX_POINT ( 'NONE', #1115 ) ;
#1645 = EDGE_CURVE ( 'NONE', #1092, #1605, #1578, .T. ) ;
#1646 = CARTESIAN_POINT ( 'NONE',  ( -37.02416995385856069, 48.52324645932831970, -92.89370196152432868 ) ) ;
#1647 = CARTESIAN_POINT ( 'NONE',  ( 35.37679415327388455, 82.08388139859710009, -93.53346818495144532 ) ) ;
#1648 = CARTESIAN_POINT ( 'NONE',  ( -109.9999999999999716, -9.821615501227711483E-17, 0.000000000000000000 ) ) ;
#1649 = FACE_OUTER_BOUND ( 'NONE', #813, .T. ) ;
#1650 = CARTESIAN_POINT ( 'NONE',  ( -1.375026170171880249E-16, 69.99999999999998579, 0.000000000000000000 ) ) ;
#1651 = EDGE_LOOP ( 'NONE', ( #1211, #178, #765, #653 ) ) ;
#1652 = EDGE_CURVE ( 'NONE', #67, #1438, #1845, .T. ) ;
#1653 = AXIS2_PLACEMENT_3D ( 'NONE', #645, #1091, #812 ) ;
#1654 = CARTESIAN_POINT ( 'NONE',  ( 37.35690699253296287, 46.78411908869492208, 92.76023663160437138 ) ) ;
#1655 = AXIS2_PLACEMENT_3D ( 'NONE', #134, #1440, #1008 ) ;
#1656 = VERTEX_POINT ( 'NONE', #1521 ) ;
#1657 = AXIS2_PLACEMENT_3D ( 'NONE', #1640, #1781, #1350 ) ;
#1658 = CARTESIAN_POINT ( 'NONE',  ( -36.31523112670186038, 47.21561896339979825, -114.3730911893799203 ) ) ;
#1659 = CARTESIAN_POINT ( 'NONE',  ( 37.34383783519961497, 79.00000000000137845, -92.71146187246890236 ) ) ;
#1660 = CARTESIAN_POINT ( 'NONE',  ( -27.50000000000001066, 64.99999999999998579, -53.32682251925380967 ) ) ;
#1661 = CARTESIAN_POINT ( 'NONE',  ( -36.31523112668937614, 79.00000000000002842, 114.3730911893839135 ) ) ;
#1662 = VERTEX_POINT ( 'NONE', #659 ) ;
#1663 = CARTESIAN_POINT ( 'NONE',  ( 41.50976276716487945, 49.48805638999592560, 112.5920201723955358 ) ) ;
#1664 = ORIENTED_EDGE ( 'NONE', *, *, #970, .T. ) ;
#1665 = CARTESIAN_POINT ( 'NONE',  ( 39.04679666367143653, 75.72065393156358937, -113.4697896385718963 ) ) ;
#1666 = CARTESIAN_POINT ( 'NONE',  ( -42.56503311509411702, 47.43661430957851621, -112.1972279332735809 ) ) ;
#1667 = DIRECTION ( 'NONE',  ( -1.000000000000000000, 0.000000000000000000, 0.000000000000000000 ) ) ;
#1668 = CARTESIAN_POINT ( 'NONE',  ( -33.85453752231009616, 43.72090497204929704, -94.09524418073496577 ) ) ;
#1669 = CARTESIAN_POINT ( 'NONE',  ( 31.12374196045242059, 79.16752633123248017, -94.99818985399404880 ) ) ;
#1670 = DIRECTION ( 'NONE',  ( 1.000000000000000000, 1.964323100245543344E-18, 0.000000000000000000 ) ) ;
#1671 = EDGE_LOOP ( 'NONE', ( #1680, #337, #370, #215, #310, #472, #1221, #1825 ) ) ;
#1672 = DIRECTION ( 'NONE',  ( -1.964323100245543344E-18, 1.000000000000000000, 0.000000000000000000 ) ) ;
#1673 = CYLINDRICAL_SURFACE ( 'NONE', #1560, 3.299999999999986056 ) ;
#1674 = ORIENTED_EDGE ( 'NONE', *, *, #559, .T. ) ;
#1675 = CARTESIAN_POINT ( 'NONE',  ( 39.86325067868283156, 75.72164370710973458, -113.1855385762515880 ) ) ;
#1676 = CARTESIAN_POINT ( 'NONE',  ( 27.49999999999998934, 69.99999999999998579, -75.00000000000002842 ) ) ;
#1677 = CARTESIAN_POINT ( 'NONE',  ( 36.31523112671300169, 47.00000000000002132, 114.3730911893764102 ) ) ;
#1678 = CARTESIAN_POINT ( 'NONE',  ( -34.17065555706545865, 75.69740422105964228, 92.94499160527742276 ) ) ;
#1679 = DIRECTION ( 'NONE',  ( 1.156482317317871478E-16, 0.000000000000000000, 1.000000000000000000 ) ) ;
#1680 = ORIENTED_EDGE ( 'NONE', *, *, #1907, .F. ) ;
#1681 = CARTESIAN_POINT ( 'NONE',  ( -27.50000000000000355, 64.99999999999998579, 3.816391647148975608E-15 ) ) ;
#1682 = DIRECTION ( 'NONE',  ( 1.156482317317871478E-16, 2.271704930932991719E-34, 1.000000000000000000 ) ) ;
#1683 = VECTOR ( 'NONE', #9, 1000.000000000000000 ) ;
#1684 = ORIENTED_EDGE ( 'NONE', *, *, #1575, .F. ) ;
#1685 = VECTOR ( 'NONE', #1562, 1000.000000000000000 ) ;
#1686 = DIRECTION ( 'NONE',  ( -1.964323100245543344E-18, 1.000000000000000000, 0.000000000000000000 ) ) ;
#1687 = AXIS2_PLACEMENT_3D ( 'NONE', #31, #763, #1514 ) ;
#1688 = DIRECTION ( 'NONE',  ( 1.964323100245543344E-18, -1.000000000000000000, -0.000000000000000000 ) ) ;
#1689 = ADVANCED_FACE ( 'NONE', ( #963 ), #786, .F. ) ;
#1690 = B_SPLINE_CURVE_WITH_KNOTS ( 'NONE', 3,
 ( #898, #14, #618, #1031, #151, #1782, #1485, #165, #1614, #291 ),
 .UNSPECIFIED., .F., .F.,
 ( 4, 2, 2, 2, 4 ),
 ( 4.752277784810007228E-07, 0.0007076885591486126561, 0.001414901890518744342, 0.002122115221888876135, 0.002829328553259007929 ),
 .UNSPECIFIED. ) ;
#1691 = CARTESIAN_POINT ( 'NONE',  ( -31.23860369318902030, 77.93328956736816338, 94.77046745166451558 ) ) ;
#1692 = CARTESIAN_POINT ( 'NONE',  ( -36.72246887759866496, 44.98404688377135585, -93.01330602728607744 ) ) ;
#1693 = EDGE_LOOP ( 'NONE', ( #796, #1568, #1508, #1684, #340, #328, #1429, #70 ) ) ;
#1694 = CARTESIAN_POINT ( 'NONE',  ( 27.50000000000000711, 69.99999999999998579, 64.37196594791863902 ) ) ;
#1695 = CARTESIAN_POINT ( 'NONE',  ( 42.24948462155675344, 48.46591703542029705, 112.3164633376905499 ) ) ;
#1696 = ORIENTED_EDGE ( 'NONE', *, *, #829, .F. ) ;
#1697 = CARTESIAN_POINT ( 'NONE',  ( 112.4999999999999858, 114.9999999999999858, 1.377727649040772152E-14 ) ) ;
#1698 = CARTESIAN_POINT ( 'NONE',  ( -40.83334309821270836, 49.96676691760393396, -112.8391699135963222 ) ) ;
#1699 = CARTESIAN_POINT ( 'NONE',  ( -37.35690699252218394, 47.00000000000002132, -92.76023663160871990 ) ) ;
#1700 = ORIENTED_EDGE ( 'NONE', *, *, #74, .F. ) ;
#1701 = CARTESIAN_POINT ( 'NONE',  ( 27.50000000000000711, 69.99999999999998579, 74.99999999999997158 ) ) ;
#1702 = DIRECTION ( 'NONE',  ( 1.000000000000000000, 1.964323100245543344E-18, -1.387778780781445676E-16 ) ) ;
#1703 = ORIENTED_EDGE ( 'NONE', *, *, #496, .T. ) ;
#1704 = CARTESIAN_POINT ( 'NONE',  ( 37.09367729914328038, 76.81613839376599628, -114.1231020822706768 ) ) ;
#1705 = EDGE_CURVE ( 'NONE', #1517, #931, #1387, .T. ) ;
#1706 = CARTESIAN_POINT ( 'NONE',  ( -42.40605601130453550, 45.93482843681781702, -112.2574423612758068 ) ) ;
#1707 = CARTESIAN_POINT ( 'NONE',  ( -89.99999999999998579, 29.99999999999999289, 1.102182119232617596E-14 ) ) ;
#1708 = CARTESIAN_POINT ( 'NONE',  ( -31.28001287336311975, 79.99999999999998579, 94.98189719437191059 ) ) ;
#1709 = EDGE_CURVE ( 'NONE', #1127, #1109, #231, .T. ) ;
#1710 = EDGE_LOOP ( 'NONE', ( #806, #570 ) ) ;
#1711 = SURFACE_STYLE_USAGE ( .BOTH. , #1823 ) ;
#1712 = ADVANCED_FACE ( 'NONE', ( #223 ), #1599, .T. ) ;
#1713 = CARTESIAN_POINT ( 'NONE',  ( 34.79824227593352504, 75.79788009236193602, -92.76238818533130370 ) ) ;
#1714 = EDGE_CURVE ( 'NONE', #1605, #1092, #1337, .T. ) ;
#1715 = VERTEX_POINT ( 'NONE', #1798 ) ;
#1716 = CIRCLE ( 'NONE', #170, 99.99999999999997158 ) ;
#1717 = CARTESIAN_POINT ( 'NONE',  ( 42.25041189805102704, 77.53584203597418423, -112.3161148201127872 ) ) ;
#1718 = CIRCLE ( 'NONE', #238, 59.99999999999996447 ) ;
#1719 = CIRCLE ( 'NONE', #1319, 99.99999999999997158 ) ;
#1720 = DIRECTION ( 'NONE',  ( 1.964323100245543344E-18, -1.000000000000000000, -0.000000000000000000 ) ) ;
#1721 = AXIS2_PLACEMENT_3D ( 'NONE', #1191, #1215, #1049 ) ;
#1722 = AXIS2_PLACEMENT_3D ( 'NONE', #613, #913, #1462 ) ;
#1723 = CARTESIAN_POINT ( 'NONE',  ( -36.67878136824437263, 81.07101123917209406, 93.03051839662765587 ) ) ;
#1724 = EDGE_LOOP ( 'NONE', ( #257, #269, #1242, #1079 ) ) ;
#1725 = DIRECTION ( 'NONE',  ( 0.2588190451025244587, -0.000000000000000000, -0.9659258262890672020 ) ) ;
#1726 = CARTESIAN_POINT ( 'NONE',  ( 31.11370785666326810, 78.78236099116649882, -94.96074206884452451 ) ) ;
#1727 = ORIENTED_EDGE ( 'NONE', *, *, #600, .T. ) ;
#1728 = CARTESIAN_POINT ( 'NONE',  ( -38.44897455923855745, 82.13330510917346317, 113.6737285760197409 ) ) ;
#1729 = EDGE_CURVE ( 'NONE', #960, #1875, #1361, .T. ) ;
#1730 = SHAPE_DEFINITION_REPRESENTATION ( #214, #352 ) ;
#1731 = CARTESIAN_POINT ( 'NONE',  ( -32.98542428664334381, 82.01718679537732726, 94.40331379614720220 ) ) ;
#1732 = ORIENTED_EDGE ( 'NONE', *, *, #1544, .F. ) ;
#1733 = CARTESIAN_POINT ( 'NONE',  ( 37.35690699253296287, 47.00000000000002132, 92.76023663160435717 ) ) ;
#1734 = CARTESIAN_POINT ( 'NONE',  ( 31.76126518787022235, 76.83394113896915201, -94.28091337231818159 ) ) ;
#1735 = ORIENTED_EDGE ( 'NONE', *, *, #420, .F. ) ;
#1736 = CARTESIAN_POINT ( 'NONE',  ( -36.63553460459495881, 80.46629085581638208, 114.2709256630546406 ) ) ;
#1737 = CARTESIAN_POINT ( 'NONE',  ( -27.50000000000001421, 59.99999999999999289, -75.00000000000002842 ) ) ;
#1738 = ORIENTED_EDGE ( 'NONE', *, *, #682, .F. ) ;
#1739 = CARTESIAN_POINT ( 'NONE',  ( 38.44897455925095642, 82.13330510917347738, -113.6737285760155203 ) ) ;
#1740 = CARTESIAN_POINT ( 'NONE',  ( -39.04679666365907309, 75.72065393156358937, 113.4697896385761169 ) ) ;
#1741 = VERTEX_POINT ( 'NONE', #1339 ) ;
#1742 = CARTESIAN_POINT ( 'NONE',  ( -41.51304869536649278, 81.48498143144878725, 112.5908082142209423 ) ) ;
#1743 = CIRCLE ( 'NONE', #1902, 107.4999999999999858 ) ;
#1744 = AXIS2_PLACEMENT_3D ( 'NONE', #273, #855, #882 ) ;
#1745 = LINE ( 'NONE', #1301, #1627 ) ;
#1746 = CARTESIAN_POINT ( 'NONE',  ( -27.50000000000001421, 59.99999999999999289, -75.00000000000002842 ) ) ;
#1747 = EDGE_CURVE ( 'NONE', #1741, #350, #21, .T. ) ;
#1748 = VECTOR ( 'NONE', #1119, 1000.000000000000000 ) ;
#1749 = VERTEX_POINT ( 'NONE', #1199 ) ;
#1750 = CIRCLE ( 'NONE', #327, 99.99999999999997158 ) ;
#1751 = CARTESIAN_POINT ( 'NONE',  ( 41.51304869537877806, 81.48498143144878725, -112.5908082142164233 ) ) ;
#1752 = CARTESIAN_POINT ( 'NONE',  ( 37.33807514057819077, 78.78008551298495377, -92.68995520335293747 ) ) ;
#1753 = VECTOR ( 'NONE', #1551, 1000.000000000000000 ) ;
#1754 = ORIENTED_EDGE ( 'NONE', *, *, #1186, .T. ) ;
#1755 = CARTESIAN_POINT ( 'NONE',  ( -2.258971565282375046E-16, 114.9999999999999858, 0.000000000000000000 ) ) ;
#1756 = ORIENTED_EDGE ( 'NONE', *, *, #862, .F. ) ;
#1757 = CARTESIAN_POINT ( 'NONE',  ( -34.42251390909762421, 82.29998129735784573, 93.88887442629213353 ) ) ;
#1758 = CARTESIAN_POINT ( 'NONE',  ( 39.04452638842420953, 43.72105680701277208, 113.4705683206986748 ) ) ;
#1759 = DIRECTION ( 'NONE',  ( 0.2588190451025315642, -0.000000000000000000, 0.9659258262890653146 ) ) ;
#1760 = CARTESIAN_POINT ( 'NONE',  ( -37.30898899162500726, 79.67334091724504219, 92.77957903143709473 ) ) ;
#1761 = DIRECTION ( 'NONE',  ( 1.964323100245543344E-18, -1.000000000000000000, -0.000000000000000000 ) ) ;
#1762 = ORIENTED_EDGE ( 'NONE', *, *, #657, .F. ) ;
#1763 = EDGE_CURVE ( 'NONE', #1911, #461, #1524, .T. ) ;
#1764 = CARTESIAN_POINT ( 'NONE',  ( 34.46744122803851695, 43.70026923586222978, 93.87248254047746343 ) ) ;
#1765 = CARTESIAN_POINT ( 'NONE',  ( -37.34630405087192884, 47.31569885368340067, -92.76450878654281951 ) ) ;
#1766 = CARTESIAN_POINT ( 'NONE',  ( -2.258971565282375046E-16, 114.9999999999999858, 0.000000000000000000 ) ) ;
#1767 = CARTESIAN_POINT ( 'NONE',  ( -37.14030238174127874, 77.92694819540555784, 92.61553065282227237 ) ) ;
#1768 = EDGE_CURVE ( 'NONE', #129, #1888, #467, .T. ) ;
#1769 = DIRECTION ( 'NONE',  ( -1.000000000000000000, 0.000000000000000000, 0.000000000000000000 ) ) ;
#1770 = CARTESIAN_POINT ( 'NONE',  ( -41.35228456599718783, 76.37503751148025799, 112.6499920419461489 ) ) ;
#1771 = CARTESIAN_POINT ( 'NONE',  ( -33.37939637315859898, 50.17480434424972913, -94.26340560153849424 ) ) ;
#1772 = EDGE_LOOP ( 'NONE', ( #412, #901, #272, #54 ) ) ;
#1773 = EDGE_CURVE ( 'NONE', #1081, #1911, #1234, .T. ) ;
#1774 = CYLINDRICAL_SURFACE ( 'NONE', #446, 3.299999999999986500 ) ;
#1775 = TOROIDAL_SURFACE ( 'NONE', #541, 109.9999999999999858, 2.499999999999995559 ) ;
#1776 = CARTESIAN_POINT ( 'NONE',  ( 32.43906689678725996, 49.69906379403909114, 94.59261888247210948 ) ) ;
#1777 = VECTOR ( 'NONE', #1682, 1000.000000000000000 ) ;
#1778 = CARTESIAN_POINT ( 'NONE',  ( 34.91012828726223916, 82.23146332252071034, -93.70865733881949211 ) ) ;
#1779 = CARTESIAN_POINT ( 'NONE',  ( -39.04452638841314638, 43.72105680701277208, -113.4705683207024975 ) ) ;
#1780 = MECHANICAL_DESIGN_GEOMETRIC_PRESENTATION_REPRESENTATION (  '', ( #1594 ), #324 ) ;
#1781 = DIRECTION ( 'NONE',  ( 1.964323100245543344E-18, -1.000000000000000000, -0.000000000000000000 ) ) ;
#1782 = CARTESIAN_POINT ( 'NONE',  ( 34.03697548106878656, 50.30010541897469523, 94.02467441770950529 ) ) ;
#1783 = AXIS2_PLACEMENT_3D ( 'NONE', #1610, #287, #770 ) ;
#1784 = ORIENTED_EDGE ( 'NONE', *, *, #1419, .F. ) ;
#1785 = CYLINDRICAL_SURFACE ( 'NONE', #1404, 99.99999999999997158 ) ;
#1786 = EDGE_CURVE ( 'NONE', #1062, #453, #1227, .T. ) ;
#1787 = CARTESIAN_POINT ( 'NONE',  ( 27.50000000000000711, 69.99999999999998579, 74.99999999999997158 ) ) ;
#1788 = CARTESIAN_POINT ( 'NONE',  ( 40.83362820847018071, 44.03349449994143328, 112.8390641171661457 ) ) ;
#1789 = CARTESIAN_POINT ( 'NONE',  ( -31.79989208577528714, 49.04085666933563203, -94.80916307504615759 ) ) ;
#1790 = CARTESIAN_POINT ( 'NONE',  ( 107.4999999999999858, 114.9999999999999858, 1.347111479062088365E-14 ) ) ;
#1791 = ADVANCED_FACE ( 'NONE', ( #1214 ), #1377, .F. ) ;
#1792 = LINE ( 'NONE', #745, #296 ) ;
#1793 = EDGE_LOOP ( 'NONE', ( #131, #463, #1454, #838 ) ) ;
#1794 = CARTESIAN_POINT ( 'NONE',  ( 36.59444061206510668, 44.81797399038894980, 93.06379701319278297 ) ) ;
#1795 = VERTEX_POINT ( 'NONE', #1095 ) ;
#1796 = CARTESIAN_POINT ( 'NONE',  ( 31.71103733112806111, 48.91582137550436471, 94.83890180273495218 ) ) ;
#1797 = DIRECTION ( 'NONE',  ( 1.000000000000000000, 0.000000000000000000, 0.000000000000000000 ) ) ;
#1798 = CARTESIAN_POINT ( 'NONE',  ( 27.50000000000000711, 64.99999999999998579, 64.37196594791863902 ) ) ;
#1799 = FACE_OUTER_BOUND ( 'NONE', #36, .T. ) ;
#1800 = CARTESIAN_POINT ( 'NONE',  ( 31.28001287337540148, 79.99999999999998579, -94.98189719436784628 ) ) ;
#1801 = VERTEX_POINT ( 'NONE', #203 ) ;
#1802 = CARTESIAN_POINT ( 'NONE',  ( 31.29353720940260430, 45.93437338135811387, 94.97747820235865390 ) ) ;
#1803 = ORIENTED_EDGE ( 'NONE', *, *, #1310, .T. ) ;
#1804 = CARTESIAN_POINT ( 'NONE',  ( -37.30412880111273921, 47.62806216066848464, -92.78147709030474743 ) ) ;
#1805 = B_SPLINE_CURVE_WITH_KNOTS ( 'NONE', 3,
 ( #1733, #255, #1457, #109, #410, #1430, #1873, #270, #696, #1613, #262, #279, #1909, #1898 ),
 .UNSPECIFIED., .F., .F.,
 ( 4, 2, 2, 2, 2, 2, 4 ),
 ( 0.01409062719173026848, 0.01456019431299604774, 0.01502976143426182874, 0.01596889567679336472, 0.01643846279805911970, 0.01690802991932487120, 0.01784716416185637769 ),
 .UNSPECIFIED. ) ;
#1806 = AXIS2_PLACEMENT_3D ( 'NONE', #210, #1837, #343 ) ;
#1807 = DIRECTION ( 'NONE',  ( 1.964323100245543344E-18, -1.000000000000000000, -0.000000000000000000 ) ) ;
#1808 = CARTESIAN_POINT ( 'NONE',  ( 27.49999999999999289, 69.99999999999998579, -53.32682251925381678 ) ) ;
#1809 = CARTESIAN_POINT ( 'NONE',  ( -27.50000000000001421, 59.99999999999999289, -75.00000000000002842 ) ) ;
#1810 = EDGE_LOOP ( 'NONE', ( #42, #1145, #365, #1832, #1359, #382 ) ) ;
#1811 = CARTESIAN_POINT ( 'NONE',  ( 37.38186857266931185, 49.48618036694137601, 114.0290277013275499 ) ) ;
#1812 = AXIS2_PLACEMENT_3D ( 'NONE', #399, #336, #251 ) ;
#1813 = EDGE_LOOP ( 'NONE', ( #674, #198 ) ) ;
#1814 = VECTOR ( 'NONE', #791, 1000.000000000000114 ) ;
#1815 = CARTESIAN_POINT ( 'NONE',  ( 36.31523112670183195, 79.00000000000002842, -114.3730911893799487 ) ) ;
#1816 = CIRCLE ( 'NONE', #761, 59.99999999999996447 ) ;
#1817 = CARTESIAN_POINT ( 'NONE',  ( -38.64326653270799738, 50.19502168785874829, -113.6078455581616993 ) ) ;
#1818 = CARTESIAN_POINT ( 'NONE',  ( 36.63456846256337229, 45.53553149301394853, 114.2712356783757315 ) ) ;
#1819 = CARTESIAN_POINT ( 'NONE',  ( -5.892969300736627876E-17, 29.99999999999999289, 0.000000000000000000 ) ) ;
#1820 = CARTESIAN_POINT ( 'NONE',  ( -31.54875440800128317, 45.34333230061056952, -94.89304890615468935 ) ) ;
#1821 = FACE_OUTER_BOUND ( 'NONE', #1894, .T. ) ;
#1822 = ORIENTED_EDGE ( 'NONE', *, *, #1747, .F. ) ;
#1823 = SURFACE_SIDE_STYLE ('',( #794 ) ) ;
#1824 = CARTESIAN_POINT ( 'NONE',  ( 38.06513809611171695, 49.96628679149278440, 113.8028350195096010 ) ) ;
#1825 = ORIENTED_EDGE ( 'NONE', *, *, #1082, .T. ) ;
#1826 = ADVANCED_FACE ( 'NONE', ( #1513 ), #1397, .F. ) ;
#1827 = DIRECTION ( 'NONE',  ( -1.000000000000000000, 0.000000000000000000, -0.000000000000000000 ) ) ;
#1828 = CARTESIAN_POINT ( 'NONE',  ( -36.63361212924218790, 48.46220607282463533, -114.2715417950621344 ) ) ;
#1829 = CARTESIAN_POINT ( 'NONE',  ( 36.33587906648267563, 46.56530358856919349, 114.3665409310722794 ) ) ;
#1830 = CARTESIAN_POINT ( 'NONE',  ( -1.276810015159603158E-16, 64.99999999999998579, 0.000000000000000000 ) ) ;
#1831 = CARTESIAN_POINT ( 'NONE',  ( -37.25812182327000244, 46.14345901137700423, -92.79996863671060225 ) ) ;
#1832 = ORIENTED_EDGE ( 'NONE', *, *, #4, .T. ) ;
#1833 = DIRECTION ( 'NONE',  ( -0.000000000000000000, 0.000000000000000000, 1.000000000000000000 ) ) ;
#1834 = CARTESIAN_POINT ( 'NONE',  ( 36.41590995158617261, 47.85587680106161912, 114.3410831489245822 ) ) ;
#1835 = VERTEX_POINT ( 'NONE', #1659 ) ;
#1836 = EDGE_CURVE ( 'NONE', #849, #347, #1816, .T. ) ;
#1837 = DIRECTION ( 'NONE',  ( -1.964323100245543344E-18, 1.000000000000000000, 0.000000000000000000 ) ) ;
#1838 = CARTESIAN_POINT ( 'NONE',  ( 99.99999999999997158, 1.964323100245543036E-16, 0.000000000000000000 ) ) ;
#1839 = CARTESIAN_POINT ( 'NONE',  ( -31.18977003854613983, 78.13761487700122643, 94.82990008106440882 ) ) ;
#1840 = CARTESIAN_POINT ( 'NONE',  ( -31.13237063349290068, 46.78440350456470043, -95.03039250018294126 ) ) ;
#1841 = ORIENTED_EDGE ( 'NONE', *, *, #216, .F. ) ;
#1842 = CARTESIAN_POINT ( 'NONE',  ( 39.65758168807351325, 50.30001898766141721, 113.2577756206656261 ) ) ;
#1843 = VERTEX_POINT ( 'NONE', #925 ) ;
#1844 = DIRECTION ( 'NONE',  ( -1.000000000000000000, 0.000000000000000000, 0.000000000000000000 ) ) ;
#1845 = CIRCLE ( 'NONE', #1442, 59.99999999999996447 ) ;
#1846 = CARTESIAN_POINT ( 'NONE',  ( -42.56503311509411702, 47.00000000000002132, -112.1972279332735383 ) ) ;
#1847 = AXIS2_PLACEMENT_3D ( 'NONE', #538, #244, #1268 ) ;
#1848 = DIRECTION ( 'NONE',  ( -1.000000000000000000, 0.000000000000000000, 0.000000000000000000 ) ) ;
#1849 = CARTESIAN_POINT ( 'NONE',  ( -27.49999999999999645, 69.99999999999998579, 53.32682251925382388 ) ) ;
#1850 = ORIENTED_EDGE ( 'NONE', *, *, #420, .T. ) ;
#1851 = EDGE_CURVE ( 'NONE', #1456, #1327, #1044, .T. ) ;
#1852 = CARTESIAN_POINT ( 'NONE',  ( 36.73117252867807991, 48.65397934939294089, 114.2402539347796164 ) ) ;
#1853 = ORIENTED_EDGE ( 'NONE', *, *, #828, .T. ) ;
#1854 = CARTESIAN_POINT ( 'NONE',  ( -69.99999999999997158, 64.99999999999998579, 0.000000000000000000 ) ) ;
#1855 = ADVANCED_FACE ( 'NONE', ( #345 ), #521, .T. ) ;
#1856 = CARTESIAN_POINT ( 'NONE',  ( -42.25001802945241991, 45.53502479933041514, -112.3162629739789935 ) ) ;
#1857 = CARTESIAN_POINT ( 'NONE',  ( -27.50000000000001066, 69.99999999999998579, -53.32682251925380967 ) ) ;
#1858 = ADVANCED_FACE ( 'NONE', ( #1533 ), #1258, .F. ) ;
#1859 =( NAMED_UNIT ( * ) SI_UNIT ( $, .STERADIAN. ) SOLID_ANGLE_UNIT ( ) );
#1860 = EDGE_CURVE ( 'NONE', #1304, #775, #1116, .T. ) ;
#1861 = CARTESIAN_POINT ( 'NONE',  ( -31.29353720939161931, 45.93437338135811387, -94.97747820236224925 ) ) ;
#1862 = EDGE_CURVE ( 'NONE', #1547, #1432, #809, .T. ) ;
#1863 = ORIENTED_EDGE ( 'NONE', *, *, #1310, .F. ) ;
#1864 = CARTESIAN_POINT ( 'NONE',  ( -32.95984708294321308, 49.99999999999998579, -94.41212040977048048 ) ) ;
#1865 = CARTESIAN_POINT ( 'NONE',  ( 37.21136037866244095, 78.13675303302133557, -92.63257832581111018 ) ) ;
#1866 = CARTESIAN_POINT ( 'NONE',  ( -35.55300385689394460, 49.99999999999998579, -93.46648552690787426 ) ) ;
#1867 = ORIENTED_EDGE ( 'NONE', *, *, #1444, .F. ) ;
#1868 = CARTESIAN_POINT ( 'NONE',  ( -41.01541537850054908, 81.86360792931951380, 112.7730821554188765 ) ) ;
#1869 = DIRECTION ( 'NONE',  ( 1.000000000000000000, 1.964323100245543344E-18, -1.387778780781445676E-16 ) ) ;
#1870 = DIRECTION ( 'NONE',  ( -1.964323100245543344E-18, 1.000000000000000000, 0.000000000000000000 ) ) ;
#1871 = CARTESIAN_POINT ( 'NONE',  ( -37.21188455860936273, 79.99999999999998579, 92.81850918645872639 ) ) ;
#1872 = VERTEX_POINT ( 'NONE', #233 ) ;
#1873 = CARTESIAN_POINT ( 'NONE',  ( 37.02416995386933962, 48.52324645932833391, 92.89370196152003700 ) ) ;
#1874 = CARTESIAN_POINT ( 'NONE',  ( -37.54238531299993298, 76.37528531415205180, 113.9763222803116633 ) ) ;
#1875 = VERTEX_POINT ( 'NONE', #1408 ) ;
#1876 = VECTOR ( 'NONE', #1395, 1000.000000000000000 ) ;
#1877 = CARTESIAN_POINT ( 'NONE',  ( -37.54731347176645784, 81.62854187853294263, 113.9746969820276661 ) ) ;
#1878 = AXIS2_PLACEMENT_3D ( 'NONE', #339, #228, #349 ) ;
#1879 = VECTOR ( 'NONE', #886, 1000.000000000000000 ) ;
#1880 = CARTESIAN_POINT ( 'NONE',  ( 37.21188455862142774, 79.99999999999998579, -92.81850918645389470 ) ) ;
#1881 = CARTESIAN_POINT ( 'NONE',  ( -39.06518450189854974, 47.00000000000002132, -124.6360569040592878 ) ) ;
#1882 = CARTESIAN_POINT ( 'NONE',  ( 40.26282670593026580, 82.19398070310532489, -113.0440152380412400 ) ) ;
#1883 = DIRECTION ( 'NONE',  ( 1.964323100245543344E-18, -1.000000000000000000, -0.000000000000000000 ) ) ;
#1884 = CARTESIAN_POINT ( 'NONE',  ( 27.50000000000000000, 64.99999999999998579, -3.180326372624146603E-15 ) ) ;
#1885 = ORIENTED_EDGE ( 'NONE', *, *, #1344, .T. ) ;
#1886 = DIRECTION ( 'NONE',  ( 1.964323100245543344E-18, -1.000000000000000000, -0.000000000000000000 ) ) ;
#1887 = CARTESIAN_POINT ( 'NONE',  ( -32.69355629231864668, 81.85966722759525283, 94.50478955071380938 ) ) ;
#1888 = VERTEX_POINT ( 'NONE', #866 ) ;
#1889 = DIRECTION ( 'NONE',  ( 1.000000000000000000, 0.000000000000000000, 0.000000000000000000 ) ) ;
#1890 = CARTESIAN_POINT ( 'NONE',  ( -38.64319527984851277, 75.80485962175262671, 113.6078736218548784 ) ) ;
#1891 = ORIENTED_EDGE ( 'NONE', *, *, #1204, .F. ) ;
#1892 = CARTESIAN_POINT ( 'NONE',  ( 42.56503311509408860, 78.78430759355060786, -112.1972279332735809 ) ) ;
#1893 = EDGE_CURVE ( 'NONE', #931, #1547, #1291, .T. ) ;
#1894 = EDGE_LOOP ( 'NONE', ( #911, #1615, #756, #239 ) ) ;
#1895 = DIRECTION ( 'NONE',  ( 1.964323100245543344E-18, -1.000000000000000000, -0.000000000000000000 ) ) ;
#1896 = DIRECTION ( 'NONE',  ( -1.964323100245543344E-18, 1.000000000000000000, 0.000000000000000000 ) ) ;
#1897 = ORIENTED_EDGE ( 'NONE', *, *, #622, .F. ) ;
#1898 = CARTESIAN_POINT ( 'NONE',  ( 35.55300385690477327, 49.99999999999998579, 93.46648552690375311 ) ) ;
#1899 = CARTESIAN_POINT ( 'NONE',  ( -36.31523112668937614, 79.00000000000002842, 114.3730911893839135 ) ) ;
#1900 = VERTEX_POINT ( 'NONE', #711 ) ;
#1901 = CARTESIAN_POINT ( 'NONE',  ( -40.26282670591793789, 82.19398070310532489, 113.0440152380456311 ) ) ;
#1902 = AXIS2_PLACEMENT_3D ( 'NONE', #658, #1530, #669 ) ;
#1903 = CONICAL_SURFACE ( 'NONE', #544, 109.9999999999999716, 0.7853981633974456145 ) ;
#1904 = DIRECTION ( 'NONE',  ( 1.387778780781445676E-16, 0.000000000000000000, 1.000000000000000000 ) ) ;
#1905 = AXIS2_PLACEMENT_3D ( 'NONE', #1089, #835, #348 ) ;
#1906 = EDGE_LOOP ( 'NONE', ( #619, #419 ) ) ;
#1907 = EDGE_CURVE ( 'NONE', #1900, #1372, #1745, .T. ) ;
#1908 = CIRCLE ( 'NONE', #514, 109.9999999999999716 ) ;
#1909 = CARTESIAN_POINT ( 'NONE',  ( 35.82304392386737391, 49.86828569646016263, 93.36376704457160258 ) ) ;
#1910 = CARTESIAN_POINT ( 'NONE',  ( -42.40647110920983920, 77.93608494750407090, 112.2572855626906545 ) ) ;
#1911 = VERTEX_POINT ( 'NONE', #568 ) ;
#1912 = CYLINDRICAL_SURFACE ( 'NONE', #1592, 3.299999999999986056 ) ;
#1913 = EDGE_CURVE ( 'NONE', #1178, #1281, #987, .T. ) ;
ENDSEC;
END-ISO-10303-21;
