ISO-10303-21;
HEADER;
FILE_DESCRIPTION (( 'STEP AP214' ),
    '1' );
FILE_NAME ('AroMotoresPh.STEP',
    '2026-09-17T22:07:16',
    ( '' ),
    ( '' ),
    'SwSTEP 2.0',
    'SolidWorks 2026',
    '' );
FILE_SCHEMA (( 'AUTOMOTIVE_DESIGN' ));
ENDSEC;

DATA;
#1 = EDGE_LOOP ( 'NONE', ( #1435, #4174, #3065, #2473 ) ) ;
#2 = VERTEX_POINT ( 'NONE', #1601 ) ;
#3 = EDGE_LOOP ( 'NONE', ( #2920, #1098, #3586, #1088 ) ) ;
#4 = AXIS2_PLACEMENT_3D ( 'NONE', #3781, #2119, #459 ) ;
#5 = DIRECTION ( 'NONE',  ( -0.000000000000000000, 1.000000000000000000, -0.000000000000000000 ) ) ;
#6 = DIRECTION ( 'NONE',  ( 0.000000000000000000, 0.000000000000000000, -1.000000000000000000 ) ) ;
#7 = DIRECTION ( 'NONE',  ( -0.000000000000000000, -1.000000000000000000, 0.000000000000000000 ) ) ;
#8 = VECTOR ( 'NONE', #3121, 1000.000000000000227 ) ;
#9 = ORIENTED_EDGE ( 'NONE', *, *, #2940, .T. ) ;
#10 = AXIS2_PLACEMENT_3D ( 'NONE', #2126, #2454, #2785 ) ;
#11 = CARTESIAN_POINT ( 'NONE',  ( -40.38862950528535123, 21.80488557531068494, -113.5299660362365870 ) ) ;
#12 = AXIS2_PLACEMENT_3D ( 'NONE', #3510, #513, #1845 ) ;
#13 = CARTESIAN_POINT ( 'NONE',  ( 0.000000000000000000, 10.00000000000000000, 0.000000000000000000 ) ) ;
#14 = DIRECTION ( 'NONE',  ( 0.000000000000000000, 0.000000000000000000, 1.000000000000000000 ) ) ;
#15 = ORIENTED_EDGE ( 'NONE', *, *, #2566, .F. ) ;
#16 = VECTOR ( 'NONE', #1701, 999.9999999999998863 ) ;
#17 = CIRCLE ( 'NONE', #364, 195.5000000000000000 ) ;
#18 = ORIENTED_EDGE ( 'NONE', *, *, #4169, .T. ) ;
#19 = CARTESIAN_POINT ( 'NONE',  ( -14.99999999999999645, 10.00000000000000000, -163.8000000000000398 ) ) ;
#20 = EDGE_CURVE ( 'NONE', #236, #1024, #1560, .T. ) ;
#21 = AXIS2_PLACEMENT_3D ( 'NONE', #2345, #352, #380 ) ;
#22 = DIRECTION ( 'NONE',  ( -0.000000000000000000, -1.000000000000000000, -0.000000000000000000 ) ) ;
#23 = VECTOR ( 'NONE', #689, 1000.000000000000000 ) ;
#24 = FACE_OUTER_BOUND ( 'NONE', #2715, .T. ) ;
#25 = ORIENTED_EDGE ( 'NONE', *, *, #1889, .F. ) ;
#26 = VECTOR ( 'NONE', #3029, 1000.000000000000114 ) ;
#27 = ADVANCED_FACE ( 'NONE', ( #2913, #2607, #1255, #1189, #2846, #2516 ), #922, .F. ) ;
#28 = LINE ( 'NONE', #3300, #229 ) ;
#29 = EDGE_CURVE ( 'NONE', #2, #744, #540, .T. ) ;
#30 = CARTESIAN_POINT ( 'NONE',  ( 0.000000000000000000, 0.000000000000000000, 0.000000000000000000 ) ) ;
#31 = ORIENTED_EDGE ( 'NONE', *, *, #1389, .T. ) ;
#32 = ORIENTED_EDGE ( 'NONE', *, *, #3309, .T. ) ;
#33 = EDGE_CURVE ( 'NONE', #1782, #3631, #1174, .T. ) ;
#34 = DIRECTION ( 'NONE',  ( 0.000000000000000000, 0.000000000000000000, 1.000000000000000000 ) ) ;
#35 = CARTESIAN_POINT ( 'NONE',  ( 97.75000000000022737, 81.99999999999998579, -169.3079664398576654 ) ) ;
#36 = DIRECTION ( 'NONE',  ( 0.000000000000000000, 0.000000000000000000, 1.000000000000000000 ) ) ;
#37 = EDGE_LOOP ( 'NONE', ( #3627, #4309, #3756, #2357 ) ) ;
#38 = DIRECTION ( 'NONE',  ( -0.000000000000000000, -1.000000000000000000, -0.000000000000000000 ) ) ;
#39 = PLANE ( 'NONE',  #3443 ) ;
#40 = CARTESIAN_POINT ( 'NONE',  ( -37.09104853643975730, 27.01507774115750138, -114.6495464203221104 ) ) ;
#41 = VERTEX_POINT ( 'NONE', #594 ) ;
#42 = EDGE_LOOP ( 'NONE', ( #522, #9, #3460, #1843 ) ) ;
#43 = CARTESIAN_POINT ( 'NONE',  ( 59.12955738187336863, 76.99999999999998579, -143.8191414375143040 ) ) ;
#44 = DIRECTION ( 'NONE',  ( 0.000000000000000000, 0.000000000000000000, -1.000000000000000000 ) ) ;
#45 = DIRECTION ( 'NONE',  ( 0.000000000000000000, 0.000000000000000000, -1.000000000000000000 ) ) ;
#46 = VERTEX_POINT ( 'NONE', #1581 ) ;
#47 = EDGE_CURVE ( 'NONE', #2316, #1678, #126, .T. ) ;
#48 = DIRECTION ( 'NONE',  ( 0.000000000000000000, 1.000000000000000000, 0.000000000000000000 ) ) ;
#49 = DIRECTION ( 'NONE',  ( 0.000000000000000000, 0.000000000000000000, -1.000000000000000000 ) ) ;
#50 = ORIENTED_EDGE ( 'NONE', *, *, #937, .F. ) ;
#51 = ORIENTED_EDGE ( 'NONE', *, *, #1278, .F. ) ;
#52 = EDGE_CURVE ( 'NONE', #1297, #2484, #2286, .T. ) ;
#53 = CARTESIAN_POINT ( 'NONE',  ( -65.71713970067902721, 10.00000000000000000, -140.9308608841989496 ) ) ;
#54 = CARTESIAN_POINT ( 'NONE',  ( 40.64091420145724243, 81.99999999999998579, -150.0951901057119073 ) ) ;
#55 = DIRECTION ( 'NONE',  ( -0.000000000000000000, -1.000000000000000000, -0.000000000000000000 ) ) ;
#56 = CARTESIAN_POINT ( 'NONE',  ( -81.98362170972610841, 81.99999999999998579, -189.3330290049538576 ) ) ;
#57 = VERTEX_POINT ( 'NONE', #3567 ) ;
#58 = EDGE_CURVE ( 'NONE', #3459, #2248, #2074, .T. ) ;
#59 = VECTOR ( 'NONE', #116, 1000.000000000000000 ) ;
#60 = LINE ( 'NONE', #1016, #1753 ) ;
#61 = CARTESIAN_POINT ( 'NONE',  ( -14.99999999999999645, 5.000000000000000000, -148.8000000000000114 ) ) ;
#62 = DIRECTION ( 'NONE',  ( -0.000000000000000000, -1.000000000000000000, -0.000000000000000000 ) ) ;
#63 = AXIS2_PLACEMENT_3D ( 'NONE', #3561, #1853, #2862 ) ;
#64 = EDGE_LOOP ( 'NONE', ( #635, #650, #2095, #4284 ) ) ;
#65 = ORIENTED_EDGE ( 'NONE', *, *, #3600, .T. ) ;
#66 = DIRECTION ( 'NONE',  ( 0.000000000000000000, 0.000000000000000000, -1.000000000000000000 ) ) ;
#67 = CIRCLE ( 'NONE', #4047, 2.000000000000001776 ) ;
#68 = CARTESIAN_POINT ( 'NONE',  ( 0.000000000000000000, 81.99999999999998579, 0.000000000000000000 ) ) ;
#69 = ORIENTED_EDGE ( 'NONE', *, *, #2156, .F. ) ;
#70 = CARTESIAN_POINT ( 'NONE',  ( -73.60711329313414808, 81.99999999999998579, -188.2210007918386623 ) ) ;
#71 = CARTESIAN_POINT ( 'NONE',  ( -33.65635996737514546, 10.00000000000000000, -151.8140291071496506 ) ) ;
#72 = ORIENTED_EDGE ( 'NONE', *, *, #1122, .F. ) ;
#73 = FACE_BOUND ( 'NONE', #518, .T. ) ;
#74 = DIRECTION ( 'NONE',  ( -0.000000000000000000, -1.000000000000000000, -0.000000000000000000 ) ) ;
#75 = DIRECTION ( 'NONE',  ( 0.000000000000000000, -1.000000000000000000, 0.000000000000000000 ) ) ;
#76 = EDGE_CURVE ( 'NONE', #3723, #1256, #4230, .T. ) ;
#77 = EDGE_LOOP ( 'NONE', ( #2651, #882, #15, #2592 ) ) ;
#78 = AXIS2_PLACEMENT_3D ( 'NONE', #3145, #3186, #2443 ) ;
#79 = DIRECTION ( 'NONE',  ( 0.000000000000000000, 1.000000000000000000, 0.000000000000000000 ) ) ;
#80 = CARTESIAN_POINT ( 'NONE',  ( 0.000000000000000000, 20.00000000000000355, -140.5000000000000000 ) ) ;
#81 = EDGE_CURVE ( 'NONE', #4106, #1855, #4267, .T. ) ;
#82 = VECTOR ( 'NONE', #4258, 1000.000000000000114 ) ;
#83 = CARTESIAN_POINT ( 'NONE',  ( -14.99999999999999645, 5.000000000000000000, -152.2250000000000227 ) ) ;
#84 = ORIENTED_EDGE ( 'NONE', *, *, #76, .F. ) ;
#85 = EDGE_LOOP ( 'NONE', ( #1798, #1065, #496, #863 ) ) ;
#86 = AXIS2_PLACEMENT_3D ( 'NONE', #1344, #2675, #1011 ) ;
#87 = CARTESIAN_POINT ( 'NONE',  ( 40.79027434016096265, 54.03230181186279424, -123.9614581031369482 ) ) ;
#88 = CARTESIAN_POINT ( 'NONE',  ( -40.14954838551826555, 72.00000000000000000, -181.1029093207476706 ) ) ;
#89 = DIRECTION ( 'NONE',  ( 0.000000000000000000, 1.000000000000000000, 0.000000000000000000 ) ) ;
#90 = AXIS2_PLACEMENT_3D ( 'NONE', #3080, #1769, #3106 ) ;
#91 = AXIS2_PLACEMENT_3D ( 'NONE', #1295, #2358, #2953 ) ;
#92 = ORIENTED_EDGE ( 'NONE', *, *, #1627, .F. ) ;
#93 = PRODUCT_DEFINITION_FORMATION_WITH_SPECIFIED_SOURCE ( 'ANY', '', #3501, .NOT_KNOWN. ) ;
#94 = VECTOR ( 'NONE', #2063, 1000.000000000000000 ) ;
#95 = DIRECTION ( 'NONE',  ( 0.000000000000000000, 0.000000000000000000, 1.000000000000000000 ) ) ;
#96 = CYLINDRICAL_SURFACE ( 'NONE', #2497, 170.5000000000000568 ) ;
#97 = ORIENTED_EDGE ( 'NONE', *, *, #498, .F. ) ;
#98 = AXIS2_PLACEMENT_3D ( 'NONE', #4017, #1013, #381 ) ;
#99 = EDGE_LOOP ( 'NONE', ( #1504, #2864, #387, #2790 ) ) ;
#100 = CARTESIAN_POINT ( 'NONE',  ( -14.99999999999999645, 10.00000000000000000, -148.8000000000000114 ) ) ;
#101 = LINE ( 'NONE', #1032, #2531 ) ;
#102 = DIRECTION ( 'NONE',  ( 0.000000000000000000, 1.000000000000000000, 0.000000000000000000 ) ) ;
#103 = EDGE_LOOP ( 'NONE', ( #2709, #230, #1950, #2915 ) ) ;
#104 = EDGE_CURVE ( 'NONE', #1914, #812, #267, .T. ) ;
#105 = FILL_AREA_STYLE ('',( #3420 ) ) ;
#106 = CARTESIAN_POINT ( 'NONE',  ( 42.25273972865242200, 56.99999999999999289, -123.7819540552210071 ) ) ;
#107 = CARTESIAN_POINT ( 'NONE',  ( 15.00000000000000355, 5.000000000000000000, -167.2000000000000455 ) ) ;
#108 = ORIENTED_EDGE ( 'NONE', *, *, #114, .T. ) ;
#109 = EDGE_CURVE ( 'NONE', #992, #1987, #3504, .T. ) ;
#110 = CARTESIAN_POINT ( 'NONE',  ( 41.77004347420055552, 53.72070852741345703, -123.6347804636745309 ) ) ;
#111 = FACE_OUTER_BOUND ( 'NONE', #2810, .T. ) ;
#112 = LINE ( 'NONE', #3059, #1738 ) ;
#113 = ORIENTED_EDGE ( 'NONE', *, *, #3814, .T. ) ;
#114 = EDGE_CURVE ( 'NONE', #2786, #1567, #1234, .T. ) ;
#115 = LINE ( 'NONE', #3041, #2880 ) ;
#116 = DIRECTION ( 'NONE',  ( 0.5000000000000013323, 0.000000000000000000, 0.8660254037844379305 ) ) ;
#117 = ORIENTED_EDGE ( 'NONE', *, *, #2156, .T. ) ;
#118 = EDGE_LOOP ( 'NONE', ( #591, #2698, #2623, #2934 ) ) ;
#119 = CARTESIAN_POINT ( 'NONE',  ( 40.39264741451340512, 53.80601742882049621, -113.5285366301290964 ) ) ;
#120 = DIRECTION ( 'NONE',  ( -0.000000000000000000, -1.000000000000000000, -0.000000000000000000 ) ) ;
#121 = CARTESIAN_POINT ( 'NONE',  ( -52.39463284441563218, 10.00000000000000178, -154.3496111077021737 ) ) ;
#122 = VERTEX_POINT ( 'NONE', #509 ) ;
#123 = CYLINDRICAL_SURFACE ( 'NONE', #155, 155.5000000000000284 ) ;
#124 = DIRECTION ( 'NONE',  ( 0.000000000000000000, -1.000000000000000000, 0.000000000000000000 ) ) ;
#125 = EDGE_LOOP ( 'NONE', ( #1877, #842, #2360, #3412 ) ) ;
#126 = CIRCLE ( 'NONE', #890, 1.700000000000007061 ) ;
#127 = DIRECTION ( 'NONE',  ( 0.000000000000000000, 0.000000000000000000, -1.000000000000000000 ) ) ;
#128 = DIRECTION ( 'NONE',  ( 0.4226182617407016617, 0.000000000000000000, 0.9063077870366488265 ) ) ;
#129 = AXIS2_PLACEMENT_3D ( 'NONE', #3237, #2841, #1900 ) ;
#130 = DIRECTION ( 'NONE',  ( -0.2164396139381030426, 0.000000000000000000, 0.9762960071199333623 ) ) ;
#131 = ADVANCED_FACE ( 'NONE', ( #1215 ), #3545, .F. ) ;
#132 = EDGE_LOOP ( 'NONE', ( #3479, #1919, #2762, #407 ) ) ;
#133 = DIRECTION ( 'NONE',  ( 0.4226182617407016617, 0.000000000000000000, 0.9063077870366489375 ) ) ;
#134 = CARTESIAN_POINT ( 'NONE',  ( 42.69510015324293306, 57.21568977605779338, -112.6826447280350152 ) ) ;
#135 = DIRECTION ( 'NONE',  ( -0.000000000000000000, -1.000000000000000000, -0.000000000000000000 ) ) ;
#136 = EDGE_CURVE ( 'NONE', #1024, #3804, #2848, .T. ) ;
#137 = VECTOR ( 'NONE', #4206, 1000.000000000000000 ) ;
#138 = ORIENTED_EDGE ( 'NONE', *, *, #475, .F. ) ;
#139 = EDGE_LOOP ( 'NONE', ( #2703, #1126, #2294, #3523 ) ) ;
#140 = DIRECTION ( 'NONE',  ( 0.000000000000000000, -1.000000000000000000, 0.000000000000000000 ) ) ;
#141 = DIRECTION ( 'NONE',  ( -0.2164396139381017103, 0.000000000000000000, 0.9762960071199335843 ) ) ;
#142 = CARTESIAN_POINT ( 'NONE',  ( 33.65635996737503888, 72.00000000000000000, -151.8140291071497074 ) ) ;
#143 = ORIENTED_EDGE ( 'NONE', *, *, #1355, .F. ) ;
#144 = CARTESIAN_POINT ( 'NONE',  ( -18.33893000691735864, 72.00000000000000000, -139.2980030230203283 ) ) ;
#145 = DIRECTION ( 'NONE',  ( 0.000000000000000000, 1.000000000000000000, -0.000000000000000000 ) ) ;
#146 = EDGE_LOOP ( 'NONE', ( #2671, #2580, #3455, #791 ) ) ;
#147 = DIRECTION ( 'NONE',  ( -0.000000000000000000, 1.000000000000000000, -0.000000000000000000 ) ) ;
#148 = CIRCLE ( 'NONE', #3004, 155.5000000000000284 ) ;
#149 = CARTESIAN_POINT ( 'NONE',  ( -14.99999999999999645, 5.000000000000000000, -165.5000000000000284 ) ) ;
#150 = ORIENTED_EDGE ( 'NONE', *, *, #1538, .T. ) ;
#151 = EDGE_CURVE ( 'NONE', #898, #1359, #750, .T. ) ;
#152 = LINE ( 'NONE', #53, #1194 ) ;
#153 = VECTOR ( 'NONE', #652, 1000.000000000000114 ) ;
#154 = CARTESIAN_POINT ( 'NONE',  ( 0.000000000000000000, 72.00000000000000000, 0.000000000000000000 ) ) ;
#155 = AXIS2_PLACEMENT_3D ( 'NONE', #1739, #2832, #2147 ) ;
#156 = CARTESIAN_POINT ( 'NONE',  ( -78.39568755290005697, 10.00000000000000000, -168.1200944952984742 ) ) ;
#157 = ORIENTED_EDGE ( 'NONE', *, *, #3554, .F. ) ;
#158 = VERTEX_POINT ( 'NONE', #3922 ) ;
#159 = AXIS2_PLACEMENT_3D ( 'NONE', #2440, #3777, #3735 ) ;
#160 = AXIS2_PLACEMENT_3D ( 'NONE', #850, #1573, #2184 ) ;
#161 = EDGE_CURVE ( 'NONE', #1294, #2931, #1026, .T. ) ;
#162 = EDGE_CURVE ( 'NONE', #482, #3599, #2000, .T. ) ;
#163 = DIRECTION ( 'NONE',  ( 0.000000000000000000, 0.000000000000000000, 1.000000000000000000 ) ) ;
#164 = CARTESIAN_POINT ( 'NONE',  ( 0.000000000000000000, 72.00000000000000000, 0.000000000000000000 ) ) ;
#165 = DIRECTION ( 'NONE',  ( -0.000000000000000000, -1.000000000000000000, -0.000000000000000000 ) ) ;
#166 = VECTOR ( 'NONE', #55, 1000.000000000000000 ) ;
#167 = CIRCLE ( 'NONE', #720, 140.5000000000000000 ) ;
#168 = VERTEX_POINT ( 'NONE', #3695 ) ;
#169 = EDGE_CURVE ( 'NONE', #2801, #911, #821, .T. ) ;
#170 = CARTESIAN_POINT ( 'NONE',  ( 52.39463284441546875, 9.999999999999994671, -151.5996111077022590 ) ) ;
#171 = DIRECTION ( 'NONE',  ( 0.2588190451025245142, -0.000000000000000000, -0.9659258262890673130 ) ) ;
#172 = ORIENTED_EDGE ( 'NONE', *, *, #3490, .T. ) ;
#173 = CARTESIAN_POINT ( 'NONE',  ( 42.98824962693668539, 53.80589319708714413, -123.2164975738028829 ) ) ;
#174 = DIRECTION ( 'NONE',  ( -0.000000000000000000, 1.000000000000000000, -0.000000000000000000 ) ) ;
#175 = VERTEX_POINT ( 'NONE', #3630 ) ;
#176 = DIRECTION ( 'NONE',  ( 1.000000000000000000, 0.000000000000000000, -0.000000000000000000 ) ) ;
#177 = DIRECTION ( 'NONE',  ( 0.000000000000000000, 0.000000000000000000, 1.000000000000000000 ) ) ;
#178 = DIRECTION ( 'NONE',  ( 0.000000000000000000, -1.000000000000000000, 0.000000000000000000 ) ) ;
#179 = EDGE_CURVE ( 'NONE', #1670, #2585, #537, .T. ) ;
#180 = ORIENTED_EDGE ( 'NONE', *, *, #1764, .T. ) ;
#181 = EDGE_LOOP ( 'NONE', ( #3787, #3151, #3279, #848 ) ) ;
#182 = DIRECTION ( 'NONE',  ( -0.000000000000000000, -1.000000000000000000, -0.000000000000000000 ) ) ;
#183 = DIRECTION ( 'NONE',  ( 0.000000000000000000, 1.000000000000000000, 0.000000000000000000 ) ) ;
#184 = CARTESIAN_POINT ( 'NONE',  ( 0.000000000000000000, 81.99999999999998579, 0.000000000000000000 ) ) ;
#185 = CARTESIAN_POINT ( 'NONE',  ( 0.000000000000000000, 72.00000000000000000, 0.000000000000000000 ) ) ;
#186 = EDGE_CURVE ( 'NONE', #2608, #3185, #2359, .T. ) ;
#187 = EDGE_LOOP ( 'NONE', ( #2870, #3991, #1218, #714 ) ) ;
#188 = DIRECTION ( 'NONE',  ( 0.000000000000000000, 0.000000000000000000, -1.000000000000000000 ) ) ;
#189 = FACE_OUTER_BOUND ( 'NONE', #504, .T. ) ;
#190 = EDGE_CURVE ( 'NONE', #1817, #1923, #1681, .T. ) ;
#191 = ORIENTED_EDGE ( 'NONE', *, *, #2584, .F. ) ;
#192 = LINE ( 'NONE', #535, #2804 ) ;
#193 = CARTESIAN_POINT ( 'NONE',  ( 52.39463284441546875, 81.99999999999998579, -154.3496111077022306 ) ) ;
#194 = EDGE_LOOP ( 'NONE', ( #431, #2978, #4067, #2657 ) ) ;
#195 = CARTESIAN_POINT ( 'NONE',  ( -45.02648131759499961, 5.000000000000004441, -164.4471525449933722 ) ) ;
#196 = LINE ( 'NONE', #2136, #3934 ) ;
#197 = DIRECTION ( 'NONE',  ( 0.000000000000000000, 0.000000000000000000, -1.000000000000000000 ) ) ;
#198 = ORIENTED_EDGE ( 'NONE', *, *, #974, .T. ) ;
#199 = EDGE_LOOP ( 'NONE', ( #1747, #3465, #2564, #462 ) ) ;
#200 = FACE_OUTER_BOUND ( 'NONE', #551, .T. ) ;
#201 = DIRECTION ( 'NONE',  ( 0.000000000000000000, 0.000000000000000000, 1.000000000000000000 ) ) ;
#202 = DIRECTION ( 'NONE',  ( -0.4226182617407012732, -0.000000000000000000, 0.9063077870366490485 ) ) ;
#203 = DIRECTION ( 'NONE',  ( 0.000000000000000000, 0.000000000000000000, -1.000000000000000000 ) ) ;
#204 = ORIENTED_EDGE ( 'NONE', *, *, #3902, .T. ) ;
#205 = CIRCLE ( 'NONE', #3766, 155.5000000000000284 ) ;
#206 = EDGE_CURVE ( 'NONE', #749, #2002, #1296, .T. ) ;
#207 = CARTESIAN_POINT ( 'NONE',  ( 72.05641362678947814, 10.00000000000000000, -154.5254776897487830 ) ) ;
#208 = CARTESIAN_POINT ( 'NONE',  ( 52.39463284441546875, 72.00000000000000000, -154.3496111077022306 ) ) ;
#209 = DIRECTION ( 'NONE',  ( 0.000000000000000000, 0.000000000000000000, 1.000000000000000000 ) ) ;
#210 = VERTEX_POINT ( 'NONE', #634 ) ;
#211 = ADVANCED_FACE ( 'NONE', ( #1945 ), #4324, .T. ) ;
#212 = EDGE_CURVE ( 'NONE', #3060, #658, #3058, .T. ) ;
#213 = CARTESIAN_POINT ( 'NONE',  ( -97.75000000000027001, 72.00000000000000000, -169.3079664398576369 ) ) ;
#214 = DIRECTION ( 'NONE',  ( 0.000000000000000000, 0.000000000000000000, -1.000000000000000000 ) ) ;
#215 = ORIENTED_EDGE ( 'NONE', *, *, #397, .T. ) ;
#216 = VECTOR ( 'NONE', #1936, 1000.000000000000000 ) ;
#217 = CARTESIAN_POINT ( 'NONE',  ( 0.000000000000000000, 0.000000000000000000, 0.000000000000000000 ) ) ;
#218 = CARTESIAN_POINT ( 'NONE',  ( -40.14954838551826555, 72.00000000000000000, -181.1029093207476706 ) ) ;
#219 = FACE_OUTER_BOUND ( 'NONE', #2626, .T. ) ;
#220 = AXIS2_PLACEMENT_3D ( 'NONE', #2550, #1568, #888 ) ;
#221 = ORIENTED_EDGE ( 'NONE', *, *, #766, .T. ) ;
#222 = EDGE_LOOP ( 'NONE', ( #4239, #4125, #3322, #864 ) ) ;
#223 = AXIS2_PLACEMENT_3D ( 'NONE', #3699, #987, #3634 ) ;
#224 = CARTESIAN_POINT ( 'NONE',  ( -44.08233162658264348, 22.37672785318546431, -122.8292748875902447 ) ) ;
#225 = DIRECTION ( 'NONE',  ( 1.000000000000000000, 0.000000000000000000, 0.000000000000000000 ) ) ;
#226 = ORIENTED_EDGE ( 'NONE', *, *, #2932, .F. ) ;
#227 = CARTESIAN_POINT ( 'NONE',  ( 65.71713970067897037, 10.00000000000000000, -140.9308608841990065 ) ) ;
#228 = AXIS2_PLACEMENT_3D ( 'NONE', #1421, #2755, #4091 ) ;
#229 = VECTOR ( 'NONE', #2970, 1000.000000000000000 ) ;
#230 = ORIENTED_EDGE ( 'NONE', *, *, #3703, .F. ) ;
#231 = AXIS2_PLACEMENT_3D ( 'NONE', #836, #2190, #201 ) ;
#232 = CARTESIAN_POINT ( 'NONE',  ( 60.25000000000011369, 0.000000000000000000, -104.3560611560247793 ) ) ;
#233 = CIRCLE ( 'NONE', #2672, 10.00000000000000888 ) ;
#234 = DIRECTION ( 'NONE',  ( -0.000000000000000000, -1.000000000000000000, -0.000000000000000000 ) ) ;
#235 = CARTESIAN_POINT ( 'NONE',  ( 15.00000000000000355, 5.000000000000000000, -150.5000000000000284 ) ) ;
#236 = VERTEX_POINT ( 'NONE', #2030 ) ;
#237 = EDGE_CURVE ( 'NONE', #57, #691, #1028, .T. ) ;
#238 = AXIS2_PLACEMENT_3D ( 'NONE', #2899, #1606, #2919 ) ;
#239 = CARTESIAN_POINT ( 'NONE',  ( -65.71713970067904143, 81.99999999999998579, -140.9308608841989496 ) ) ;
#240 = LINE ( 'NONE', #3143, #3905 ) ;
#241 = ADVANCED_FACE ( 'NONE', ( #4010 ), #3366, .T. ) ;
#242 = ORIENTED_EDGE ( 'NONE', *, *, #1096, .T. ) ;
#243 = DIRECTION ( 'NONE',  ( 0.000000000000000000, 0.000000000000000000, -1.000000000000000000 ) ) ;
#244 = LINE ( 'NONE', #3892, #2179 ) ;
#245 = CARTESIAN_POINT ( 'NONE',  ( 0.000000000000000000, 72.00000000000000000, 0.000000000000000000 ) ) ;
#246 = EDGE_CURVE ( 'NONE', #2002, #3071, #1102, .T. ) ;
#247 = ORIENTED_EDGE ( 'NONE', *, *, #1459, .F. ) ;
#248 = EDGE_LOOP ( 'NONE', ( #1231, #4051, #3616, #943 ) ) ;
#249 = CARTESIAN_POINT ( 'NONE',  ( -45.13610683388491651, 23.93503740563365056, -122.4458606805187770 ) ) ;
#250 = PRODUCT_CONTEXT ( 'NONE', #3908, 'mechanical' ) ;
#251 = DIRECTION ( 'NONE',  ( 0.000000000000000000, 1.000000000000000000, 0.000000000000000000 ) ) ;
#252 = ORIENTED_EDGE ( 'NONE', *, *, #335, .T. ) ;
#253 = ORIENTED_EDGE ( 'NONE', *, *, #1811, .T. ) ;
#254 = CARTESIAN_POINT ( 'NONE',  ( -39.03543664284585191, 25.00000000000000000, -124.5250363826582714 ) ) ;
#255 = CARTESIAN_POINT ( 'NONE',  ( 40.10636931226192559, 59.48906842047344412, -124.1843488251150234 ) ) ;
#256 = PLANE ( 'NONE',  #998 ) ;
#257 = ORIENTED_EDGE ( 'NONE', *, *, #3490, .F. ) ;
#258 = DIRECTION ( 'NONE',  ( -0.000000000000000000, 1.000000000000000000, -0.000000000000000000 ) ) ;
#259 = CARTESIAN_POINT ( 'NONE',  ( -42.67493421078715699, 25.43302697826884540, -112.6902913920583984 ) ) ;
#260 = ORIENTED_EDGE ( 'NONE', *, *, #827, .T. ) ;
#261 = CARTESIAN_POINT ( 'NONE',  ( 0.000000000000000000, 72.00000000000000000, -195.5000000000000284 ) ) ;
#262 = EDGE_CURVE ( 'NONE', #3239, #1445, #3321, .T. ) ;
#263 = FACE_OUTER_BOUND ( 'NONE', #1655, .T. ) ;
#264 = EDGE_LOOP ( 'NONE', ( #2173, #3044, #760, #350 ) ) ;
#265 = EDGE_CURVE ( 'NONE', #643, #957, #3543, .T. ) ;
#266 = DIRECTION ( 'NONE',  ( -0.000000000000000000, -1.000000000000000000, -0.000000000000000000 ) ) ;
#267 = LINE ( 'NONE', #3946, #3754 ) ;
#268 = VERTEX_POINT ( 'NONE', #2005 ) ;
#269 = CIRCLE ( 'NONE', #2573, 155.5000000000000284 ) ;
#270 = DIRECTION ( 'NONE',  ( -0.2164396139381042916, -0.000000000000000000, -0.9762960071199330292 ) ) ;
#271 = LINE ( 'NONE', #929, #2459 ) ;
#272 = CYLINDRICAL_SURFACE ( 'NONE', #994, 140.5000000000000000 ) ;
#273 = EDGE_LOOP ( 'NONE', ( #3608, #2647, #4269, #2835 ) ) ;
#274 = CARTESIAN_POINT ( 'NONE',  ( 0.000000000000000000, 0.000000000000000000, 0.000000000000000000 ) ) ;
#275 = FACE_OUTER_BOUND ( 'NONE', #4012, .T. ) ;
#276 = VERTEX_POINT ( 'NONE', #3342 ) ;
#277 = CARTESIAN_POINT ( 'NONE',  ( 0.000000000000000000, 10.00000000000000000, 0.000000000000000000 ) ) ;
#278 = CARTESIAN_POINT ( 'NONE',  ( -73.60711329313414808, 72.00000000000000000, -188.2210007918386623 ) ) ;
#279 = AXIS2_PLACEMENT_3D ( 'NONE', #277, #1920, #1550 ) ;
#280 = EDGE_LOOP ( 'NONE', ( #2780, #1008, #3836, #2448 ) ) ;
#281 = ADVANCED_FACE ( 'NONE', ( #327 ), #307, .T. ) ;
#282 = CARTESIAN_POINT ( 'NONE',  ( 52.39463284441546875, 81.99999999999998579, -154.3496111077022306 ) ) ;
#283 = VECTOR ( 'NONE', #3398, 1000.000000000000114 ) ;
#284 = CARTESIAN_POINT ( 'NONE',  ( 20.29682289021804920, 72.00000000000000000, -154.1696759436275670 ) ) ;
#285 = ORIENTED_EDGE ( 'NONE', *, *, #2094, .F. ) ;
#286 = EDGE_CURVE ( 'NONE', #3708, #1926, #3965, .T. ) ;
#287 = EDGE_CURVE ( 'NONE', #2585, #4304, #3278, .T. ) ;
#288 = VECTOR ( 'NONE', #2935, 1000.000000000000000 ) ;
#289 = CARTESIAN_POINT ( 'NONE',  ( -41.36586667811316431, 28.19489475603267081, -123.7705929244912255 ) ) ;
#290 = DIRECTION ( 'NONE',  ( 0.9914448613738103822, 0.000000000000000000, 0.1305261922200517122 ) ) ;
#291 = DIRECTION ( 'NONE',  ( 0.000000000000000000, 1.000000000000000000, -0.000000000000000000 ) ) ;
#292 = AXIS2_PLACEMENT_3D ( 'NONE', #532, #3200, #2873 ) ;
#293 = CIRCLE ( 'NONE', #4202, 155.5000000000000284 ) ;
#294 = ORIENTED_EDGE ( 'NONE', *, *, #81, .T. ) ;
#295 = EDGE_CURVE ( 'NONE', #1525, #3103, #2954, .T. ) ;
#296 = VECTOR ( 'NONE', #3048, 1000.000000000000114 ) ;
#297 = CIRCLE ( 'NONE', #3998, 1.700000000000007061 ) ;
#298 = LINE ( 'NONE', #1629, #428 ) ;
#299 = DIRECTION ( 'NONE',  ( -0.000000000000000000, 1.000000000000000000, -0.000000000000000000 ) ) ;
#300 = AXIS2_PLACEMENT_3D ( 'NONE', #2724, #1740, #1646 ) ;
#301 = ORIENTED_EDGE ( 'NONE', *, *, #1986, .T. ) ;
#302 = DIRECTION ( 'NONE',  ( 0.000000000000000000, 1.000000000000000000, -0.000000000000000000 ) ) ;
#303 = DIRECTION ( 'NONE',  ( -0.000000000000000000, -1.000000000000000000, -0.000000000000000000 ) ) ;
#304 = FACE_OUTER_BOUND ( 'NONE', #1542, .T. ) ;
#305 = ORIENTED_EDGE ( 'NONE', *, *, #2507, .T. ) ;
#306 = CARTESIAN_POINT ( 'NONE',  ( 18.33893000691726982, 72.00000000000000000, -139.2980030230203567 ) ) ;
#307 = CYLINDRICAL_SURFACE ( 'NONE', #1450, 12.50000000000001066 ) ;
#308 = ADVANCED_FACE ( 'NONE', ( #3785 ), #3148, .F. ) ;
#309 = VERTEX_POINT ( 'NONE', #71 ) ;
#310 = VERTEX_POINT ( 'NONE', #763 ) ;
#311 = CARTESIAN_POINT ( 'NONE',  ( -44.97922491495283737, 26.46569620810207368, -122.5035762727996485 ) ) ;
#312 = CARTESIAN_POINT ( 'NONE',  ( 40.14954838551813765, 72.00000000000000000, -181.1029093207476990 ) ) ;
#313 = FACE_OUTER_BOUND ( 'NONE', #3303, .T. ) ;
#314 = EDGE_CURVE ( 'NONE', #3007, #4081, #1810, .T. ) ;
#315 = ORIENTED_EDGE ( 'NONE', *, *, #3173, .F. ) ;
#316 = CARTESIAN_POINT ( 'NONE',  ( -38.01459161057504588, 22.13496766410333905, -114.3467234893668660 ) ) ;
#317 = DIRECTION ( 'NONE',  ( 0.000000000000000000, 0.000000000000000000, 1.000000000000000000 ) ) ;
#318 = ADVANCED_FACE ( 'NONE', ( #1425 ), #96, .T. ) ;
#319 = CYLINDRICAL_SURFACE ( 'NONE', #967, 170.5000000000000853 ) ;
#320 = EDGE_LOOP ( 'NONE', ( #3558, #1397, #2361, #285 ) ) ;
#321 = VERTEX_POINT ( 'NONE', #3433 ) ;
#322 = CARTESIAN_POINT ( 'NONE',  ( -52.39463284441563218, 10.00000000000000178, -154.3496111077021737 ) ) ;
#323 = CARTESIAN_POINT ( 'NONE',  ( 20.29682289021804920, 72.00000000000000000, -154.1696759436275670 ) ) ;
#324 = CARTESIAN_POINT ( 'NONE',  ( 60.25000000000011369, 10.00000000000000000, -104.3560611560247793 ) ) ;
#325 = ORIENTED_EDGE ( 'NONE', *, *, #4293, .F. ) ;
#326 = CYLINDRICAL_SURFACE ( 'NONE', #2814, 2.749999999999974687 ) ;
#327 = FACE_OUTER_BOUND ( 'NONE', #64, .T. ) ;
#328 = ORIENTED_EDGE ( 'NONE', *, *, #4062, .F. ) ;
#329 = ORIENTED_EDGE ( 'NONE', *, *, #1498, .F. ) ;
#330 = CARTESIAN_POINT ( 'NONE',  ( -39.68223429764202592, 27.01514578893234741, -124.3204927658393899 ) ) ;
#331 = VECTOR ( 'NONE', #696, 1000.000000000000000 ) ;
#332 = LINE ( 'NONE', #3574, #4207 ) ;
#333 = DIRECTION ( 'NONE',  ( 0.000000000000000000, 0.000000000000000000, 1.000000000000000000 ) ) ;
#334 = ORIENTED_EDGE ( 'NONE', *, *, #1865, .F. ) ;
#335 = EDGE_CURVE ( 'NONE', #4106, #749, #1773, .T. ) ;
#336 = DIRECTION ( 'NONE',  ( -0.000000000000000000, 1.000000000000000000, -0.000000000000000000 ) ) ;
#337 = LINE ( 'NONE', #712, #4080 ) ;
#338 = AXIS2_PLACEMENT_3D ( 'NONE', #385, #62, #1395 ) ;
#339 = DIRECTION ( 'NONE',  ( 0.000000000000000000, 0.000000000000000000, -1.000000000000000000 ) ) ;
#340 = ORIENTED_EDGE ( 'NONE', *, *, #3362, .T. ) ;
#341 = VERTEX_POINT ( 'NONE', #3807 ) ;
#342 = EDGE_CURVE ( 'NONE', #3323, #1024, #2054, .T. ) ;
#343 = ADVANCED_FACE ( 'NONE', ( #725 ), #4053, .T. ) ;
#344 = CARTESIAN_POINT ( 'NONE',  ( 52.39463284441546875, 81.99999999999998579, -154.3496111077022306 ) ) ;
#345 = CARTESIAN_POINT ( 'NONE',  ( -52.39463284441563218, 45.35533905932756227, -166.8496111077022306 ) ) ;
#346 = ORIENTED_EDGE ( 'NONE', *, *, #2401, .F. ) ;
#347 = FACE_BOUND ( 'NONE', #3707, .T. ) ;
#348 = DIRECTION ( 'NONE',  ( 0.000000000000000000, 0.000000000000000000, 1.000000000000000000 ) ) ;
#349 = VERTEX_POINT ( 'NONE', #790 ) ;
#350 = ORIENTED_EDGE ( 'NONE', *, *, #1598, .F. ) ;
#351 = FACE_OUTER_BOUND ( 'NONE', #1312, .T. ) ;
#352 = DIRECTION ( 'NONE',  ( 0.000000000000000000, -1.000000000000000000, 0.000000000000000000 ) ) ;
#353 = CARTESIAN_POINT ( 'NONE',  ( -18.50000000000002132, 0.000000000000000000, -146.7500000000000284 ) ) ;
#354 = VECTOR ( 'NONE', #3819, 1000.000000000000000 ) ;
#355 = ORIENTED_EDGE ( 'NONE', *, *, #2014, .F. ) ;
#356 = CIRCLE ( 'NONE', #4150, 170.5000000000000853 ) ;
#357 = DIRECTION ( 'NONE',  ( 0.4226182617407008291, 0.000000000000000000, 0.9063077870366492705 ) ) ;
#358 = CIRCLE ( 'NONE', #1480, 2.749999999999974687 ) ;
#359 = CARTESIAN_POINT ( 'NONE',  ( 72.05641362678947814, 10.00000000000000000, -154.5254776897487830 ) ) ;
#360 = CARTESIAN_POINT ( 'NONE',  ( -41.64090188012137617, 27.48694177459503862, -113.0765610368317766 ) ) ;
#361 = EDGE_CURVE ( 'NONE', #3631, #2241, #1104, .T. ) ;
#362 = ORIENTED_EDGE ( 'NONE', *, *, #3607, .T. ) ;
#363 = VECTOR ( 'NONE', #2313, 1000.000000000000227 ) ;
#364 = AXIS2_PLACEMENT_3D ( 'NONE', #1618, #2994, #1361 ) ;
#365 = ORIENTED_EDGE ( 'NONE', *, *, #2753, .T. ) ;
#366 = CARTESIAN_POINT ( 'NONE',  ( -72.05641362678953499, 81.99999999999998579, -154.5254776897487261 ) ) ;
#367 = VECTOR ( 'NONE', #399, 1000.000000000000000 ) ;
#368 = CARTESIAN_POINT ( 'NONE',  ( -97.75000000000027001, 10.00000000000000000, -169.3079664398576654 ) ) ;
#369 = CIRCLE ( 'NONE', #2952, 2.749999999999974687 ) ;
#370 = DIRECTION ( 'NONE',  ( -0.5000000000000008882, 0.000000000000000000, 0.8660254037844381525 ) ) ;
#371 = ADVANCED_FACE ( 'NONE', ( #2380 ), #810, .T. ) ;
#372 = ORIENTED_EDGE ( 'NONE', *, *, #1464, .T. ) ;
#373 = DIRECTION ( 'NONE',  ( -0.9914448613738103822, 0.000000000000000000, 0.1305261922200524061 ) ) ;
#374 = DIRECTION ( 'NONE',  ( 0.000000000000000000, 0.000000000000000000, 1.000000000000000000 ) ) ;
#375 = EDGE_CURVE ( 'NONE', #349, #3621, #394, .T. ) ;
#376 = ORIENTED_EDGE ( 'NONE', *, *, #1640, .F. ) ;
#377 = ORIENTED_EDGE ( 'NONE', *, *, #3978, .T. ) ;
#378 = CARTESIAN_POINT ( 'NONE',  ( -20.29682289021814867, 72.00000000000000000, -154.1696759436275102 ) ) ;
#379 = CARTESIAN_POINT ( 'NONE',  ( -44.88201946669806119, 26.65823595085385733, -122.5392549332276673 ) ) ;
#380 = DIRECTION ( 'NONE',  ( 0.000000000000000000, 0.000000000000000000, -1.000000000000000000 ) ) ;
#381 = DIRECTION ( 'NONE',  ( 0.000000000000000000, 0.000000000000000000, -1.000000000000000000 ) ) ;
#382 = EDGE_LOOP ( 'NONE', ( #3563, #3534, #2826, #294, #2411, #3102, #1442, #3751, #3172, #1584 ) ) ;
#383 = CARTESIAN_POINT ( 'NONE',  ( -40.96322396748755779, 22.03323283720781234, -113.3238918170529246 ) ) ;
#384 = DIRECTION ( 'NONE',  ( 0.000000000000000000, 0.000000000000000000, -1.000000000000000000 ) ) ;
#385 = CARTESIAN_POINT ( 'NONE',  ( 0.000000000000000000, 72.00000000000000000, 0.000000000000000000 ) ) ;
#386 = ORIENTED_EDGE ( 'NONE', *, *, #2421, .F. ) ;
#387 = ORIENTED_EDGE ( 'NONE', *, *, #1200, .F. ) ;
#388 = FACE_OUTER_BOUND ( 'NONE', #248, .T. ) ;
#389 = DIRECTION ( 'NONE',  ( -0.000000000000000000, 1.000000000000000000, -0.000000000000000000 ) ) ;
#390 = DIRECTION ( 'NONE',  ( -0.000000000000000000, -1.000000000000000000, 0.000000000000000000 ) ) ;
#391 = ORIENTED_EDGE ( 'NONE', *, *, #2014, .T. ) ;
#392 = EDGE_CURVE ( 'NONE', #1042, #936, #3390, .T. ) ;
#393 = FACE_OUTER_BOUND ( 'NONE', #2656, .T. ) ;
#394 = LINE ( 'NONE', #1144, #3547 ) ;
#395 = ORIENTED_EDGE ( 'NONE', *, *, #2963, .T. ) ;
#396 = ORIENTED_EDGE ( 'NONE', *, *, #3651, .F. ) ;
#397 = EDGE_CURVE ( 'NONE', #1165, #1368, #2121, .T. ) ;
#398 = FACE_OUTER_BOUND ( 'NONE', #3985, .T. ) ;
#399 = DIRECTION ( 'NONE',  ( -1.000000000000000000, -0.000000000000000000, -0.000000000000000000 ) ) ;
#400 = DIRECTION ( 'NONE',  ( 0.000000000000000000, 0.000000000000000000, 1.000000000000000000 ) ) ;
#401 = VERTEX_POINT ( 'NONE', #1444 ) ;
#402 = AXIS2_PLACEMENT_3D ( 'NONE', #1841, #548, #3176 ) ;
#403 = CARTESIAN_POINT ( 'NONE',  ( 0.000000000000000000, 72.00000000000000000, 0.000000000000000000 ) ) ;
#404 = FACE_OUTER_BOUND ( 'NONE', #418, .T. ) ;
#405 = FACE_OUTER_BOUND ( 'NONE', #1236, .T. ) ;
#406 = AXIS2_PLACEMENT_3D ( 'NONE', #3825, #178, #197 ) ;
#407 = ORIENTED_EDGE ( 'NONE', *, *, #2616, .F. ) ;
#408 = ORIENTED_EDGE ( 'NONE', *, *, #3837, .T. ) ;
#409 = DIRECTION ( 'NONE',  ( -0.000000000000000000, 1.000000000000000000, -0.000000000000000000 ) ) ;
#410 = AXIS2_PLACEMENT_3D ( 'NONE', #1826, #845, #2178 ) ;
#411 = FACE_OUTER_BOUND ( 'NONE', #3870, .T. ) ;
#412 = FACE_OUTER_BOUND ( 'NONE', #3522, .T. ) ;
#413 = AXIS2_PLACEMENT_3D ( 'NONE', #2882, #2837, #4218 ) ;
#414 = ORIENTED_EDGE ( 'NONE', *, *, #114, .F. ) ;
#415 = CARTESIAN_POINT ( 'NONE',  ( 40.96332219111535267, 59.96669587888814590, -113.3238558450491524 ) ) ;
#416 = CARTESIAN_POINT ( 'NONE',  ( 0.000000000000000000, 72.00000000000000000, 0.000000000000000000 ) ) ;
#417 = EDGE_CURVE ( 'NONE', #3804, #3190, #1727, .T. ) ;
#418 = EDGE_LOOP ( 'NONE', ( #2739, #3167, #2070, #1508 ) ) ;
#419 = VERTEX_POINT ( 'NONE', #3130 ) ;
#420 = CARTESIAN_POINT ( 'NONE',  ( 42.67542785575462005, 56.57007522326942706, -112.6901045487240225 ) ) ;
#421 = CARTESIAN_POINT ( 'NONE',  ( 0.000000000000000000, 10.00000000000000000, 0.000000000000000000 ) ) ;
#422 = CARTESIAN_POINT ( 'NONE',  ( -64.38717422483094310, 10.00000000000000000, -157.8750828830860087 ) ) ;
#423 = EDGE_CURVE ( 'NONE', #3774, #4292, #1466, .T. ) ;
#424 = EDGE_LOOP ( 'NONE', ( #4055, #1649, #963, #2168 ) ) ;
#425 = AXIS2_PLACEMENT_3D ( 'NONE', #3605, #3273, #3871 ) ;
#426 = SURFACE_STYLE_USAGE ( .BOTH. , #1499 ) ;
#427 = DIRECTION ( 'NONE',  ( -0.9659258262890674240, 0.000000000000000000, -0.2588190451025242922 ) ) ;
#428 = VECTOR ( 'NONE', #4019, 1000.000000000000000 ) ;
#429 = CARTESIAN_POINT ( 'NONE',  ( 0.000000000000000000, 10.00000000000000000, 0.000000000000000000 ) ) ;
#430 = EDGE_CURVE ( 'NONE', #3621, #1051, #3760, .T. ) ;
#431 = ORIENTED_EDGE ( 'NONE', *, *, #392, .F. ) ;
#432 = CIRCLE ( 'NONE', #649, 185.5000000000000568 ) ;
#433 = CIRCLE ( 'NONE', #711, 2.000000000000001776 ) ;
#434 = LINE ( 'NONE', #2754, #8 ) ;
#435 = DIRECTION ( 'NONE',  ( -0.5000000000000002220, 0.000000000000000000, 0.8660254037844383745 ) ) ;
#436 = FACE_OUTER_BOUND ( 'NONE', #2506, .T. ) ;
#437 = AXIS2_PLACEMENT_3D ( 'NONE', #4083, #102, #4101 ) ;
#438 = AXIS2_PLACEMENT_3D ( 'NONE', #2667, #2605, #3944 ) ;
#439 = ORIENTED_EDGE ( 'NONE', *, *, #1196, .F. ) ;
#440 = AXIS2_PLACEMENT_3D ( 'NONE', #1429, #2386, #6 ) ;
#441 = CARTESIAN_POINT ( 'NONE',  ( 36.44477503485185821, 56.99999999999999289, -114.8565556364069096 ) ) ;
#442 = CARTESIAN_POINT ( 'NONE',  ( -52.39463284441555402, 36.64466094067258695, -154.3496111077021737 ) ) ;
#443 = VERTEX_POINT ( 'NONE', #2073 ) ;
#444 = ORIENTED_EDGE ( 'NONE', *, *, #33, .F. ) ;
#445 = ADVANCED_FACE ( 'NONE', ( #3410 ), #3086, .F. ) ;
#446 = CARTESIAN_POINT ( 'NONE',  ( 42.38138650160812659, 55.53810928649829748, -112.8010413139662944 ) ) ;
#447 = CYLINDRICAL_SURFACE ( 'NONE', #1349, 12.50000000000001066 ) ;
#448 = LINE ( 'NONE', #1735, #1479 ) ;
#449 = ORIENTED_EDGE ( 'NONE', *, *, #20, .T. ) ;
#450 = ADVANCED_FACE ( 'NONE', ( #263 ), #2908, .T. ) ;
#451 = CARTESIAN_POINT ( 'NONE',  ( 60.25000000000011369, 10.00000000000000000, -104.3560611560247793 ) ) ;
#452 = DIRECTION ( 'NONE',  ( 0.000000000000000000, -1.000000000000000000, 0.000000000000000000 ) ) ;
#453 = VERTEX_POINT ( 'NONE', #3170 ) ;
#454 = ADVANCED_FACE ( 'NONE', ( #564 ), #3210, .T. ) ;
#455 = CARTESIAN_POINT ( 'NONE',  ( 41.16802227993947838, 53.86813231905522059, -123.8365193202706820 ) ) ;
#456 = CARTESIAN_POINT ( 'NONE',  ( -52.39463284441563218, 45.35533905932756227, -154.3496111077021737 ) ) ;
#457 = DIRECTION ( 'NONE',  ( 0.000000000000000000, 0.000000000000000000, -1.000000000000000000 ) ) ;
#458 = ORIENTED_EDGE ( 'NONE', *, *, #2128, .F. ) ;
#459 = DIRECTION ( 'NONE',  ( 0.000000000000000000, 0.000000000000000000, -1.000000000000000000 ) ) ;
#460 = CARTESIAN_POINT ( 'NONE',  ( 52.39463284441546875, 0.000000000000000000, -151.5996111077022590 ) ) ;
#461 = CARTESIAN_POINT ( 'NONE',  ( 0.000000000000000000, 72.00000000000000000, -130.5000000000000000 ) ) ;
#462 = ORIENTED_EDGE ( 'NONE', *, *, #104, .F. ) ;
#463 = VERTEX_POINT ( 'NONE', #2890 ) ;
#464 = FACE_BOUND ( 'NONE', #2493, .T. ) ;
#465 = DIRECTION ( 'NONE',  ( -0.9762960071199336953, 0.000000000000000000, -0.2164396139381017381 ) ) ;
#466 = CARTESIAN_POINT ( 'NONE',  ( 0.000000000000000000, 0.000000000000000000, -195.5000000000000000 ) ) ;
#467 = ORIENTED_EDGE ( 'NONE', *, *, #262, .F. ) ;
#468 = DIRECTION ( 'NONE',  ( 0.000000000000000000, 0.000000000000000000, -1.000000000000000000 ) ) ;
#469 = DIRECTION ( 'NONE',  ( -0.000000000000000000, -1.000000000000000000, 0.000000000000000000 ) ) ;
#470 = ORIENTED_EDGE ( 'NONE', *, *, #1513, .F. ) ;
#471 = EDGE_CURVE ( 'NONE', #2974, #4106, #1937, .T. ) ;
#472 = CYLINDRICAL_SURFACE ( 'NONE', #3779, 12.50000000000001066 ) ;
#473 = AXIS2_PLACEMENT_3D ( 'NONE', #4262, #606, #1270 ) ;
#474 = CARTESIAN_POINT ( 'NONE',  ( 40.14954838551813765, 10.00000000000000000, -181.1029093207476990 ) ) ;
#475 = EDGE_CURVE ( 'NONE', #2693, #556, #3198, .T. ) ;
#476 = EDGE_CURVE ( 'NONE', #3499, #2549, #4043, .T. ) ;
#477 = ORIENTED_EDGE ( 'NONE', *, *, #2486, .T. ) ;
#478 = CARTESIAN_POINT ( 'NONE',  ( 0.000000000000000000, 10.00000000000000000, 0.000000000000000000 ) ) ;
#479 = DIRECTION ( 'NONE',  ( -0.000000000000000000, 1.000000000000000000, -0.000000000000000000 ) ) ;
#480 = DIRECTION ( 'NONE',  ( 0.000000000000000000, 0.000000000000000000, -1.000000000000000000 ) ) ;
#481 = ADVANCED_FACE ( 'NONE', ( #4177 ), #1229, .F. ) ;
#482 = VERTEX_POINT ( 'NONE', #1554 ) ;
#483 = ORIENTED_EDGE ( 'NONE', *, *, #2292, .T. ) ;
#484 = DIRECTION ( 'NONE',  ( 0.000000000000000000, -0.000000000000000000, -1.000000000000000000 ) ) ;
#485 = DIRECTION ( 'NONE',  ( 0.000000000000000000, 0.000000000000000000, 1.000000000000000000 ) ) ;
#486 = DIRECTION ( 'NONE',  ( 0.000000000000000000, -1.000000000000000000, 0.000000000000000000 ) ) ;
#487 = ORIENTED_EDGE ( 'NONE', *, *, #1731, .F. ) ;
#488 = DIRECTION ( 'NONE',  ( -0.000000000000000000, 1.000000000000000000, -0.000000000000000000 ) ) ;
#489 = DIRECTION ( 'NONE',  ( 0.000000000000000000, 1.000000000000000000, 0.000000000000000000 ) ) ;
#490 = ORIENTED_EDGE ( 'NONE', *, *, #3104, .F. ) ;
#491 = CARTESIAN_POINT ( 'NONE',  ( 40.10507299503969136, 54.51213258930412309, -124.1847672745680171 ) ) ;
#492 = CIRCLE ( 'NONE', #2938, 140.5000000000000000 ) ;
#493 = EDGE_CURVE ( 'NONE', #1372, #4122, #3757, .T. ) ;
#494 = CARTESIAN_POINT ( 'NONE',  ( 40.64091420145724953, 76.99999999999998579, -150.0951901057118789 ) ) ;
#495 = VECTOR ( 'NONE', #4278, 1000.000000000000000 ) ;
#496 = ORIENTED_EDGE ( 'NONE', *, *, #2891, .T. ) ;
#497 = DIRECTION ( 'NONE',  ( 0.2164396139381040973, -0.000000000000000000, 0.9762960071199330292 ) ) ;
#498 = EDGE_CURVE ( 'NONE', #453, #1372, #3480, .T. ) ;
#499 = VECTOR ( 'NONE', #3988, 1000.000000000000227 ) ;
#500 = DIRECTION ( 'NONE',  ( -0.2164396139381042916, 0.000000000000000000, -0.9762960071199330292 ) ) ;
#501 = AXIS2_PLACEMENT_3D ( 'NONE', #1862, #1219, #579 ) ;
#502 = CYLINDRICAL_SURFACE ( 'NONE', #4179, 155.5000000000000284 ) ;
#503 = VERTEX_POINT ( 'NONE', #1574 ) ;
#504 = EDGE_LOOP ( 'NONE', ( #3150, #3001, #2052, #1010 ) ) ;
#505 = CIRCLE ( 'NONE', #3160, 155.5000000000000284 ) ;
#506 = ADVANCED_FACE ( 'NONE', ( #219 ), #3874, .F. ) ;
#507 = DIRECTION ( 'NONE',  ( 0.000000000000000000, 0.000000000000000000, -1.000000000000000000 ) ) ;
#508 = DIRECTION ( 'NONE',  ( 0.000000000000000000, -1.000000000000000000, 0.000000000000000000 ) ) ;
#509 = CARTESIAN_POINT ( 'NONE',  ( 18.49999999999997868, 5.000000000000000000, -146.7500000000000284 ) ) ;
#510 = VECTOR ( 'NONE', #800, 1000.000000000000000 ) ;
#511 = LINE ( 'NONE', #1106, #3340 ) ;
#512 = ORIENTED_EDGE ( 'NONE', *, *, #2131, .F. ) ;
#513 = DIRECTION ( 'NONE',  ( 0.000000000000000000, 1.000000000000000000, 0.000000000000000000 ) ) ;
#514 = CARTESIAN_POINT ( 'NONE',  ( -65.25000000000018474, 61.99999999999999289, -113.0163151938691470 ) ) ;
#515 = VERTEX_POINT ( 'NONE', #2205 ) ;
#516 = CARTESIAN_POINT ( 'NONE',  ( -40.64091420145734190, 10.00000000000000000, -150.0951901057119073 ) ) ;
#517 = DIRECTION ( 'NONE',  ( 0.000000000000000000, 0.000000000000000000, -1.000000000000000000 ) ) ;
#518 = EDGE_LOOP ( 'NONE', ( #567, #3391 ) ) ;
#519 = DIRECTION ( 'NONE',  ( -0.9063077870366493816, 0.000000000000000000, 0.4226182617407008291 ) ) ;
#520 = CARTESIAN_POINT ( 'NONE',  ( 0.000000000000000000, 72.00000000000000000, 0.000000000000000000 ) ) ;
#521 = DIRECTION ( 'NONE',  ( 0.000000000000000000, -1.000000000000000000, 0.000000000000000000 ) ) ;
#522 = ORIENTED_EDGE ( 'NONE', *, *, #3848, .F. ) ;
#523 = EDGE_LOOP ( 'NONE', ( #2086, #3368, #3959, #4236 ) ) ;
#524 = EDGE_CURVE ( 'NONE', #1418, #2533, #3550, .T. ) ;
#525 = CARTESIAN_POINT ( 'NONE',  ( -43.56039426631257072, 22.03350627341278312, -123.0153714434666341 ) ) ;
#526 = LINE ( 'NONE', #3482, #3231 ) ;
#527 = CARTESIAN_POINT ( 'NONE',  ( -52.39463284441555402, 81.99999999999998579, -154.3496111077021737 ) ) ;
#528 = DIRECTION ( 'NONE',  ( 0.000000000000000000, 0.000000000000000000, -1.000000000000000000 ) ) ;
#529 = ORIENTED_EDGE ( 'NONE', *, *, #4246, .F. ) ;
#530 = ADVANCED_FACE ( 'NONE', ( #2160 ), #502, .F. ) ;
#531 = DIRECTION ( 'NONE',  ( -0.000000000000000000, 1.000000000000000000, -0.000000000000000000 ) ) ;
#532 = CARTESIAN_POINT ( 'NONE',  ( 0.000000000000000000, 72.00000000000000000, 0.000000000000000000 ) ) ;
#533 = FACE_OUTER_BOUND ( 'NONE', #2323, .T. ) ;
#534 = ORIENTED_EDGE ( 'NONE', *, *, #907, .F. ) ;
#535 = CARTESIAN_POINT ( 'NONE',  ( 33.65635996737503888, 72.00000000000000000, -151.8140291071497074 ) ) ;
#536 = CARTESIAN_POINT ( 'NONE',  ( 0.000000000000000000, 0.000000000000000000, 0.000000000000000000 ) ) ;
#537 = CIRCLE ( 'NONE', #2984, 140.5000000000000000 ) ;
#538 = ORIENTED_EDGE ( 'NONE', *, *, #2427, .F. ) ;
#539 = LINE ( 'NONE', #3252, #1127 ) ;
#540 = CIRCLE ( 'NONE', #2917, 140.5000000000000000 ) ;
#541 = DIRECTION ( 'NONE',  ( -0.000000000000000000, 1.000000000000000000, -0.000000000000000000 ) ) ;
#542 = DIRECTION ( 'NONE',  ( -0.000000000000000000, -1.000000000000000000, -0.000000000000000000 ) ) ;
#543 = ORIENTED_EDGE ( 'NONE', *, *, #3903, .F. ) ;
#544 = AXIS2_PLACEMENT_3D ( 'NONE', #278, #1358, #1595 ) ;
#545 = VERTEX_POINT ( 'NONE', #852 ) ;
#546 = CARTESIAN_POINT ( 'NONE',  ( -45.19602742454568300, 24.14483445150277419, -122.4237349739995437 ) ) ;
#547 = CIRCLE ( 'NONE', #1110, 185.5000000000000568 ) ;
#548 = DIRECTION ( 'NONE',  ( 0.2588190451025245142, -0.000000000000000000, -0.9659258262890673130 ) ) ;
#549 = EDGE_CURVE ( 'NONE', #2202, #2727, #914, .T. ) ;
#550 = DIRECTION ( 'NONE',  ( 0.8660254037844379305, 0.000000000000000000, -0.5000000000000012212 ) ) ;
#551 = EDGE_LOOP ( 'NONE', ( #3126, #3035, #1829, #2734 ) ) ;
#552 = DIRECTION ( 'NONE',  ( 0.000000000000000000, 0.000000000000000000, 1.000000000000000000 ) ) ;
#553 = CARTESIAN_POINT ( 'NONE',  ( 22.25471577351880015, 81.99999999999998579, -169.0413488642347204 ) ) ;
#554 = DIRECTION ( 'NONE',  ( 0.000000000000000000, 0.000000000000000000, -1.000000000000000000 ) ) ;
#555 = EDGE_CURVE ( 'NONE', #1007, #4186, #2146, .T. ) ;
#556 = VERTEX_POINT ( 'NONE', #2227 ) ;
#557 = CARTESIAN_POINT ( 'NONE',  ( 20.29682289021804920, 72.00000000000000000, -154.1696759436275670 ) ) ;
#558 = EDGE_CURVE ( 'NONE', #1602, #210, #2429, .T. ) ;
#559 = PLANE ( 'NONE',  #2149 ) ;
#560 = ORIENTED_EDGE ( 'NONE', *, *, #375, .F. ) ;
#561 = CIRCLE ( 'NONE', #3492, 12.50000000000001066 ) ;
#562 = DIRECTION ( 'NONE',  ( -0.000000000000000000, -1.000000000000000000, -0.000000000000000000 ) ) ;
#563 = CARTESIAN_POINT ( 'NONE',  ( 42.69510015324293306, 56.99999999999999289, -112.6826447280350010 ) ) ;
#564 = FACE_OUTER_BOUND ( 'NONE', #3131, .T. ) ;
#565 = CIRCLE ( 'NONE', #4065, 170.5000000000000853 ) ;
#566 = ORIENTED_EDGE ( 'NONE', *, *, #52, .F. ) ;
#567 = ORIENTED_EDGE ( 'NONE', *, *, #47, .T. ) ;
#568 = VECTOR ( 'NONE', #2567, 1000.000000000000000 ) ;
#569 = DIRECTION ( 'NONE',  ( 0.000000000000000000, 0.000000000000000000, -1.000000000000000000 ) ) ;
#570 = CARTESIAN_POINT ( 'NONE',  ( 20.29682289021804920, 72.00000000000000000, -154.1696759436275670 ) ) ;
#571 = CARTESIAN_POINT ( 'NONE',  ( -73.60711329313414808, 81.99999999999998579, -188.2210007918386623 ) ) ;
#572 = FACE_OUTER_BOUND ( 'NONE', #3159, .T. ) ;
#573 = AXIS2_PLACEMENT_3D ( 'NONE', #4109, #3221, #1111 ) ;
#574 = VECTOR ( 'NONE', #1552, 1000.000000000000000 ) ;
#575 = ORIENTED_EDGE ( 'NONE', *, *, #2427, .T. ) ;
#576 = ORIENTED_EDGE ( 'NONE', *, *, #3449, .F. ) ;
#577 = EDGE_CURVE ( 'NONE', #2931, #3963, #4198, .T. ) ;
#578 = AXIS2_PLACEMENT_3D ( 'NONE', #1188, #1533, #3526 ) ;
#579 = DIRECTION ( 'NONE',  ( 0.000000000000000000, 0.000000000000000000, -1.000000000000000000 ) ) ;
#580 = AXIS2_PLACEMENT_3D ( 'NONE', #3447, #489, #1500 ) ;
#581 = CARTESIAN_POINT ( 'NONE',  ( 0.000000000000000000, 72.00000000000000000, 0.000000000000000000 ) ) ;
#582 = CARTESIAN_POINT ( 'NONE',  ( 72.05641362678947814, 81.99999999999998579, -154.5254776897487830 ) ) ;
#583 = VERTEX_POINT ( 'NONE', #2491 ) ;
#584 = AXIS2_PLACEMENT_3D ( 'NONE', #3727, #7, #1664 ) ;
#585 = EDGE_CURVE ( 'NONE', #4122, #3211, #4110, .T. ) ;
#586 = CARTESIAN_POINT ( 'NONE',  ( 15.00000000000000355, 5.000000000000000000, -167.2250000000000512 ) ) ;
#587 = DIRECTION ( 'NONE',  ( 0.000000000000000000, 0.000000000000000000, 1.000000000000000000 ) ) ;
#588 = EDGE_CURVE ( 'NONE', #3973, #57, #2926, .T. ) ;
#589 = LINE ( 'NONE', #605, #216 ) ;
#590 = CARTESIAN_POINT ( 'NONE',  ( -45.02648131759496408, 76.99999999999998579, -164.4471525449933154 ) ) ;
#591 = ORIENTED_EDGE ( 'NONE', *, *, #76, .T. ) ;
#592 = EDGE_LOOP ( 'NONE', ( #1185, #3676 ) ) ;
#593 = CARTESIAN_POINT ( 'NONE',  ( -44.88409250611702106, 23.34567872328744542, -122.5384948596410197 ) ) ;
#594 = CARTESIAN_POINT ( 'NONE',  ( 15.00000000000000355, 5.025000000000002132, -167.2000000000000455 ) ) ;
#595 = ORIENTED_EDGE ( 'NONE', *, *, #4093, .F. ) ;
#596 = VERTEX_POINT ( 'NONE', #1331 ) ;
#597 = CARTESIAN_POINT ( 'NONE',  ( 0.000000000000000000, 72.00000000000000000, 0.000000000000000000 ) ) ;
#598 = CARTESIAN_POINT ( 'NONE',  ( 39.03543664284581638, 57.43649740295803952, -124.5250363826583282 ) ) ;
#599 = CARTESIAN_POINT ( 'NONE',  ( 52.39463284441546165, 10.00000000000000178, -154.3496111077022590 ) ) ;
#600 = ORIENTED_EDGE ( 'NONE', *, *, #4140, .F. ) ;
#601 = CARTESIAN_POINT ( 'NONE',  ( -14.99999999999999645, 5.025000000000002132, -152.2000000000000171 ) ) ;
#602 = CARTESIAN_POINT ( 'NONE',  ( 52.39463284441546875, 72.00000000000000000, -141.8496111077022306 ) ) ;
#603 = EDGE_CURVE ( 'NONE', #2512, #2213, #2220, .T. ) ;
#604 = EDGE_LOOP ( 'NONE', ( #3418, #3335 ) ) ;
#605 = CARTESIAN_POINT ( 'NONE',  ( -36.90295417644663445, 72.00000000000000000, -166.4584692139486606 ) ) ;
#606 = DIRECTION ( 'NONE',  ( -0.000000000000000000, 1.000000000000000000, -0.000000000000000000 ) ) ;
#607 = ADVANCED_FACE ( 'NONE', ( #304 ), #2661, .T. ) ;
#608 = ADVANCED_FACE ( 'NONE', ( #3977 ), #1634, .T. ) ;
#609 = EDGE_LOOP ( 'NONE', ( #3983, #1787, #3943, #2040 ) ) ;
#610 = CARTESIAN_POINT ( 'NONE',  ( -36.90295417644663445, 10.00000000000000000, -166.4584692139486606 ) ) ;
#611 = DIRECTION ( 'NONE',  ( 0.000000000000000000, 0.000000000000000000, -1.000000000000000000 ) ) ;
#612 = EDGE_CURVE ( 'NONE', #692, #2549, #975, .T. ) ;
#613 = AXIS2_PLACEMENT_3D ( 'NONE', #1293, #2356, #1654 ) ;
#614 = EDGE_LOOP ( 'NONE', ( #1888, #2673, #1153, #408 ) ) ;
#615 = ORIENTED_EDGE ( 'NONE', *, *, #3718, .T. ) ;
#616 = AXIS2_PLACEMENT_3D ( 'NONE', #3536, #174, #1849 ) ;
#617 = CARTESIAN_POINT ( 'NONE',  ( -41.76623803189936268, 28.27862958277981420, -123.6360625366817487 ) ) ;
#618 = CARTESIAN_POINT ( 'NONE',  ( -52.39463284441555402, 9.999999999999994671, -157.0996111077021453 ) ) ;
#619 = CYLINDRICAL_SURFACE ( 'NONE', #792, 1.700000000000007061 ) ;
#620 = CIRCLE ( 'NONE', #1184, 2.749999999999974687 ) ;
#621 = ORIENTED_EDGE ( 'NONE', *, *, #109, .T. ) ;
#622 = CARTESIAN_POINT ( 'NONE',  ( 0.000000000000000000, 81.99999999999998579, 0.000000000000000000 ) ) ;
#623 = CARTESIAN_POINT ( 'NONE',  ( 97.75000000000022737, 81.99999999999998579, -169.3079664398576654 ) ) ;
#624 = EDGE_LOOP ( 'NONE', ( #3595, #1179, #3591, #838 ) ) ;
#625 = ADVANCED_FACE ( 'NONE', ( #4005 ), #3274, .T. ) ;
#626 = CARTESIAN_POINT ( 'NONE',  ( -14.99999999999999645, 5.000000000000000000, -150.5000000000000284 ) ) ;
#627 = DIRECTION ( 'NONE',  ( -0.000000000000000000, -1.000000000000000000, -0.000000000000000000 ) ) ;
#628 = AXIS2_PLACEMENT_3D ( 'NONE', #4175, #2839, #2158 ) ;
#629 = ORIENTED_EDGE ( 'NONE', *, *, #4246, .T. ) ;
#630 = ADVANCED_FACE ( 'NONE', ( #955 ), #4283, .F. ) ;
#631 = LINE ( 'NONE', #610, #1553 ) ;
#632 = AXIS2_PLACEMENT_3D ( 'NONE', #651, #3010, #66 ) ;
#633 = APPLICATION_PROTOCOL_DEFINITION ( 'draft international standard', 'automotive_design', 1998, #3908 ) ;
#634 = CARTESIAN_POINT ( 'NONE',  ( -64.38717422483078678, 81.99999999999998579, -157.8750828830860655 ) ) ;
#635 = ORIENTED_EDGE ( 'NONE', *, *, #3868, .F. ) ;
#636 = ORIENTED_EDGE ( 'NONE', *, *, #2101, .T. ) ;
#637 = EDGE_CURVE ( 'NONE', #401, #2996, #3339, .T. ) ;
#638 = FACE_OUTER_BOUND ( 'NONE', #2552, .T. ) ;
#639 = CARTESIAN_POINT ( 'NONE',  ( 41.17131965747066857, 60.13315163170189948, -123.8354255711623040 ) ) ;
#640 = CARTESIAN_POINT ( 'NONE',  ( 15.00000000000000355, 5.000000000000000000, -152.2250000000000227 ) ) ;
#641 = VECTOR ( 'NONE', #1101, 1000.000000000000000 ) ;
#642 = VECTOR ( 'NONE', #2257, 1000.000000000000000 ) ;
#643 = VERTEX_POINT ( 'NONE', #2602 ) ;
#644 = CIRCLE ( 'NONE', #440, 120.5000000000000000 ) ;
#645 = AXIS2_PLACEMENT_3D ( 'NONE', #1228, #2555, #2840 ) ;
#646 = CARTESIAN_POINT ( 'NONE',  ( -14.99999999999999645, 5.000000000000000000, -152.2000000000000171 ) ) ;
#647 = DIRECTION ( 'NONE',  ( -0.2164396139381040973, 0.000000000000000000, -0.9762960071199330292 ) ) ;
#648 = DIRECTION ( 'NONE',  ( 1.110223024625155554E-15, 0.000000000000000000, 1.000000000000000000 ) ) ;
#649 = AXIS2_PLACEMENT_3D ( 'NONE', #2409, #3136, #1430 ) ;
#650 = ORIENTED_EDGE ( 'NONE', *, *, #3518, .T. ) ;
#651 = CARTESIAN_POINT ( 'NONE',  ( 52.39463284441546875, 9.999999999999994671, -154.3496111077022306 ) ) ;
#652 = DIRECTION ( 'NONE',  ( 0.2164396139381017103, -0.000000000000000000, -0.9762960071199335843 ) ) ;
#653 = DIRECTION ( 'NONE',  ( 0.9762960071199331402, 0.000000000000000000, -0.2164396139381041251 ) ) ;
#654 = EDGE_LOOP ( 'NONE', ( #871, #3940, #512, #3498 ) ) ;
#655 = DIRECTION ( 'NONE',  ( -0.000000000000000000, -1.000000000000000000, -0.000000000000000000 ) ) ;
#656 = CARTESIAN_POINT ( 'NONE',  ( -45.44029495540637242, 25.00000000000000000, -122.9278512063826412 ) ) ;
#657 = EDGE_CURVE ( 'NONE', #2085, #2585, #3827, .T. ) ;
#658 = VERTEX_POINT ( 'NONE', #3692 ) ;
#659 = ORIENTED_EDGE ( 'NONE', *, *, #1308, .F. ) ;
#660 = UNCERTAINTY_MEASURE_WITH_UNIT (LENGTH_MEASURE( 1.000000000000000082E-05 ), #4085, 'distance_accuracy_value', 'NONE');
#661 = CARTESIAN_POINT ( 'NONE',  ( -44.52556466445429351, 27.18385498228386510, -122.6692605154073732 ) ) ;
#662 = CARTESIAN_POINT ( 'NONE',  ( 45.29537560312243016, 57.21559249033877848, -122.3870048206592145 ) ) ;
#663 = CARTESIAN_POINT ( 'NONE',  ( -78.39568755290005697, 72.00000000000000000, -168.1200944952984742 ) ) ;
#664 = ADVANCED_FACE ( 'NONE', ( #2290 ), #1002, .F. ) ;
#665 = EDGE_CURVE ( 'NONE', #1363, #734, #674, .T. ) ;
#666 = VERTEX_POINT ( 'NONE', #939 ) ;
#667 = CARTESIAN_POINT ( 'NONE',  ( -36.86072909135702247, 23.34603820835947019, -114.7238044370713936 ) ) ;
#668 = CYLINDRICAL_SURFACE ( 'NONE', #2113, 3.299999999999993161 ) ;
#669 = FACE_OUTER_BOUND ( 'NONE', #984, .T. ) ;
#670 = EDGE_LOOP ( 'NONE', ( #1631, #1530, #1020, #3088, #2150, #4098, #1967 ) ) ;
#671 = ORIENTED_EDGE ( 'NONE', *, *, #3393, .F. ) ;
#672 = FACE_OUTER_BOUND ( 'NONE', #1343, .T. ) ;
#673 = CARTESIAN_POINT ( 'NONE',  ( 0.000000000000000000, 10.00000000000000000, 0.000000000000000000 ) ) ;
#674 = LINE ( 'NONE', #3942, #3408 ) ;
#675 = ORIENTED_EDGE ( 'NONE', *, *, #1844, .F. ) ;
#676 = LINE ( 'NONE', #4285, #3511 ) ;
#677 = DIRECTION ( 'NONE',  ( 0.4226182617407008291, 0.000000000000000000, -0.9063077870366492705 ) ) ;
#678 = VECTOR ( 'NONE', #3527, 1000.000000000000000 ) ;
#679 = ORIENTED_EDGE ( 'NONE', *, *, #1464, .F. ) ;
#680 = EDGE_CURVE ( 'NONE', #2397, #2420, #1523, .T. ) ;
#681 = CARTESIAN_POINT ( 'NONE',  ( -33.65635996737514546, 0.000000000000000000, -151.8140291071496506 ) ) ;
#682 = VECTOR ( 'NONE', #2472, 1000.000000000000114 ) ;
#683 = CARTESIAN_POINT ( 'NONE',  ( 0.000000000000000000, 81.99999999999998579, 0.000000000000000000 ) ) ;
#684 = DIRECTION ( 'NONE',  ( 0.000000000000000000, 1.000000000000000000, 0.000000000000000000 ) ) ;
#685 = ORIENTED_EDGE ( 'NONE', *, *, #2401, .T. ) ;
#686 = CIRCLE ( 'NONE', #4313, 140.5000000000000000 ) ;
#687 = ADVANCED_FACE ( 'NONE', ( #24 ), #2687, .F. ) ;
#688 = FACE_OUTER_BOUND ( 'NONE', #2900, .T. ) ;
#689 = DIRECTION ( 'NONE',  ( -0.000000000000000000, -1.000000000000000000, -0.000000000000000000 ) ) ;
#690 = DIRECTION ( 'NONE',  ( 0.000000000000000000, 0.000000000000000000, 1.000000000000000000 ) ) ;
#691 = VERTEX_POINT ( 'NONE', #1982 ) ;
#692 = VERTEX_POINT ( 'NONE', #1023 ) ;
#693 = ADVANCED_FACE ( 'NONE', ( #3318 ), #2024, .F. ) ;
#694 = LINE ( 'NONE', #2705, #1955 ) ;
#695 = PLANE ( 'NONE',  #3364 ) ;
#696 = DIRECTION ( 'NONE',  ( -0.000000000000000000, -1.000000000000000000, -0.000000000000000000 ) ) ;
#697 = ORIENTED_EDGE ( 'NONE', *, *, #4288, .T. ) ;
#698 = LINE ( 'NONE', #959, #3643 ) ;
#699 = CARTESIAN_POINT ( 'NONE',  ( -60.25000000000015632, 10.00000000000000000, -104.3560611560247793 ) ) ;
#700 = ORIENTED_EDGE ( 'NONE', *, *, #1922, .T. ) ;
#701 = ORIENTED_EDGE ( 'NONE', *, *, #2503, .F. ) ;
#702 = AXIS2_PLACEMENT_3D ( 'NONE', #1909, #3881, #1190 ) ;
#703 = CARTESIAN_POINT ( 'NONE',  ( -65.71713970067902721, 72.00000000000000000, -140.9308608841989496 ) ) ;
#704 = CARTESIAN_POINT ( 'NONE',  ( -39.81268138801087275, 27.18141590228250237, -124.2788140996908339 ) ) ;
#705 = DIRECTION ( 'NONE',  ( 0.000000000000000000, 0.000000000000000000, 1.000000000000000000 ) ) ;
#706 = LINE ( 'NONE', #663, #26 ) ;
#707 = VECTOR ( 'NONE', #1825, 1000.000000000000000 ) ;
#708 = ORIENTED_EDGE ( 'NONE', *, *, #2758, .T. ) ;
#709 = AXIS2_PLACEMENT_3D ( 'NONE', #581, #3660, #2649 ) ;
#710 = CARTESIAN_POINT ( 'NONE',  ( -52.39463284441555402, 81.99999999999998579, -151.5996111077022022 ) ) ;
#711 = AXIS2_PLACEMENT_3D ( 'NONE', #4211, #2546, #4271 ) ;
#712 = CARTESIAN_POINT ( 'NONE',  ( -65.71713970067902721, 0.000000000000000000, -140.9308608841989496 ) ) ;
#713 = CARTESIAN_POINT ( 'NONE',  ( -41.48438379807506493, 27.62337282625398771, -113.1341180391120815 ) ) ;
#714 = ORIENTED_EDGE ( 'NONE', *, *, #2559, .T. ) ;
#715 = EDGE_CURVE ( 'NONE', #940, #482, #112, .T. ) ;
#716 = CIRCLE ( 'NONE', #3646, 140.5000000000000000 ) ;
#717 = VECTOR ( 'NONE', #479, 1000.000000000000000 ) ;
#718 = ORIENTED_EDGE ( 'NONE', *, *, #2267, .T. ) ;
#719 = LINE ( 'NONE', #43, #4265 ) ;
#720 = AXIS2_PLACEMENT_3D ( 'NONE', #13, #1393, #384 ) ;
#721 = DIRECTION ( 'NONE',  ( 0.000000000000000000, 1.000000000000000000, 0.000000000000000000 ) ) ;
#722 = ADVANCED_FACE ( 'NONE', ( #412 ), #739, .F. ) ;
#723 = VERTEX_POINT ( 'NONE', #1091 ) ;
#724 = CARTESIAN_POINT ( 'NONE',  ( 39.17649664342559390, 60.27934313994274618, -113.9539275325228260 ) ) ;
#725 = FACE_OUTER_BOUND ( 'NONE', #1, .T. ) ;
#726 = ORIENTED_EDGE ( 'NONE', *, *, #4093, .T. ) ;
#727 = CARTESIAN_POINT ( 'NONE',  ( -52.39463284441555402, 81.99999999999998579, -154.3496111077021737 ) ) ;
#728 = CARTESIAN_POINT ( 'NONE',  ( -78.39568755290005697, 10.00000000000000000, -168.1200944952984742 ) ) ;
#729 = CARTESIAN_POINT ( 'NONE',  ( -72.05641362678954920, 72.00000000000000000, -154.5254776897487261 ) ) ;
#730 = EDGE_LOOP ( 'NONE', ( #4315, #3667, #1501, #3319 ) ) ;
#731 = LINE ( 'NONE', #2106, #283 ) ;
#732 = CARTESIAN_POINT ( 'NONE',  ( 52.39463284441546875, 81.99999999999998579, -157.0996111077022022 ) ) ;
#733 = CARTESIAN_POINT ( 'NONE',  ( -36.60576720845112675, 26.06407595672204280, -114.8053775594480754 ) ) ;
#734 = VERTEX_POINT ( 'NONE', #1136 ) ;
#735 = VERTEX_POINT ( 'NONE', #1746 ) ;
#736 = DIRECTION ( 'NONE',  ( 0.000000000000000000, 0.000000000000000000, -1.000000000000000000 ) ) ;
#737 = EDGE_CURVE ( 'NONE', #999, #1567, #3619, .T. ) ;
#738 = CARTESIAN_POINT ( 'NONE',  ( -14.99999999999999645, 5.000000000000000000, -152.2250000000000227 ) ) ;
#739 = PLANE ( 'NONE',  #4253 ) ;
#740 = EDGE_LOOP ( 'NONE', ( #3132, #1354, #2965, #1047 ) ) ;
#741 = EDGE_CURVE ( 'NONE', #1670, #268, #2756, .T. ) ;
#742 = CARTESIAN_POINT ( 'NONE',  ( 39.37922763654449909, 60.30007601796897632, -113.8840326905130240 ) ) ;
#743 = DIRECTION ( 'NONE',  ( -0.2588190451025249583, -0.000000000000000000, -0.9659258262890670910 ) ) ;
#744 = VERTEX_POINT ( 'NONE', #3038 ) ;
#745 = EDGE_CURVE ( 'NONE', #1678, #2316, #4182, .T. ) ;
#746 = CARTESIAN_POINT ( 'NONE',  ( 39.79209072969216976, 53.70031734219432451, -113.7404370287586062 ) ) ;
#747 = CYLINDRICAL_SURFACE ( 'NONE', #1903, 155.5000000000000284 ) ;
#748 = DIRECTION ( 'NONE',  ( -0.000000000000000000, -1.000000000000000000, -0.000000000000000000 ) ) ;
#749 = VERTEX_POINT ( 'NONE', #1461 ) ;
#750 = CIRCLE ( 'NONE', #2634, 155.5000000000000284 ) ;
#751 = CARTESIAN_POINT ( 'NONE',  ( 22.25471577351880015, 72.00000000000000000, -169.0413488642347204 ) ) ;
#752 = DIRECTION ( 'NONE',  ( 0.000000000000000000, 0.000000000000000000, -1.000000000000000000 ) ) ;
#753 = AXIS2_PLACEMENT_3D ( 'NONE', #1507, #3188, #2537 ) ;
#754 = VERTEX_POINT ( 'NONE', #2419 ) ;
#755 = CARTESIAN_POINT ( 'NONE',  ( 45.02648131759482908, 10.00000000000000000, -164.4471525449933722 ) ) ;
#756 = AXIS2_PLACEMENT_3D ( 'NONE', #2858, #4192, #1503 ) ;
#757 = LINE ( 'NONE', #2115, #3933 ) ;
#758 = CARTESIAN_POINT ( 'NONE',  ( -73.60711329313414808, 44.19248842920672615, -188.2210007918386623 ) ) ;
#759 = VECTOR ( 'NONE', #2655, 1000.000000000000000 ) ;
#760 = ORIENTED_EDGE ( 'NONE', *, *, #3548, .T. ) ;
#761 = ADVANCED_FACE ( 'NONE', ( #436, #2773 ), #4111, .F. ) ;
#762 = CARTESIAN_POINT ( 'NONE',  ( 37.67197906556836529, 59.62469781811559955, -114.4600573441303339 ) ) ;
#763 = CARTESIAN_POINT ( 'NONE',  ( 15.00000000000000355, 5.000000000000000000, -163.7750000000000341 ) ) ;
#764 = ORIENTED_EDGE ( 'NONE', *, *, #2955, .T. ) ;
#765 = ORIENTED_EDGE ( 'NONE', *, *, #1364, .F. ) ;
#766 = EDGE_CURVE ( 'NONE', #2786, #4148, #1661, .T. ) ;
#767 = CARTESIAN_POINT ( 'NONE',  ( 40.96679552340173558, 54.03512894088003549, -113.3225998783628654 ) ) ;
#768 = CARTESIAN_POINT ( 'NONE',  ( -73.60711329313414808, 72.00000000000000000, -181.7710007918386452 ) ) ;
#769 = LINE ( 'NONE', #142, #1894 ) ;
#770 = EDGE_LOOP ( 'NONE', ( #2354, #2757, #65, #1766 ) ) ;
#771 = ADVANCED_FACE ( 'NONE', ( #2069 ), #2081, .F. ) ;
#772 = CONICAL_SURFACE ( 'NONE', #2514, 1.725000000000004308, 0.7853981633974309595 ) ;
#773 = DIRECTION ( 'NONE',  ( 0.000000000000000000, 0.000000000000000000, -1.000000000000000000 ) ) ;
#774 = DIRECTION ( 'NONE',  ( -0.000000000000000000, 1.000000000000000000, -0.000000000000000000 ) ) ;
#775 = COLOUR_RGB ( '',0.7921568627450980005, 0.8196078431372548767, 0.9333333333333333481 ) ;
#776 = CARTESIAN_POINT ( 'NONE',  ( -40.96351066910087724, 27.96650487632987847, -113.3237855699612169 ) ) ;
#777 = ORIENTED_EDGE ( 'NONE', *, *, #2368, .F. ) ;
#778 = CIRCLE ( 'NONE', #3223, 12.50000000000001066 ) ;
#779 = VECTOR ( 'NONE', #3072, 1000.000000000000000 ) ;
#780 = CARTESIAN_POINT ( 'NONE',  ( 41.36577361598847347, 53.80499194069155067, -123.7706275547166967 ) ) ;
#781 = CYLINDRICAL_SURFACE ( 'NONE', #90, 2.749999999999974687 ) ;
#782 = CARTESIAN_POINT ( 'NONE',  ( 0.000000000000000000, 72.00000000000000000, 0.000000000000000000 ) ) ;
#783 = AXIS2_PLACEMENT_3D ( 'NONE', #1981, #22, #1357 ) ;
#784 = VECTOR ( 'NONE', #3560, 1000.000000000000000 ) ;
#785 = ORIENTED_EDGE ( 'NONE', *, *, #3903, .T. ) ;
#786 = AXIS2_PLACEMENT_3D ( 'NONE', #3135, #183, #1214 ) ;
#787 = LINE ( 'NONE', #195, #1333 ) ;
#788 = AXIS2_PLACEMENT_3D ( 'NONE', #2750, #1762, #4086 ) ;
#789 = CARTESIAN_POINT ( 'NONE',  ( 38.19809862922873123, 59.96791927254422916, -114.2855846633753174 ) ) ;
#790 = CARTESIAN_POINT ( 'NONE',  ( -40.14954838551826555, 10.00000000000000000, -181.1029093207476706 ) ) ;
#791 = ORIENTED_EDGE ( 'NONE', *, *, #295, .F. ) ;
#792 = AXIS2_PLACEMENT_3D ( 'NONE', #235, #3201, #2853 ) ;
#793 = EDGE_LOOP ( 'NONE', ( #1473, #3947, #3662, #3450 ) ) ;
#794 = CARTESIAN_POINT ( 'NONE',  ( 42.69510015324293306, 56.99999999999999289, -112.6826447280350010 ) ) ;
#795 = FACE_OUTER_BOUND ( 'NONE', #770, .T. ) ;
#796 = CARTESIAN_POINT ( 'NONE',  ( -70.25000000000017053, 20.00000000000000355, -121.6765692317135290 ) ) ;
#797 = EDGE_CURVE ( 'NONE', #3826, #268, #2441, .T. ) ;
#798 = ORIENTED_EDGE ( 'NONE', *, *, #3680, .T. ) ;
#799 = PRESENTATION_STYLE_ASSIGNMENT (( #426 ) ) ;
#800 = DIRECTION ( 'NONE',  ( 0.000000000000000000, -1.000000000000000000, 0.000000000000000000 ) ) ;
#801 = EDGE_CURVE ( 'NONE', #2321, #3826, #269, .T. ) ;
#802 = ADVANCED_FACE ( 'NONE', ( #4073 ), #1074, .F. ) ;
#803 = VERTEX_POINT ( 'NONE', #3427 ) ;
#804 = CARTESIAN_POINT ( 'NONE',  ( 44.65723530243789696, 54.98596412672123535, -122.6213510840203185 ) ) ;
#805 = EDGE_CURVE ( 'NONE', #749, #3287, #1940, .T. ) ;
#806 = CARTESIAN_POINT ( 'NONE',  ( -14.99999999999999645, 5.000000000000000000, -167.2250000000000512 ) ) ;
#807 = VERTEX_POINT ( 'NONE', #3803 ) ;
#808 = PLANE ( 'NONE',  #3843 ) ;
#809 = CARTESIAN_POINT ( 'NONE',  ( 52.39463284441546875, 81.99999999999998579, -151.5996111077022590 ) ) ;
#810 = CYLINDRICAL_SURFACE ( 'NONE', #1869, 12.50000000000001066 ) ;
#811 = ORIENTED_EDGE ( 'NONE', *, *, #1308, .T. ) ;
#812 = VERTEX_POINT ( 'NONE', #806 ) ;
#813 = CARTESIAN_POINT ( 'NONE',  ( 36.86353307680001024, 55.34103754545689924, -114.7229034074718612 ) ) ;
#814 = CARTESIAN_POINT ( 'NONE',  ( 64.38717422483070152, 0.000000000000000000, -157.8750828830861508 ) ) ;
#815 = LINE ( 'NONE', #2496, #641 ) ;
#816 = ORIENTED_EDGE ( 'NONE', *, *, #3674, .F. ) ;
#817 = ADVANCED_FACE ( 'NONE', ( #1770 ), #2133, .F. ) ;
#818 = DIRECTION ( 'NONE',  ( 0.000000000000000000, -1.000000000000000000, 0.000000000000000000 ) ) ;
#819 = LINE ( 'NONE', #2148, #1904 ) ;
#820 = ORIENTED_EDGE ( 'NONE', *, *, #2348, .T. ) ;
#821 = CIRCLE ( 'NONE', #1243, 1.700000000000007061 ) ;
#822 = EDGE_CURVE ( 'NONE', #2104, #666, #67, .T. ) ;
#823 = CARTESIAN_POINT ( 'NONE',  ( -59.12955738187348942, 81.99999999999998579, -143.8191414375142756 ) ) ;
#824 = AXIS2_PLACEMENT_3D ( 'NONE', #2314, #1614, #3958 ) ;
#825 = CARTESIAN_POINT ( 'NONE',  ( 36.90295417644659182, 0.000000000000000000, -166.4584692139487458 ) ) ;
#826 = ORIENTED_EDGE ( 'NONE', *, *, #3580, .F. ) ;
#827 = EDGE_CURVE ( 'NONE', #2406, #1911, #686, .T. ) ;
#828 = AXIS2_PLACEMENT_3D ( 'NONE', #1376, #2708, #4049 ) ;
#829 = DIRECTION ( 'NONE',  ( -0.000000000000000000, -1.000000000000000000, -0.000000000000000000 ) ) ;
#830 = FACE_BOUND ( 'NONE', #3197, .T. ) ;
#831 = CARTESIAN_POINT ( 'NONE',  ( 15.00000000000000355, 5.000000000000000000, -150.5000000000000284 ) ) ;
#832 = CIRCLE ( 'NONE', #2576, 10.00000000000001066 ) ;
#833 = ORIENTED_EDGE ( 'NONE', *, *, #1783, .T. ) ;
#834 = ORIENTED_EDGE ( 'NONE', *, *, #3387, .T. ) ;
#835 = CARTESIAN_POINT ( 'NONE',  ( -40.26587499127407455, 22.37391348199282959, -124.1327572518451348 ) ) ;
#836 = CARTESIAN_POINT ( 'NONE',  ( 0.000000000000000000, 72.00000000000000000, 0.000000000000000000 ) ) ;
#837 = LINE ( 'NONE', #3068, #1689 ) ;
#838 = ORIENTED_EDGE ( 'NONE', *, *, #2530, .T. ) ;
#839 = CARTESIAN_POINT ( 'NONE',  ( -81.04734413982525609, 76.99999999999998579, -191.1003389132892778 ) ) ;
#840 = DIRECTION ( 'NONE',  ( 0.000000000000000000, 0.000000000000000000, 1.000000000000000000 ) ) ;
#841 = AXIS2_PLACEMENT_3D ( 'NONE', #2470, #519, #2821 ) ;
#842 = ORIENTED_EDGE ( 'NONE', *, *, #1961, .T. ) ;
#843 = CARTESIAN_POINT ( 'NONE',  ( 45.29537560312244437, 56.99999999999999289, -122.3870048206592287 ) ) ;
#844 = VECTOR ( 'NONE', #2572, 1000.000000000000000 ) ;
#845 = DIRECTION ( 'NONE',  ( -0.000000000000000000, -1.000000000000000000, -0.000000000000000000 ) ) ;
#846 = ADVANCED_FACE ( 'NONE', ( #3889 ), #3557, .F. ) ;
#847 = AXIS2_PLACEMENT_3D ( 'NONE', #928, #2170, #188 ) ;
#848 = ORIENTED_EDGE ( 'NONE', *, *, #2285, .T. ) ;
#849 = DIRECTION ( 'NONE',  ( -0.4226182617407016617, -0.000000000000000000, -0.9063077870366488265 ) ) ;
#850 = CARTESIAN_POINT ( 'NONE',  ( -52.39463284441555402, 0.000000000000000000, -154.3496111077021737 ) ) ;
#851 = AXIS2_PLACEMENT_3D ( 'NONE', #4229, #2844, #507 ) ;
#852 = CARTESIAN_POINT ( 'NONE',  ( 65.25000000000014211, 61.99999999999999289, -113.0163151938691612 ) ) ;
#853 = EDGE_CURVE ( 'NONE', #931, #2321, #1199, .T. ) ;
#854 = ORIENTED_EDGE ( 'NONE', *, *, #2811, .F. ) ;
#855 = ORIENTED_EDGE ( 'NONE', *, *, #2584, .T. ) ;
#856 = CIRCLE ( 'NONE', #3719, 140.5000000000000000 ) ;
#857 = AXIS2_PLACEMENT_3D ( 'NONE', #3980, #941, #979 ) ;
#858 = CARTESIAN_POINT ( 'NONE',  ( -39.81282048687616992, 22.81815288081439164, -124.2787720571271564 ) ) ;
#859 = LINE ( 'NONE', #3175, #4146 ) ;
#860 = CARTESIAN_POINT ( 'NONE',  ( -14.99999999999999645, 10.00000000000000000, -165.5000000000000284 ) ) ;
#861 = VECTOR ( 'NONE', #2815, 1000.000000000000000 ) ;
#862 = DIRECTION ( 'NONE',  ( -0.4226182617407000519, -0.000000000000000000, -0.9063077870366496036 ) ) ;
#863 = ORIENTED_EDGE ( 'NONE', *, *, #1627, .T. ) ;
#864 = ORIENTED_EDGE ( 'NONE', *, *, #2299, .F. ) ;
#865 = CARTESIAN_POINT ( 'NONE',  ( -64.27310024400077282, 72.00000000000000000, -184.6326585006689243 ) ) ;
#866 = CARTESIAN_POINT ( 'NONE',  ( -36.44477503485190084, 25.00000000000000000, -114.8565556364068954 ) ) ;
#867 = CARTESIAN_POINT ( 'NONE',  ( -52.39463284441555402, 36.64466094067258695, -154.3496111077021737 ) ) ;
#868 = ORIENTED_EDGE ( 'NONE', *, *, #2616, .T. ) ;
#869 = CARTESIAN_POINT ( 'NONE',  ( -24.21260865681972518, 72.00000000000000000, -183.9130217848418738 ) ) ;
#870 = FACE_OUTER_BOUND ( 'NONE', #181, .T. ) ;
#871 = ORIENTED_EDGE ( 'NONE', *, *, #151, .T. ) ;
#872 = ADVANCED_FACE ( 'NONE', ( #1569 ), #559, .F. ) ;
#873 = FACE_BOUND ( 'NONE', #3875, .T. ) ;
#874 = FACE_BOUND ( 'NONE', #1635, .T. ) ;
#875 = DIRECTION ( 'NONE',  ( 6.938893903907222067E-15, 0.000000000000000000, 1.000000000000000000 ) ) ;
#876 = ORIENTED_EDGE ( 'NONE', *, *, #4164, .F. ) ;
#877 = EDGE_CURVE ( 'NONE', #1987, #3723, #1036, .T. ) ;
#878 = CARTESIAN_POINT ( 'NONE',  ( -39.05609639940036004, 24.56539555477148440, -124.5185653787723652 ) ) ;
#879 = FACE_OUTER_BOUND ( 'NONE', #3895, .T. ) ;
#880 = DIRECTION ( 'NONE',  ( -0.000000000000000000, 1.000000000000000000, -0.000000000000000000 ) ) ;
#881 = CARTESIAN_POINT ( 'NONE',  ( -40.14954838551826555, 81.99999999999998579, -181.1029093207476706 ) ) ;
#882 = ORIENTED_EDGE ( 'NONE', *, *, #3952, .F. ) ;
#883 = ADVANCED_FACE ( 'NONE', ( #2551 ), #2713, .F. ) ;
#884 = LINE ( 'NONE', #2216, #568 ) ;
#885 = CARTESIAN_POINT ( 'NONE',  ( -30.40976575830357476, 10.00000000000000000, -137.1695890003506122 ) ) ;
#886 = CARTESIAN_POINT ( 'NONE',  ( 0.000000000000000000, 61.99999999999999289, 0.000000000000000000 ) ) ;
#887 = ORIENTED_EDGE ( 'NONE', *, *, #737, .F. ) ;
#888 = DIRECTION ( 'NONE',  ( 0.000000000000000000, 0.000000000000000000, 1.000000000000000000 ) ) ;
#889 = FACE_OUTER_BOUND ( 'NONE', #3813, .T. ) ;
#890 = AXIS2_PLACEMENT_3D ( 'NONE', #860, #2583, #4184 ) ;
#891 = VERTEX_POINT ( 'NONE', #3869 ) ;
#892 = CARTESIAN_POINT ( 'NONE',  ( 0.000000000000000000, 72.00000000000000000, 0.000000000000000000 ) ) ;
#893 = AXIS2_PLACEMENT_3D ( 'NONE', #3916, #4158, #3590 ) ;
#894 = LINE ( 'NONE', #3236, #717 ) ;
#895 = DIRECTION ( 'NONE',  ( -0.000000000000000000, -1.000000000000000000, -0.000000000000000000 ) ) ;
#896 = EDGE_LOOP ( 'NONE', ( #2342, #3343, #3178, #1423 ) ) ;
#897 = AXIS2_PLACEMENT_3D ( 'NONE', #3714, #1786, #1422 ) ;
#898 = VERTEX_POINT ( 'NONE', #2574 ) ;
#899 = DIRECTION ( 'NONE',  ( -0.000000000000000000, -1.000000000000000000, -0.000000000000000000 ) ) ;
#900 = DIRECTION ( 'NONE',  ( 0.000000000000000000, 0.000000000000000000, 1.000000000000000000 ) ) ;
#901 = DIRECTION ( 'NONE',  ( 0.000000000000000000, 0.000000000000000000, -1.000000000000000000 ) ) ;
#902 = EDGE_CURVE ( 'NONE', #1363, #2609, #1455, .T. ) ;
#903 = ORIENTED_EDGE ( 'NONE', *, *, #797, .F. ) ;
#904 = CARTESIAN_POINT ( 'NONE',  ( 18.49999999999997868, 5.000000000000000000, -146.7500000000000284 ) ) ;
#905 = CARTESIAN_POINT ( 'NONE',  ( 42.98840151134885446, 60.19401543852274017, -123.2164433553406440 ) ) ;
#906 = DIRECTION ( 'NONE',  ( 0.000000000000000000, 0.000000000000000000, -1.000000000000000000 ) ) ;
#907 = EDGE_CURVE ( 'NONE', #2090, #3247, #2293, .T. ) ;
#908 = VERTEX_POINT ( 'NONE', #3166 ) ;
#909 = CARTESIAN_POINT ( 'NONE',  ( 65.71713970067897037, 10.00000000000000000, -140.9308608841990065 ) ) ;
#910 = DIRECTION ( 'NONE',  ( 0.000000000000000000, 0.000000000000000000, 1.000000000000000000 ) ) ;
#911 = VERTEX_POINT ( 'NONE', #1524 ) ;
#912 = CIRCLE ( 'NONE', #3351, 140.5000000000000000 ) ;
#913 = DIRECTION ( 'NONE',  ( 0.000000000000000000, -1.000000000000000000, 0.000000000000000000 ) ) ;
#914 = LINE ( 'NONE', #590, #4310 ) ;
#915 = AXIS2_PLACEMENT_3D ( 'NONE', #1158, #2485, #3424 ) ;
#916 = EDGE_LOOP ( 'NONE', ( #3242, #1983, #4189, #3668 ) ) ;
#917 = EDGE_LOOP ( 'NONE', ( #1628, #3401, #3025, #1146, #2946, #113, #4178, #2746, #2642, #1259 ) ) ;
#918 = CIRCLE ( 'NONE', #3235, 2.000000000000001776 ) ;
#919 = VECTOR ( 'NONE', #2897, 1000.000000000000000 ) ;
#920 = CARTESIAN_POINT ( 'NONE',  ( -59.37786577456848391, 72.00000000000000000, -127.3362440786491874 ) ) ;
#921 = CARTESIAN_POINT ( 'NONE',  ( 0.000000000000000000, 81.99999999999998579, 0.000000000000000000 ) ) ;
#922 = PLANE ( 'NONE',  #2568 ) ;
#923 = AXIS2_PLACEMENT_3D ( 'NONE', #3653, #655, #1335 ) ;
#924 = ORIENTED_EDGE ( 'NONE', *, *, #3764, .T. ) ;
#925 = ORIENTED_EDGE ( 'NONE', *, *, #3923, .F. ) ;
#926 = ADVANCED_FACE ( 'NONE', ( #870 ), #1870, .T. ) ;
#927 = AXIS2_PLACEMENT_3D ( 'NONE', #4100, #2430, #1345 ) ;
#928 = CARTESIAN_POINT ( 'NONE',  ( -14.99999999999999645, 5.025000000000002132, -165.5000000000000284 ) ) ;
#929 = CARTESIAN_POINT ( 'NONE',  ( -64.27310024400024702, 76.99999999999998579, -184.6326585006687253 ) ) ;
#930 = DIRECTION ( 'NONE',  ( 0.000000000000000000, 0.000000000000000000, 1.000000000000000000 ) ) ;
#931 = VERTEX_POINT ( 'NONE', #2222 ) ;
#932 = ADVANCED_FACE ( 'NONE', ( #4238 ), #2154, .F. ) ;
#933 = EDGE_CURVE ( 'NONE', #4209, #1052, #1242, .T. ) ;
#934 = DIRECTION ( 'NONE',  ( 0.000000000000000000, 0.000000000000000000, 1.000000000000000000 ) ) ;
#935 = CARTESIAN_POINT ( 'NONE',  ( -42.53610811679352111, 26.06516035307324231, -112.7427889377090651 ) ) ;
#936 = VERTEX_POINT ( 'NONE', #1178 ) ;
#937 = EDGE_CURVE ( 'NONE', #3882, #3621, #547, .T. ) ;
#938 = CARTESIAN_POINT ( 'NONE',  ( -97.75000000000027001, 10.00000000000000000, -169.3079664398576654 ) ) ;
#939 = CARTESIAN_POINT ( 'NONE',  ( -69.91269102831874704, 81.99999999999998579, -193.5081308383985572 ) ) ;
#940 = VERTEX_POINT ( 'NONE', #1545 ) ;
#941 = DIRECTION ( 'NONE',  ( -0.000000000000000000, -1.000000000000000000, -0.000000000000000000 ) ) ;
#942 = DIRECTION ( 'NONE',  ( 0.000000000000000000, 1.000000000000000000, 0.000000000000000000 ) ) ;
#943 = ORIENTED_EDGE ( 'NONE', *, *, #3104, .T. ) ;
#944 = EDGE_LOOP ( 'NONE', ( #3865, #2636, #1492, #1597, #1969, #1186, #3733 ) ) ;
#945 = DIRECTION ( 'NONE',  ( 0.000000000000000000, 0.000000000000000000, -1.000000000000000000 ) ) ;
#946 = CARTESIAN_POINT ( 'NONE',  ( 42.58947708663966125, 60.27813950236267004, -123.3548986426051783 ) ) ;
#947 = CARTESIAN_POINT ( 'NONE',  ( 0.000000000000000000, 10.00000000000000000, 0.000000000000000000 ) ) ;
#948 = ORIENTED_EDGE ( 'NONE', *, *, #1419, .F. ) ;
#949 = DIRECTION ( 'NONE',  ( 0.000000000000000000, 1.000000000000000000, 0.000000000000000000 ) ) ;
#950 = CARTESIAN_POINT ( 'NONE',  ( 52.39463284441546875, 81.99999999999998579, -151.5996111077022590 ) ) ;
#951 = EDGE_CURVE ( 'NONE', #2223, #168, #240, .T. ) ;
#952 = ORIENTED_EDGE ( 'NONE', *, *, #1543, .F. ) ;
#953 = DIRECTION ( 'NONE',  ( 0.000000000000000000, 0.000000000000000000, -1.000000000000000000 ) ) ;
#954 = DIRECTION ( 'NONE',  ( 0.000000000000000000, -1.000000000000000000, 0.000000000000000000 ) ) ;
#955 = FACE_OUTER_BOUND ( 'NONE', #222, .T. ) ;
#956 = ADVANCED_FACE ( 'NONE', ( #889 ), #3820, .T. ) ;
#957 = VERTEX_POINT ( 'NONE', #1482 ) ;
#958 = AXIS2_PLACEMENT_3D ( 'NONE', #1337, #2319, #374 ) ;
#959 = CARTESIAN_POINT ( 'NONE',  ( -18.50000000000002132, 0.000000000000000000, -146.7500000000000284 ) ) ;
#960 = DIRECTION ( 'NONE',  ( -0.000000000000000000, -1.000000000000000000, -0.000000000000000000 ) ) ;
#961 = AXIS2_PLACEMENT_3D ( 'NONE', #1958, #2001, #2337 ) ;
#962 = ORIENTED_EDGE ( 'NONE', *, *, #1232, .F. ) ;
#963 = ORIENTED_EDGE ( 'NONE', *, *, #2988, .F. ) ;
#964 = CYLINDRICAL_SURFACE ( 'NONE', #2597, 185.5000000000000568 ) ;
#965 = CARTESIAN_POINT ( 'NONE',  ( 41.97432665695023957, 60.30029150794607773, -123.5655833063487137 ) ) ;
#966 = CARTESIAN_POINT ( 'NONE',  ( 52.39463284441546875, 72.00000000000000000, -154.3496111077022306 ) ) ;
#967 = AXIS2_PLACEMENT_3D ( 'NONE', #2618, #3995, #4314 ) ;
#968 = VERTEX_POINT ( 'NONE', #2819 ) ;
#969 = LINE ( 'NONE', #2306, #3711 ) ;
#970 = FACE_OUTER_BOUND ( 'NONE', #4296, .T. ) ;
#971 = CYLINDRICAL_SURFACE ( 'NONE', #3414, 155.5000000000000284 ) ;
#972 = ORIENTED_EDGE ( 'NONE', *, *, #3848, .T. ) ;
#973 = CARTESIAN_POINT ( 'NONE',  ( 39.45233079335547188, 55.34527942679293488, -124.3936414148119809 ) ) ;
#974 = EDGE_CURVE ( 'NONE', #4138, #3951, #1741, .T. ) ;
#975 = LINE ( 'NONE', #345, #1031 ) ;
#976 = VECTOR ( 'NONE', #2621, 1000.000000000000000 ) ;
#977 = VERTEX_POINT ( 'NONE', #825 ) ;
#978 = ADVANCED_FACE ( 'NONE', ( #669 ), #1630, .T. ) ;
#979 = DIRECTION ( 'NONE',  ( 0.000000000000000000, 0.000000000000000000, -1.000000000000000000 ) ) ;
#980 = ADVANCED_FACE ( 'NONE', ( #3313 ), #2943, .F. ) ;
#981 = CIRCLE ( 'NONE', #3500, 1.725000000000004308 ) ;
#982 =( NAMED_UNIT ( * ) PLANE_ANGLE_UNIT ( ) SI_UNIT ( $, .RADIAN. ) );
#983 = DIRECTION ( 'NONE',  ( 0.000000000000000000, 1.000000000000000000, 0.000000000000000000 ) ) ;
#984 = EDGE_LOOP ( 'NONE', ( #2614, #117, #444, #2896 ) ) ;
#985 = EDGE_LOOP ( 'NONE', ( #3842, #1302, #1108, #2211, #887, #1616, #4155, #2270, #2330, #1291, #1774, #1287, #1812, #2843, #4244, #3849, #4011, #3481, #4037, #2019, #2206, #1902, #2127, #2692, #372, #1775, #1638, #1322, #1222, #3203, #3429, #3050 ) ) ;
#986 = CIRCLE ( 'NONE', #10, 1.700000000000007061 ) ;
#987 = DIRECTION ( 'NONE',  ( -0.000000000000000000, -1.000000000000000000, 0.000000000000000000 ) ) ;
#988 = PLANE ( 'NONE',  #3579 ) ;
#989 = CYLINDRICAL_SURFACE ( 'NONE', #2467, 130.5000000000000000 ) ;
#990 = AXIS2_PLACEMENT_3D ( 'NONE', #4213, #3453, #2399 ) ;
#991 = VECTOR ( 'NONE', #3388, 1000.000000000000000 ) ;
#992 = VERTEX_POINT ( 'NONE', #2269 ) ;
#993 = AXIS2_PLACEMENT_3D ( 'NONE', #421, #2036, #1100 ) ;
#994 = AXIS2_PLACEMENT_3D ( 'NONE', #947, #2570, #554 ) ;
#995 = CARTESIAN_POINT ( 'NONE',  ( 60.25000000000011369, 10.00000000000000000, -104.3560611560247793 ) ) ;
#996 = DIRECTION ( 'NONE',  ( -0.000000000000000000, 1.000000000000000000, -0.000000000000000000 ) ) ;
#997 = DIRECTION ( 'NONE',  ( 0.000000000000000000, 1.000000000000000000, 0.000000000000000000 ) ) ;
#998 = AXIS2_PLACEMENT_3D ( 'NONE', #1930, #3265, #4256 ) ;
#999 = VERTEX_POINT ( 'NONE', #3289 ) ;
#1000 = ORIENTED_EDGE ( 'NONE', *, *, #1671, .T. ) ;
#1001 = CARTESIAN_POINT ( 'NONE',  ( -14.99999999999999645, 5.000000000000000000, -167.2000000000000455 ) ) ;
#1002 = PLANE ( 'NONE',  #3617 ) ;
#1003 = VERTEX_POINT ( 'NONE', #950 ) ;
#1004 = ADVANCED_FACE ( 'NONE', ( #275 ), #971, .F. ) ;
#1005 = DIRECTION ( 'NONE',  ( -0.000000000000000000, -1.000000000000000000, -0.000000000000000000 ) ) ;
#1006 = CARTESIAN_POINT ( 'NONE',  ( 72.05641362678947814, 81.99999999999998579, -154.5254776897487830 ) ) ;
#1007 = VERTEX_POINT ( 'NONE', #4021 ) ;
#1008 = ORIENTED_EDGE ( 'NONE', *, *, #2285, .F. ) ;
#1009 = ADVANCED_FACE ( 'NONE', ( #1266 ), #1996, .F. ) ;
#1010 = ORIENTED_EDGE ( 'NONE', *, *, #4000, .F. ) ;
#1011 = DIRECTION ( 'NONE',  ( -0.2164396139381030149, 0.000000000000000000, 0.9762960071199332512 ) ) ;
#1012 = FACE_OUTER_BOUND ( 'NONE', #146, .T. ) ;
#1013 = DIRECTION ( 'NONE',  ( -0.000000000000000000, 1.000000000000000000, -0.000000000000000000 ) ) ;
#1014 = ORIENTED_EDGE ( 'NONE', *, *, #1783, .F. ) ;
#1015 = EDGE_CURVE ( 'NONE', #2492, #1782, #3641, .T. ) ;
#1016 = CARTESIAN_POINT ( 'NONE',  ( 30.40976575830350015, 10.00000000000000000, -137.1695890003506406 ) ) ;
#1017 = DIRECTION ( 'NONE',  ( -0.000000000000000000, -1.000000000000000000, -0.000000000000000000 ) ) ;
#1018 = CARTESIAN_POINT ( 'NONE',  ( -37.22163151072940224, 27.18216271043118581, -114.6072599272088866 ) ) ;
#1019 = ORIENTED_EDGE ( 'NONE', *, *, #827, .F. ) ;
#1020 = ORIENTED_EDGE ( 'NONE', *, *, #1640, .T. ) ;
#1021 = CARTESIAN_POINT ( 'NONE',  ( 39.68126759393452829, 54.98634013194394043, -124.3208004784546574 ) ) ;
#1022 = CARTESIAN_POINT ( 'NONE',  ( 0.000000000000000000, 72.00000000000000000, 0.000000000000000000 ) ) ;
#1023 = CARTESIAN_POINT ( 'NONE',  ( -52.39463284441563218, 10.00000000000000178, -166.8496111077022306 ) ) ;
#1024 = VERTEX_POINT ( 'NONE', #2964 ) ;
#1025 = CARTESIAN_POINT ( 'NONE',  ( 15.00000000000000355, 5.000000000000000000, -148.7750000000000057 ) ) ;
#1026 = LINE ( 'NONE', #3961, #3196 ) ;
#1027 = ORIENTED_EDGE ( 'NONE', *, *, #286, .F. ) ;
#1028 = CIRCLE ( 'NONE', #2980, 140.5000000000000000 ) ;
#1029 = ORIENTED_EDGE ( 'NONE', *, *, #657, .F. ) ;
#1030 = CARTESIAN_POINT ( 'NONE',  ( -44.23795762805304577, 27.48794362304322547, -122.7732726980264317 ) ) ;
#1031 = VECTOR ( 'NONE', #1675, 1000.000000000000000 ) ;
#1032 = CARTESIAN_POINT ( 'NONE',  ( -20.29682289021814867, 72.00000000000000000, -154.1696759436275102 ) ) ;
#1033 = DIRECTION ( 'NONE',  ( -0.000000000000000000, 1.000000000000000000, -0.000000000000000000 ) ) ;
#1034 = ADVANCED_FACE ( 'NONE', ( #2284 ), #319, .T. ) ;
#1035 = VERTEX_POINT ( 'NONE', #602 ) ;
#1036 = CIRCLE ( 'NONE', #1659, 155.5000000000000284 ) ;
#1037 = CARTESIAN_POINT ( 'NONE',  ( -41.63971916690962871, 22.51194965232928880, -113.0769967664412121 ) ) ;
#1038 = DIRECTION ( 'NONE',  ( -1.000000000000000000, 0.000000000000000000, 0.000000000000000000 ) ) ;
#1039 = EDGE_CURVE ( 'NONE', #3951, #4138, #620, .T. ) ;
#1040 = AXIS2_PLACEMENT_3D ( 'NONE', #2726, #4066, #1086 ) ;
#1041 = CARTESIAN_POINT ( 'NONE',  ( -39.38123006758650746, 28.30021096040324835, -113.8833402250030105 ) ) ;
#1042 = VERTEX_POINT ( 'NONE', #3583 ) ;
#1043 = ORIENTED_EDGE ( 'NONE', *, *, #3902, .F. ) ;
#1044 = CARTESIAN_POINT ( 'NONE',  ( 15.00000000000000355, 5.000000000000000000, -148.7750000000000057 ) ) ;
#1045 = LINE ( 'NONE', #3976, #363 ) ;
#1046 = CARTESIAN_POINT ( 'NONE',  ( -68.76713373690311926, 81.99999999999998579, -195.1475510078744833 ) ) ;
#1047 = ORIENTED_EDGE ( 'NONE', *, *, #853, .F. ) ;
#1048 = CARTESIAN_POINT ( 'NONE',  ( -20.29682289021814867, 72.00000000000000000, -154.1696759436275102 ) ) ;
#1049 = DIRECTION ( 'NONE',  ( -0.000000000000000000, 1.000000000000000000, -0.000000000000000000 ) ) ;
#1050 = VECTOR ( 'NONE', #3475, 1000.000000000000000 ) ;
#1051 = VERTEX_POINT ( 'NONE', #2633 ) ;
#1052 = VERTEX_POINT ( 'NONE', #623 ) ;
#1053 = CIRCLE ( 'NONE', #2165, 1.700000000000007061 ) ;
#1054 = CARTESIAN_POINT ( 'NONE',  ( 39.17669924399432801, 53.72077284526172036, -113.9538539301585303 ) ) ;
#1055 = DIRECTION ( 'NONE',  ( 0.000000000000000000, 0.000000000000000000, 1.000000000000000000 ) ) ;
#1056 = DIRECTION ( 'NONE',  ( 0.000000000000000000, 0.000000000000000000, -1.000000000000000000 ) ) ;
#1057 = AXIS2_PLACEMENT_3D ( 'NONE', #4123, #818, #1819 ) ;
#1058 = ORIENTED_EDGE ( 'NONE', *, *, #3978, .F. ) ;
#1059 = EDGE_CURVE ( 'NONE', #666, #3211, #1325, .T. ) ;
#1060 = AXIS2_PLACEMENT_3D ( 'NONE', #2303, #2719, #2099 ) ;
#1061 = CARTESIAN_POINT ( 'NONE',  ( -37.51145380556202724, 22.51383751630989138, -114.5127245708707022 ) ) ;
#1062 = AXIS2_PLACEMENT_3D ( 'NONE', #4166, #1171, #3467 ) ;
#1063 = CARTESIAN_POINT ( 'NONE',  ( -33.65635996737514546, 10.00000000000000000, -151.8140291071496506 ) ) ;
#1064 = CARTESIAN_POINT ( 'NONE',  ( -36.54610794714415078, 25.85809625568601788, -114.8243605942322034 ) ) ;
#1065 = ORIENTED_EDGE ( 'NONE', *, *, #3877, .F. ) ;
#1066 = CIRCLE ( 'NONE', #3509, 1.725000000000004308 ) ;
#1067 = AXIS2_PLACEMENT_3D ( 'NONE', #2226, #4242, #2822 ) ;
#1068 = ORIENTED_EDGE ( 'NONE', *, *, #1258, .T. ) ;
#1069 = EDGE_CURVE ( 'NONE', #3211, #3060, #1254, .T. ) ;
#1070 = EDGE_CURVE ( 'NONE', #3724, #2007, #1665, .T. ) ;
#1071 = CARTESIAN_POINT ( 'NONE',  ( -18.50000000000001776, 5.000000000000000000, -169.2500000000000000 ) ) ;
#1072 = DIRECTION ( 'NONE',  ( -0.8660254037844381525, 0.000000000000000000, -0.5000000000000008882 ) ) ;
#1073 = AXIS2_PLACEMENT_3D ( 'NONE', #1781, #124, #752 ) ;
#1074 = CYLINDRICAL_SURFACE ( 'NONE', #2641, 6.450000000000011724 ) ;
#1075 = EDGE_LOOP ( 'NONE', ( #925, #3144, #785, #4117 ) ) ;
#1076 = ADVANCED_FACE ( 'NONE', ( #2923 ), #3333, .F. ) ;
#1077 = CARTESIAN_POINT ( 'NONE',  ( 36.46524946659848609, 57.43303308153300435, -114.8500646580126414 ) ) ;
#1078 = DIRECTION ( 'NONE',  ( -0.000000000000000000, -1.000000000000000000, -0.000000000000000000 ) ) ;
#1079 = ORIENTED_EDGE ( 'NONE', *, *, #1286, .F. ) ;
#1080 = ORIENTED_EDGE ( 'NONE', *, *, #3069, .F. ) ;
#1081 = DIRECTION ( 'NONE',  ( 0.000000000000000000, 0.000000000000000000, 1.000000000000000000 ) ) ;
#1082 = CARTESIAN_POINT ( 'NONE',  ( -64.27310024400077282, 81.99999999999998579, -184.6326585006689243 ) ) ;
#1083 = CARTESIAN_POINT ( 'NONE',  ( 0.000000000000000000, 72.00000000000000000, 0.000000000000000000 ) ) ;
#1084 = ORIENTED_EDGE ( 'NONE', *, *, #3387, .F. ) ;
#1085 = CARTESIAN_POINT ( 'NONE',  ( 0.000000000000000000, 0.000000000000000000, -120.5000000000000000 ) ) ;
#1086 = DIRECTION ( 'NONE',  ( 0.000000000000000000, 0.000000000000000000, -1.000000000000000000 ) ) ;
#1087 = ORIENTED_EDGE ( 'NONE', *, *, #2020, .F. ) ;
#1088 = ORIENTED_EDGE ( 'NONE', *, *, #3070, .T. ) ;
#1089 = CYLINDRICAL_SURFACE ( 'NONE', #1612, 185.5000000000000568 ) ;
#1090 = PLANE ( 'NONE',  #1897 ) ;
#1091 = CARTESIAN_POINT ( 'NONE',  ( 52.39463284441546875, 72.00000000000000000, -151.5996111077022590 ) ) ;
#1092 = ADVANCED_FACE ( 'NONE', ( #1647 ), #1352, .T. ) ;
#1093 = EDGE_LOOP ( 'NONE', ( #1709, #3549, #3370, #2415 ) ) ;
#1094 = CARTESIAN_POINT ( 'NONE',  ( -24.21260865681972518, 72.00000000000000000, -183.9130217848418738 ) ) ;
#1095 = CARTESIAN_POINT ( 'NONE',  ( 0.000000000000000000, 72.00000000000000000, 0.000000000000000000 ) ) ;
#1096 = EDGE_CURVE ( 'NONE', #1817, #3774, #3461, .T. ) ;
#1097 = EDGE_LOOP ( 'NONE', ( #4263, #2122 ) ) ;
#1098 = ORIENTED_EDGE ( 'NONE', *, *, #1938, .F. ) ;
#1099 = CARTESIAN_POINT ( 'NONE',  ( 40.59049678172500819, 53.86962767620165948, -113.4579285447275652 ) ) ;
#1100 = DIRECTION ( 'NONE',  ( 0.000000000000000000, 0.000000000000000000, -1.000000000000000000 ) ) ;
#1101 = DIRECTION ( 'NONE',  ( -0.000000000000000000, -1.000000000000000000, -0.000000000000000000 ) ) ;
#1102 = CIRCLE ( 'NONE', #3263, 120.5000000000000000 ) ;
#1103 = ORIENTED_EDGE ( 'NONE', *, *, #2155, .F. ) ;
#1104 = CIRCLE ( 'NONE', #1107, 12.50000000000001066 ) ;
#1105 = CARTESIAN_POINT ( 'NONE',  ( 52.39463284441546875, 72.00000000000000000, -154.3496111077022306 ) ) ;
#1106 = CARTESIAN_POINT ( 'NONE',  ( 20.29682289021804920, 81.99999999999998579, -154.1696759436275670 ) ) ;
#1107 = AXIS2_PLACEMENT_3D ( 'NONE', #2760, #1749, #3740 ) ;
#1108 = ORIENTED_EDGE ( 'NONE', *, *, #3153, .T. ) ;
#1109 = CARTESIAN_POINT ( 'NONE',  ( 15.00000000000000355, 5.000000000000000000, -163.8000000000000398 ) ) ;
#1110 = AXIS2_PLACEMENT_3D ( 'NONE', #536, #3206, #214 ) ;
#1111 = DIRECTION ( 'NONE',  ( 0.000000000000000000, 0.000000000000000000, -1.000000000000000000 ) ) ;
#1112 = CARTESIAN_POINT ( 'NONE',  ( 15.00000000000000355, 5.000000000000000000, -165.5000000000000284 ) ) ;
#1113 = VECTOR ( 'NONE', #4279, 1000.000000000000000 ) ;
#1114 = ORIENTED_EDGE ( 'NONE', *, *, #417, .F. ) ;
#1115 = ADVANCED_FACE ( 'NONE', ( #2371, #405 ), #2702, .T. ) ;
#1116 = CYLINDRICAL_SURFACE ( 'NONE', #4, 155.5000000000000284 ) ;
#1117 = LINE ( 'NONE', #2759, #991 ) ;
#1118 = DIRECTION ( 'NONE',  ( -0.000000000000000000, -1.000000000000000000, -0.000000000000000000 ) ) ;
#1119 = VERTEX_POINT ( 'NONE', #83 ) ;
#1120 = ORIENTED_EDGE ( 'NONE', *, *, #2885, .F. ) ;
#1121 = ADVANCED_FACE ( 'NONE', ( #1765 ), #4087, .T. ) ;
#1122 = EDGE_CURVE ( 'NONE', #4139, #807, #511, .T. ) ;
#1123 = FACE_BOUND ( 'NONE', #1882, .T. ) ;
#1124 = DIRECTION ( 'NONE',  ( 0.000000000000000000, 1.000000000000000000, 0.000000000000000000 ) ) ;
#1125 = DIRECTION ( 'NONE',  ( -0.2164396139381030704, 0.000000000000000000, 0.9762960071199333623 ) ) ;
#1126 = ORIENTED_EDGE ( 'NONE', *, *, #3718, .F. ) ;
#1127 = VECTOR ( 'NONE', #1245, 1000.000000000000000 ) ;
#1128 = LINE ( 'NONE', #451, #2945 ) ;
#1129 = CARTESIAN_POINT ( 'NONE',  ( -64.38717422483091468, 5.000000000000004441, -157.8750828830861224 ) ) ;
#1130 = AXIS2_PLACEMENT_3D ( 'NONE', #2881, #949, #934 ) ;
#1131 = ORIENTED_EDGE ( 'NONE', *, *, #1865, .T. ) ;
#1132 = CIRCLE ( 'NONE', #2888, 195.5000000000000000 ) ;
#1133 = STYLED_ITEM ( 'NONE', ( #799 ), #2060 ) ;
#1134 = CARTESIAN_POINT ( 'NONE',  ( 42.38101688934187194, 53.70005374385581831, -123.4266821121713917 ) ) ;
#1135 = DIRECTION ( 'NONE',  ( -0.9063077870366497146, 0.000000000000000000, 0.4226182617407001629 ) ) ;
#1136 = CARTESIAN_POINT ( 'NONE',  ( -52.39463284441555402, 81.99999999999998579, -157.0996111077021453 ) ) ;
#1137 = VECTOR ( 'NONE', #3264, 1000.000000000000000 ) ;
#1138 = VECTOR ( 'NONE', #1984, 1000.000000000000000 ) ;
#1139 = EDGE_LOOP ( 'NONE', ( #1850, #4200, #3353, #1120 ) ) ;
#1140 = AXIS2_PLACEMENT_3D ( 'NONE', #4120, #2125, #485 ) ;
#1141 = LINE ( 'NONE', #1292, #976 ) ;
#1142 = AXIS2_PLACEMENT_3D ( 'NONE', #3139, #145, #1476 ) ;
#1143 = CARTESIAN_POINT ( 'NONE',  ( 36.54545190235526064, 57.85539067112568290, -114.8245693040630329 ) ) ;
#1144 = CARTESIAN_POINT ( 'NONE',  ( -40.14954838551826555, 10.00000000000000000, -181.1029093207476706 ) ) ;
#1145 = EDGE_CURVE ( 'NONE', #2090, #1855, #1600, .T. ) ;
#1146 = ORIENTED_EDGE ( 'NONE', *, *, #3786, .T. ) ;
#1147 = VECTOR ( 'NONE', #2387, 1000.000000000000114 ) ;
#1148 = ORIENTED_EDGE ( 'NONE', *, *, #3628, .T. ) ;
#1149 = CARTESIAN_POINT ( 'NONE',  ( 37.51491818985358151, 54.51062842508202522, -114.5115901828478968 ) ) ;
#1150 = CARTESIAN_POINT ( 'NONE',  ( 40.14954838551813765, 0.000000000000000000, -181.1029093207476990 ) ) ;
#1151 = CARTESIAN_POINT ( 'NONE',  ( 0.000000000000000000, 81.99999999999998579, 0.000000000000000000 ) ) ;
#1152 = EDGE_CURVE ( 'NONE', #1771, #1643, #2394, .T. ) ;
#1153 = ORIENTED_EDGE ( 'NONE', *, *, #2694, .F. ) ;
#1154 = DIRECTION ( 'NONE',  ( 0.000000000000000000, 0.000000000000000000, 1.000000000000000000 ) ) ;
#1155 = CARTESIAN_POINT ( 'NONE',  ( -70.70261554818613092, 72.00000000000000000, -195.6514459951412732 ) ) ;
#1156 = ADVANCED_FACE ( 'NONE', ( #3101 ), #3974, .F. ) ;
#1157 = EDGE_LOOP ( 'NONE', ( #2261, #31, #1209, #1169 ) ) ;
#1158 = CARTESIAN_POINT ( 'NONE',  ( 0.000000000000000000, 0.000000000000000000, 0.000000000000000000 ) ) ;
#1159 = DIRECTION ( 'NONE',  ( 0.5000000000000008882, 0.000000000000000000, -0.8660254037844380415 ) ) ;
#1160 = ORIENTED_EDGE ( 'NONE', *, *, #423, .T. ) ;
#1161 = CARTESIAN_POINT ( 'NONE',  ( 0.000000000000000000, 10.00000000000000000, -120.5000000000000000 ) ) ;
#1162 = CARTESIAN_POINT ( 'NONE',  ( 78.39568755290000013, 10.00000000000000000, -168.1200944952985310 ) ) ;
#1163 = DIRECTION ( 'NONE',  ( 0.000000000000000000, 0.000000000000000000, -1.000000000000000000 ) ) ;
#1164 = ORIENTED_EDGE ( 'NONE', *, *, #937, .T. ) ;
#1165 = VERTEX_POINT ( 'NONE', #2084 ) ;
#1166 = CARTESIAN_POINT ( 'NONE',  ( -41.97514277044425057, 21.69980894866425558, -123.5653018925731317 ) ) ;
#1167 = DIRECTION ( 'NONE',  ( 0.000000000000000000, 0.000000000000000000, -1.000000000000000000 ) ) ;
#1168 = CARTESIAN_POINT ( 'NONE',  ( 52.39463284441546165, 0.000000000000000000, -154.3496111077022590 ) ) ;
#1169 = ORIENTED_EDGE ( 'NONE', *, *, #2795, .F. ) ;
#1170 = EDGE_CURVE ( 'NONE', #911, #41, #3422, .T. ) ;
#1171 = DIRECTION ( 'NONE',  ( -0.000000000000000000, 1.000000000000000000, -0.000000000000000000 ) ) ;
#1172 = CARTESIAN_POINT ( 'NONE',  ( -97.75000000000027001, 0.000000000000000000, -169.3079664398576654 ) ) ;
#1173 = ORIENTED_EDGE ( 'NONE', *, *, #974, .F. ) ;
#1174 = CIRCLE ( 'NONE', #1867, 12.50000000000001066 ) ;
#1175 = EDGE_CURVE ( 'NONE', #992, #1835, #2083, .T. ) ;
#1176 = DIRECTION ( 'NONE',  ( 0.5000000000000013323, 0.000000000000000000, 0.8660254037844379305 ) ) ;
#1177 = VECTOR ( 'NONE', #2778, 1000.000000000000000 ) ;
#1178 = CARTESIAN_POINT ( 'NONE',  ( -14.99999999999999645, 5.000000000000000000, -163.7750000000000341 ) ) ;
#1179 = ORIENTED_EDGE ( 'NONE', *, *, #1991, .F. ) ;
#1180 = AXIS2_PLACEMENT_3D ( 'NONE', #4299, #3606, #3649 ) ;
#1181 = FACE_OUTER_BOUND ( 'NONE', #37, .T. ) ;
#1182 = FACE_OUTER_BOUND ( 'NONE', #2914, .T. ) ;
#1183 = CARTESIAN_POINT ( 'NONE',  ( -73.60711329313414808, 72.00000000000000000, -188.2210007918386623 ) ) ;
#1184 = AXIS2_PLACEMENT_3D ( 'NONE', #1306, #1610, #339 ) ;
#1185 = ORIENTED_EDGE ( 'NONE', *, *, #475, .T. ) ;
#1186 = ORIENTED_EDGE ( 'NONE', *, *, #3872, .F. ) ;
#1187 = CARTESIAN_POINT ( 'NONE',  ( -44.65801307370176687, 22.98695634604199256, -122.6210681362424708 ) ) ;
#1188 = CARTESIAN_POINT ( 'NONE',  ( 0.000000000000000000, 0.000000000000000000, 0.000000000000000000 ) ) ;
#1189 = FACE_BOUND ( 'NONE', #2032, .T. ) ;
#1190 = DIRECTION ( 'NONE',  ( 0.000000000000000000, 0.000000000000000000, 1.000000000000000000 ) ) ;
#1191 = ORIENTED_EDGE ( 'NONE', *, *, #4029, .T. ) ;
#1192 = DIRECTION ( 'NONE',  ( -0.4226182617407008291, -0.000000000000000000, 0.9063077870366492705 ) ) ;
#1193 = CARTESIAN_POINT ( 'NONE',  ( 59.37786577456844128, 72.00000000000000000, -127.3362440786492442 ) ) ;
#1194 = VECTOR ( 'NONE', #849, 1000.000000000000227 ) ;
#1195 = EDGE_LOOP ( 'NONE', ( #3962, #3638, #2134, #1191 ) ) ;
#1196 = EDGE_CURVE ( 'NONE', #175, #1716, #205, .T. ) ;
#1197 = CARTESIAN_POINT ( 'NONE',  ( -72.05641362678954920, 10.00000000000000000, -154.5254776897487261 ) ) ;
#1198 = VECTOR ( 'NONE', #3204, 1000.000000000000114 ) ;
#1199 = LINE ( 'NONE', #494, #2992 ) ;
#1200 = EDGE_CURVE ( 'NONE', #3323, #2130, #1875, .T. ) ;
#1201 = AXIS2_PLACEMENT_3D ( 'NONE', #3659, #2279, #3612 ) ;
#1202 = VERTEX_POINT ( 'NONE', #3195 ) ;
#1203 = CARTESIAN_POINT ( 'NONE',  ( -18.50000000000002132, 5.000000000000000000, -146.7500000000000284 ) ) ;
#1204 = AXIS2_PLACEMENT_3D ( 'NONE', #1460, #1863, #2792 ) ;
#1205 = LINE ( 'NONE', #3187, #784 ) ;
#1206 = AXIS2_PLACEMENT_3D ( 'NONE', #1094, #3084, #1424 ) ;
#1207 = CARTESIAN_POINT ( 'NONE',  ( 18.49999999999997868, 0.000000000000000000, -146.7500000000000284 ) ) ;
#1208 = EDGE_CURVE ( 'NONE', #1835, #3723, #3217, .T. ) ;
#1209 = ORIENTED_EDGE ( 'NONE', *, *, #3179, .F. ) ;
#1210 = VERTEX_POINT ( 'NONE', #881 ) ;
#1211 = AXIS2_PLACEMENT_3D ( 'NONE', #3346, #2365, #705 ) ;
#1212 = AXIS2_PLACEMENT_3D ( 'NONE', #1517, #1886, #2218 ) ;
#1213 = FACE_OUTER_BOUND ( 'NONE', #3411, .T. ) ;
#1214 = DIRECTION ( 'NONE',  ( 0.000000000000000000, 0.000000000000000000, 1.000000000000000000 ) ) ;
#1215 = FACE_OUTER_BOUND ( 'NONE', #2343, .T. ) ;
#1216 = VECTOR ( 'NONE', #1301, 1000.000000000000000 ) ;
#1217 = CARTESIAN_POINT ( 'NONE',  ( -70.25000000000017053, 61.99999999999999289, -121.6765692317135290 ) ) ;
#1218 = ORIENTED_EDGE ( 'NONE', *, *, #1592, .F. ) ;
#1219 = DIRECTION ( 'NONE',  ( -0.000000000000000000, -1.000000000000000000, -0.000000000000000000 ) ) ;
#1220 = LINE ( 'NONE', #1785, #3856 ) ;
#1221 = CARTESIAN_POINT ( 'NONE',  ( -83.53727058558150986, 72.00000000000000000, -189.4008211795481600 ) ) ;
#1222 = ORIENTED_EDGE ( 'NONE', *, *, #2183, .T. ) ;
#1223 = CARTESIAN_POINT ( 'NONE',  ( 52.39463284441546875, 81.99999999999998579, -154.3496111077022306 ) ) ;
#1224 = DIRECTION ( 'NONE',  ( -0.000000000000000000, -1.000000000000000000, 0.000000000000000000 ) ) ;
#1225 = ORIENTED_EDGE ( 'NONE', *, *, #4168, .F. ) ;
#1226 = CARTESIAN_POINT ( 'NONE',  ( 40.64091420145725664, 5.000000000000004441, -150.0951901057118789 ) ) ;
#1227 = EDGE_CURVE ( 'NONE', #2123, #1716, #1562, .T. ) ;
#1228 = CARTESIAN_POINT ( 'NONE',  ( 0.000000000000000000, 81.99999999999998579, 0.000000000000000000 ) ) ;
#1229 = CYLINDRICAL_SURFACE ( 'NONE', #3900, 1.700000000000007061 ) ;
#1230 = EDGE_LOOP ( 'NONE', ( #198, #4257 ) ) ;
#1231 = ORIENTED_EDGE ( 'NONE', *, *, #1264, .T. ) ;
#1232 = EDGE_CURVE ( 'NONE', #3487, #3083, #832, .T. ) ;
#1233 = CARTESIAN_POINT ( 'NONE',  ( -45.29537560312247990, 25.00000000000000000, -122.3870048206592003 ) ) ;
#1234 = LINE ( 'NONE', #4205, #4306 ) ;
#1235 = DIRECTION ( 'NONE',  ( -0.000000000000000000, -1.000000000000000000, -0.000000000000000000 ) ) ;
#1236 = EDGE_LOOP ( 'NONE', ( #305, #215, #1131, #1822 ) ) ;
#1237 = CARTESIAN_POINT ( 'NONE',  ( 78.39568755290000013, 0.000000000000000000, -168.1200944952985310 ) ) ;
#1238 = DIRECTION ( 'NONE',  ( -0.2164396139381029871, 0.000000000000000000, 0.9762960071199332512 ) ) ;
#1239 = LINE ( 'NONE', #3285, #2884 ) ;
#1240 = ORIENTED_EDGE ( 'NONE', *, *, #4190, .F. ) ;
#1241 = DIRECTION ( 'NONE',  ( -0.2164396139381040973, -0.000000000000000000, -0.9762960071199330292 ) ) ;
#1242 = LINE ( 'NONE', #3913, #2433 ) ;
#1243 = AXIS2_PLACEMENT_3D ( 'NONE', #3020, #4028, #2995 ) ;
#1244 = EDGE_LOOP ( 'NONE', ( #1307, #1114, #3484, #2235 ) ) ;
#1245 = DIRECTION ( 'NONE',  ( -0.000000000000000000, -1.000000000000000000, -0.000000000000000000 ) ) ;
#1246 = AXIS2_PLACEMENT_3D ( 'NONE', #4243, #2579, #1874 ) ;
#1247 = FACE_OUTER_BOUND ( 'NONE', #4226, .T. ) ;
#1248 = DIRECTION ( 'NONE',  ( -0.000000000000000000, 1.000000000000000000, -0.000000000000000000 ) ) ;
#1249 = EDGE_LOOP ( 'NONE', ( #3238, #2282, #659, #2442 ) ) ;
#1250 = VECTOR ( 'NONE', #2117, 999.9999999999998863 ) ;
#1251 = ORIENTED_EDGE ( 'NONE', *, *, #2482, .T. ) ;
#1252 = ADVANCED_FACE ( 'NONE', ( #572 ), #2234, .T. ) ;
#1253 = CARTESIAN_POINT ( 'NONE',  ( -81.55123912709203182, 81.99999999999998579, -189.1648571020062661 ) ) ;
#1254 = CIRCLE ( 'NONE', #1944, 2.000000000000001776 ) ;
#1255 = FACE_BOUND ( 'NONE', #1390, .T. ) ;
#1256 = VERTEX_POINT ( 'NONE', #2895 ) ;
#1257 = ADVANCED_FACE ( 'NONE', ( #3899 ), #772, .F. ) ;
#1258 = EDGE_CURVE ( 'NONE', #2321, #4026, #1394, .T. ) ;
#1259 = ORIENTED_EDGE ( 'NONE', *, *, #2094, .T. ) ;
#1260 = CARTESIAN_POINT ( 'NONE',  ( -39.05541786979312491, 25.42983643592146592, -124.5187782064322306 ) ) ;
#1261 = CARTESIAN_POINT ( 'NONE',  ( 44.98109965082303319, 58.46166913884962923, -122.5028877373135003 ) ) ;
#1262 = FACE_OUTER_BOUND ( 'NONE', #609, .T. ) ;
#1263 = ORIENTED_EDGE ( 'NONE', *, *, #1039, .F. ) ;
#1264 = EDGE_CURVE ( 'NONE', #4165, #2241, #3425, .T. ) ;
#1265 = CARTESIAN_POINT ( 'NONE',  ( -14.99999999999999645, 5.025000000000002132, -167.2000000000000455 ) ) ;
#1266 = FACE_OUTER_BOUND ( 'NONE', #614, .T. ) ;
#1267 = EDGE_LOOP ( 'NONE', ( #355, #1160, #701, #2219 ) ) ;
#1268 = AXIS2_PLACEMENT_3D ( 'NONE', #626, #1269, #3957 ) ;
#1269 = DIRECTION ( 'NONE',  ( -0.000000000000000000, -1.000000000000000000, -0.000000000000000000 ) ) ;
#1270 = DIRECTION ( 'NONE',  ( 0.000000000000000000, 0.000000000000000000, 1.000000000000000000 ) ) ;
#1271 = VECTOR ( 'NONE', #1392, 1000.000000000000000 ) ;
#1272 = ORIENTED_EDGE ( 'NONE', *, *, #1731, .T. ) ;
#1273 = VECTOR ( 'NONE', #1238, 1000.000000000000227 ) ;
#1274 = VECTOR ( 'NONE', #1623, 1000.000000000000000 ) ;
#1275 = FACE_OUTER_BOUND ( 'NONE', #320, .T. ) ;
#1276 = DIRECTION ( 'NONE',  ( -0.000000000000000000, -1.000000000000000000, -0.000000000000000000 ) ) ;
#1277 = CARTESIAN_POINT ( 'NONE',  ( 0.000000000000000000, 0.000000000000000000, 0.000000000000000000 ) ) ;
#1278 = EDGE_CURVE ( 'NONE', #321, #3882, #2517, .T. ) ;
#1279 = CIRCLE ( 'NONE', #2604, 1.700000000000007061 ) ;
#1280 = AXIS2_PLACEMENT_3D ( 'NONE', #2209, #899, #4027 ) ;
#1281 = ORIENTED_EDGE ( 'NONE', *, *, #3982, .T. ) ;
#1282 = DIRECTION ( 'NONE',  ( 0.000000000000000000, 1.000000000000000000, 0.000000000000000000 ) ) ;
#1283 = AXIS2_PLACEMENT_3D ( 'NONE', #2413, #1846, #840 ) ;
#1284 = CARTESIAN_POINT ( 'NONE',  ( 41.77027542311761721, 60.27917880345472668, -123.6346984448352231 ) ) ;
#1285 = FACE_OUTER_BOUND ( 'NONE', #624, .T. ) ;
#1286 = EDGE_CURVE ( 'NONE', #3833, #2608, #4127, .T. ) ;
#1287 = ORIENTED_EDGE ( 'NONE', *, *, #3896, .T. ) ;
#1288 = DIRECTION ( 'NONE',  ( 0.000000000000000000, 0.000000000000000000, 1.000000000000000000 ) ) ;
#1289 = ADVANCED_FACE ( 'NONE', ( #2181 ), #2489, .F. ) ;
#1290 = DIRECTION ( 'NONE',  ( 0.000000000000000000, 0.000000000000000000, 1.000000000000000000 ) ) ;
#1291 = ORIENTED_EDGE ( 'NONE', *, *, #3818, .T. ) ;
#1292 = CARTESIAN_POINT ( 'NONE',  ( -67.76735372652986200, 44.19248842920672615, -196.3387103335908250 ) ) ;
#1293 = CARTESIAN_POINT ( 'NONE',  ( -42.25273972865245753, 25.00000000000000000, -123.7819540552209645 ) ) ;
#1294 = VERTEX_POINT ( 'NONE', #2796 ) ;
#1295 = CARTESIAN_POINT ( 'NONE',  ( 15.00000000000000355, 10.00000000000000000, -150.5000000000000284 ) ) ;
#1296 = LINE ( 'NONE', #699, #1797 ) ;
#1297 = VERTEX_POINT ( 'NONE', #1487 ) ;
#1298 = EDGE_LOOP ( 'NONE', ( #2162, #615, #1998, #4084, #1743, #467 ) ) ;
#1299 = DIRECTION ( 'NONE',  ( -1.000000000000000000, 0.000000000000000000, -0.000000000000000000 ) ) ;
#1300 = CARTESIAN_POINT ( 'NONE',  ( 40.61013916465960705, 59.86692381697749710, -124.0205582676222349 ) ) ;
#1301 = DIRECTION ( 'NONE',  ( -0.000000000000000000, 1.000000000000000000, -0.000000000000000000 ) ) ;
#1302 = ORIENTED_EDGE ( 'NONE', *, *, #212, .T. ) ;
#1303 = EDGE_CURVE ( 'NONE', #2372, #2, #3456, .T. ) ;
#1304 = APPLICATION_CONTEXT ( 'automotive_design' ) ;
#1305 = FACE_BOUND ( 'NONE', #1708, .T. ) ;
#1306 = CARTESIAN_POINT ( 'NONE',  ( -52.39463284441555402, 9.999999999999994671, -154.3496111077021737 ) ) ;
#1307 = ORIENTED_EDGE ( 'NONE', *, *, #3098, .F. ) ;
#1308 = EDGE_CURVE ( 'NONE', #666, #1297, #1952, .T. ) ;
#1309 = DIRECTION ( 'NONE',  ( 0.000000000000000000, 0.000000000000000000, -1.000000000000000000 ) ) ;
#1310 = CARTESIAN_POINT ( 'NONE',  ( -20.29682289021814867, 81.99999999999998579, -154.1696759436275102 ) ) ;
#1311 = CARTESIAN_POINT ( 'NONE',  ( -65.71713970067902721, 72.00000000000000000, -140.9308608841989496 ) ) ;
#1312 = EDGE_LOOP ( 'NONE', ( #3363, #1611, #1682, #4220 ) ) ;
#1313 = AXIS2_PLACEMENT_3D ( 'NONE', #571, #2232, #2191 ) ;
#1314 = CYLINDRICAL_SURFACE ( 'NONE', #857, 120.5000000000000000 ) ;
#1315 = CARTESIAN_POINT ( 'NONE',  ( 0.000000000000000000, 81.99999999999998579, 0.000000000000000000 ) ) ;
#1316 = ORIENTED_EDGE ( 'NONE', *, *, #766, .F. ) ;
#1317 = ORIENTED_EDGE ( 'NONE', *, *, #3758, .F. ) ;
#1318 = AXIS2_PLACEMENT_3D ( 'NONE', #324, #4320, #370 ) ;
#1319 = CARTESIAN_POINT ( 'NONE',  ( -43.73910132882627266, 27.86566175124386646, -122.9519146120028381 ) ) ;
#1320 = CARTESIAN_POINT ( 'NONE',  ( 30.40976575830350015, 10.00000000000000000, -137.1695890003506406 ) ) ;
#1321 = FACE_OUTER_BOUND ( 'NONE', #3979, .T. ) ;
#1322 = ORIENTED_EDGE ( 'NONE', *, *, #907, .T. ) ;
#1323 = CARTESIAN_POINT ( 'NONE',  ( -36.44477503485190084, 25.00000000000000000, -114.8565556364068954 ) ) ;
#1324 = DIRECTION ( 'NONE',  ( 0.000000000000000000, 0.000000000000000000, -1.000000000000000000 ) ) ;
#1325 = LINE ( 'NONE', #1953, #1113 ) ;
#1326 = ADVANCED_FACE ( 'NONE', ( #3822 ), #1831, .F. ) ;
#1327 = ORIENTED_EDGE ( 'NONE', *, *, #1227, .T. ) ;
#1328 = ORIENTED_EDGE ( 'NONE', *, *, #1837, .F. ) ;
#1329 = CARTESIAN_POINT ( 'NONE',  ( 24.21260865681960439, 72.00000000000000000, -183.9130217848419022 ) ) ;
#1330 = DIRECTION ( 'NONE',  ( 0.1305261922200524061, 0.000000000000000000, 0.9914448613738102711 ) ) ;
#1331 = CARTESIAN_POINT ( 'NONE',  ( -83.53727058558150986, 81.99999999999998579, -189.4008211795481600 ) ) ;
#1332 = EDGE_CURVE ( 'NONE', #1485, #175, #152, .T. ) ;
#1333 = VECTOR ( 'NONE', #1505, 1000.000000000000000 ) ;
#1334 = ORIENTED_EDGE ( 'NONE', *, *, #1175, .F. ) ;
#1335 = DIRECTION ( 'NONE',  ( 0.000000000000000000, 0.000000000000000000, -1.000000000000000000 ) ) ;
#1336 = CIRCLE ( 'NONE', #1821, 10.00000000000003730 ) ;
#1337 = CARTESIAN_POINT ( 'NONE',  ( -68.93530563985072490, 72.00000000000000000, -194.7151684252403925 ) ) ;
#1338 = EDGE_CURVE ( 'NONE', #2782, #310, #4113, .T. ) ;
#1339 = ORIENTED_EDGE ( 'NONE', *, *, #741, .F. ) ;
#1340 = ORIENTED_EDGE ( 'NONE', *, *, #2725, .F. ) ;
#1341 = AXIS2_PLACEMENT_3D ( 'NONE', #2720, #684, #3347 ) ;
#1342 = CIRCLE ( 'NONE', #847, 1.700000000000007061 ) ;
#1343 = EDGE_LOOP ( 'NONE', ( #1462, #3348, #4094, #1854 ) ) ;
#1344 = CARTESIAN_POINT ( 'NONE',  ( 40.14954838551813765, 72.00000000000000000, -181.1029093207476990 ) ) ;
#1345 = DIRECTION ( 'NONE',  ( 0.000000000000000000, 0.000000000000000000, -1.000000000000000000 ) ) ;
#1346 = DIRECTION ( 'NONE',  ( 0.000000000000000000, 0.000000000000000000, -1.000000000000000000 ) ) ;
#1347 = AXIS2_PLACEMENT_3D ( 'NONE', #2990, #2023, #3358 ) ;
#1348 = ORIENTED_EDGE ( 'NONE', *, *, #3685, .F. ) ;
#1349 = AXIS2_PLACEMENT_3D ( 'NONE', #3792, #1777, #1167 ) ;
#1350 = FACE_BOUND ( 'NONE', #1451, .T. ) ;
#1351 = CARTESIAN_POINT ( 'NONE',  ( 52.39463284441546875, 36.64466094067258695, -141.8496111077022306 ) ) ;
#1352 = CYLINDRICAL_SURFACE ( 'NONE', #2787, 140.5000000000000000 ) ;
#1353 = ORIENTED_EDGE ( 'NONE', *, *, #797, .T. ) ;
#1354 = ORIENTED_EDGE ( 'NONE', *, *, #2960, .T. ) ;
#1355 = EDGE_CURVE ( 'NONE', #3287, #3071, #1851, .T. ) ;
#1356 = CYLINDRICAL_SURFACE ( 'NONE', #3570, 155.5000000000000284 ) ;
#1357 = DIRECTION ( 'NONE',  ( 0.000000000000000000, 0.000000000000000000, -1.000000000000000000 ) ) ;
#1358 = DIRECTION ( 'NONE',  ( 0.000000000000000000, 1.000000000000000000, 0.000000000000000000 ) ) ;
#1359 = VERTEX_POINT ( 'NONE', #1789 ) ;
#1360 = EDGE_CURVE ( 'NONE', #1491, #3517, #787, .T. ) ;
#1361 = DIRECTION ( 'NONE',  ( 0.000000000000000000, 0.000000000000000000, -1.000000000000000000 ) ) ;
#1362 = DIRECTION ( 'NONE',  ( 0.000000000000000000, -1.000000000000000000, 0.000000000000000000 ) ) ;
#1363 = VERTEX_POINT ( 'NONE', #3127 ) ;
#1364 = EDGE_CURVE ( 'NONE', #1771, #309, #3497, .T. ) ;
#1365 = CARTESIAN_POINT ( 'NONE',  ( -43.56007933365441431, 27.96677138424272613, -123.0154853883423556 ) ) ;
#1366 = LINE ( 'NONE', #1687, #367 ) ;
#1367 = DIRECTION ( 'NONE',  ( -0.000000000000000000, 1.000000000000000000, -0.000000000000000000 ) ) ;
#1368 = VERTEX_POINT ( 'NONE', #3168 ) ;
#1369 = CARTESIAN_POINT ( 'NONE',  ( -36.44477503485190084, 24.78438345844882207, -114.8565556364069096 ) ) ;
#1370 = DIRECTION ( 'NONE',  ( -0.000000000000000000, 1.000000000000000000, -0.000000000000000000 ) ) ;
#1371 = CARTESIAN_POINT ( 'NONE',  ( -36.46542356644675209, 25.43469147607681080, -114.8500094735660042 ) ) ;
#1372 = VERTEX_POINT ( 'NONE', #3493 ) ;
#1373 = VERTEX_POINT ( 'NONE', #2860 ) ;
#1374 = DIRECTION ( 'NONE',  ( 8.659560562354782482E-17, -0.7071067811865597852, 0.7071067811865352493 ) ) ;
#1375 = DIRECTION ( 'NONE',  ( 0.1305261922200515179, 0.000000000000000000, -0.9914448613738104932 ) ) ;
#1376 = CARTESIAN_POINT ( 'NONE',  ( 18.49999999999997868, 5.000000000000000000, -146.7500000000000284 ) ) ;
#1377 = VERTEX_POINT ( 'NONE', #3698 ) ;
#1378 = DIRECTION ( 'NONE',  ( -0.000000000000000000, 1.000000000000000000, -0.000000000000000000 ) ) ;
#1379 = CARTESIAN_POINT ( 'NONE',  ( -52.39463284441555402, 72.00000000000000000, -154.3496111077021737 ) ) ;
#1380 = ADVANCED_FACE ( 'NONE', ( #4196 ), #808, .F. ) ;
#1381 = ORIENTED_EDGE ( 'NONE', *, *, #3956, .T. ) ;
#1382 = ORIENTED_EDGE ( 'NONE', *, *, #4042, .F. ) ;
#1383 = LINE ( 'NONE', #2034, #1050 ) ;
#1384 = CARTESIAN_POINT ( 'NONE',  ( 42.53622432135194487, 55.93548104315029690, -112.7427446171036394 ) ) ;
#1385 = VECTOR ( 'NONE', #1049, 1000.000000000000000 ) ;
#1386 = CARTESIAN_POINT ( 'NONE',  ( 18.33893000691724851, 81.99999999999998579, -139.2980030230203567 ) ) ;
#1387 = LINE ( 'NONE', #3661, #1147 ) ;
#1388 = ADVANCED_FACE ( 'NONE', ( #1181 ), #1711, .F. ) ;
#1389 = EDGE_CURVE ( 'NONE', #556, #891, #1383, .T. ) ;
#1390 = EDGE_LOOP ( 'NONE', ( #3578, #2061, #2424, #718, #377, #3270 ) ) ;
#1391 = AXIS2_PLACEMENT_3D ( 'NONE', #149, #2529, #3489 ) ;
#1392 = DIRECTION ( 'NONE',  ( -0.000000000000000000, -1.000000000000000000, -0.000000000000000000 ) ) ;
#1393 = DIRECTION ( 'NONE',  ( -0.000000000000000000, -1.000000000000000000, 0.000000000000000000 ) ) ;
#1394 = CIRCLE ( 'NONE', #2591, 12.50000000000001066 ) ;
#1395 = DIRECTION ( 'NONE',  ( 0.000000000000000000, 0.000000000000000000, -1.000000000000000000 ) ) ;
#1396 = EDGE_CURVE ( 'NONE', #341, #2085, #3372, .T. ) ;
#1397 = ORIENTED_EDGE ( 'NONE', *, *, #1355, .T. ) ;
#1398 = ORIENTED_EDGE ( 'NONE', *, *, #3837, .F. ) ;
#1399 = CARTESIAN_POINT ( 'NONE',  ( -52.39463284441563218, 10.00000000000000178, -154.3496111077021737 ) ) ;
#1400 = CARTESIAN_POINT ( 'NONE',  ( -52.39463284441555402, 81.99999999999998579, -154.3496111077021737 ) ) ;
#1401 = CARTESIAN_POINT ( 'NONE',  ( 33.65635996737503888, 81.99999999999998579, -151.8140291071497074 ) ) ;
#1402 = ORIENTED_EDGE ( 'NONE', *, *, #3120, .F. ) ;
#1403 = FACE_OUTER_BOUND ( 'NONE', #199, .T. ) ;
#1404 = DIRECTION ( 'NONE',  ( -0.4226182617407000519, -0.000000000000000000, -0.9063077870366496036 ) ) ;
#1405 = VECTOR ( 'NONE', #862, 1000.000000000000114 ) ;
#1406 = EDGE_LOOP ( 'NONE', ( #697, #4006, #1427, #3087 ) ) ;
#1407 = CARTESIAN_POINT ( 'NONE',  ( -36.90295417644663445, 72.00000000000000000, -166.4584692139486606 ) ) ;
#1408 = DIRECTION ( 'NONE',  ( -0.000000000000000000, 1.000000000000000000, -0.000000000000000000 ) ) ;
#1409 = DIRECTION ( 'NONE',  ( -0.000000000000000000, 1.000000000000000000, -0.000000000000000000 ) ) ;
#1410 = VECTOR ( 'NONE', #1539, 1000.000000000000000 ) ;
#1411 = ORIENTED_EDGE ( 'NONE', *, *, #2155, .T. ) ;
#1412 = ADVANCED_FACE ( 'NONE', ( #2716 ), #1116, .F. ) ;
#1413 = AXIS2_PLACEMENT_3D ( 'NONE', #1400, #389, #2731 ) ;
#1414 = CARTESIAN_POINT ( 'NONE',  ( -78.03057567203191525, 76.99999999999998579, -179.2525571931713557 ) ) ;
#1415 = AXIS2_PLACEMENT_3D ( 'NONE', #1559, #2582, #569 ) ;
#1416 = LINE ( 'NONE', #1694, #94 ) ;
#1417 = CARTESIAN_POINT ( 'NONE',  ( -36.44477503485190084, 25.00000000000000000, -114.8565556364068954 ) ) ;
#1418 = VERTEX_POINT ( 'NONE', #1463 ) ;
#1419 = EDGE_CURVE ( 'NONE', #658, #443, #1141, .T. ) ;
#1420 = CARTESIAN_POINT ( 'NONE',  ( 45.19538455917238906, 56.14215794177922447, -122.4239723883663231 ) ) ;
#1421 = CARTESIAN_POINT ( 'NONE',  ( 15.00000000000000355, 5.000000000000000000, -165.5000000000000284 ) ) ;
#1422 = DIRECTION ( 'NONE',  ( 0.000000000000000000, 0.000000000000000000, 1.000000000000000000 ) ) ;
#1423 = ORIENTED_EDGE ( 'NONE', *, *, #1938, .T. ) ;
#1424 = DIRECTION ( 'NONE',  ( 0.1305261922200524061, 0.000000000000000000, 0.9914448613738103822 ) ) ;
#1425 = FACE_OUTER_BOUND ( 'NONE', #730, .T. ) ;
#1426 = ORIENTED_EDGE ( 'NONE', *, *, #715, .F. ) ;
#1427 = ORIENTED_EDGE ( 'NONE', *, *, #4114, .F. ) ;
#1428 = CARTESIAN_POINT ( 'NONE',  ( 0.000000000000000000, 10.00000000000000000, 0.000000000000000000 ) ) ;
#1429 = CARTESIAN_POINT ( 'NONE',  ( 0.000000000000000000, 0.000000000000000000, 0.000000000000000000 ) ) ;
#1430 = DIRECTION ( 'NONE',  ( 0.000000000000000000, 0.000000000000000000, -1.000000000000000000 ) ) ;
#1431 = ORIENTED_EDGE ( 'NONE', *, *, #3972, .F. ) ;
#1432 = SURFACE_STYLE_FILL_AREA ( #105 ) ;
#1433 = DIRECTION ( 'NONE',  ( 0.000000000000000000, 0.000000000000000000, -1.000000000000000000 ) ) ;
#1434 = DIRECTION ( 'NONE',  ( 0.000000000000000000, -1.000000000000000000, 0.000000000000000000 ) ) ;
#1435 = ORIENTED_EDGE ( 'NONE', *, *, #471, .F. ) ;
#1436 = EDGE_CURVE ( 'NONE', #3688, #1119, #1887, .T. ) ;
#1437 = CARTESIAN_POINT ( 'NONE',  ( 52.39463284441546875, 36.64466094067258695, -154.3496111077022306 ) ) ;
#1438 = CYLINDRICAL_SURFACE ( 'NONE', #4074, 12.50000000000006750 ) ;
#1439 = DIRECTION ( 'NONE',  ( -0.000000000000000000, 1.000000000000000000, -0.000000000000000000 ) ) ;
#1440 = ADVANCED_FACE ( 'NONE', ( #1593 ), #2599, .T. ) ;
#1441 = EDGE_CURVE ( 'NONE', #4251, #4186, #2288, .T. ) ;
#1442 = ORIENTED_EDGE ( 'NONE', *, *, #3254, .T. ) ;
#1443 = CARTESIAN_POINT ( 'NONE',  ( 42.28319768001447443, 58.65694814569394566, -112.8379174853386644 ) ) ;
#1444 = CARTESIAN_POINT ( 'NONE',  ( 72.05641362678947814, 10.00000000000000000, -154.5254776897487830 ) ) ;
#1445 = VERTEX_POINT ( 'NONE', #3623 ) ;
#1446 = ORIENTED_EDGE ( 'NONE', *, *, #680, .F. ) ;
#1447 = CARTESIAN_POINT ( 'NONE',  ( 39.38039292325085938, 53.69968953983465099, -113.8836342647327626 ) ) ;
#1448 = DIRECTION ( 'NONE',  ( 0.000000000000000000, 0.000000000000000000, -1.000000000000000000 ) ) ;
#1449 = CARTESIAN_POINT ( 'NONE',  ( -45.02648131759489303, 10.00000000000000178, -164.4471525449932869 ) ) ;
#1450 = AXIS2_PLACEMENT_3D ( 'NONE', #2972, #1362, #2691 ) ;
#1451 = EDGE_LOOP ( 'NONE', ( #1807, #2278 ) ) ;
#1452 = VECTOR ( 'NONE', #743, 1000.000000000000227 ) ;
#1453 = DIRECTION ( 'NONE',  ( -0.000000000000000000, -1.000000000000000000, -0.000000000000000000 ) ) ;
#1454 = CARTESIAN_POINT ( 'NONE',  ( 45.02648131759482908, 0.000000000000000000, -164.4471525449933722 ) ) ;
#1455 = CIRCLE ( 'NONE', #3830, 2.749999999999974687 ) ;
#1456 = ORIENTED_EDGE ( 'NONE', *, *, #1811, .F. ) ;
#1457 = CARTESIAN_POINT ( 'NONE',  ( 0.000000000000000000, 10.00000000000000000, 0.000000000000000000 ) ) ;
#1458 = AXIS2_PLACEMENT_3D ( 'NONE', #3731, #2414, #3750 ) ;
#1459 = EDGE_CURVE ( 'NONE', #4186, #992, #561, .T. ) ;
#1460 = CARTESIAN_POINT ( 'NONE',  ( 15.00000000000000355, 10.00000000000000000, -150.5000000000000284 ) ) ;
#1461 = CARTESIAN_POINT ( 'NONE',  ( -60.25000000000015632, 81.99999999999998579, -104.3560611560247651 ) ) ;
#1462 = ORIENTED_EDGE ( 'NONE', *, *, #3064, .F. ) ;
#1463 = CARTESIAN_POINT ( 'NONE',  ( 15.00000000000000355, 5.000000000000000000, -152.2250000000000227 ) ) ;
#1464 = EDGE_CURVE ( 'NONE', #57, #3487, #4195, .T. ) ;
#1465 = DIRECTION ( 'NONE',  ( 1.541976423090495880E-16, 0.000000000000000000, -1.000000000000000000 ) ) ;
#1466 = LINE ( 'NONE', #4116, #1452 ) ;
#1467 = ORIENTED_EDGE ( 'NONE', *, *, #3496, .F. ) ;
#1468 = ORIENTED_EDGE ( 'NONE', *, *, #1737, .T. ) ;
#1469 = EDGE_CURVE ( 'NONE', #2598, #643, #148, .T. ) ;
#1470 = CARTESIAN_POINT ( 'NONE',  ( 0.000000000000000000, 10.00000000000000000, -195.5000000000000000 ) ) ;
#1471 = CARTESIAN_POINT ( 'NONE',  ( 40.14954838551813054, 81.99999999999998579, -181.1029093207476990 ) ) ;
#1472 = DIRECTION ( 'NONE',  ( -1.665334536937725739E-15, 0.000000000000000000, -1.000000000000000000 ) ) ;
#1473 = ORIENTED_EDGE ( 'NONE', *, *, #2208, .F. ) ;
#1474 = VECTOR ( 'NONE', #2022, 999.9999999999998863 ) ;
#1475 = DIRECTION ( 'NONE',  ( -0.000000000000000000, 1.000000000000000000, -0.000000000000000000 ) ) ;
#1476 = DIRECTION ( 'NONE',  ( 1.776356839400250465E-15, 0.000000000000000000, -1.000000000000000000 ) ) ;
#1477 = AXIS2_PLACEMENT_3D ( 'NONE', #2901, #3229, #1868 ) ;
#1478 = VERTEX_POINT ( 'NONE', #3588 ) ;
#1479 = VECTOR ( 'NONE', #3093, 1000.000000000000000 ) ;
#1480 = AXIS2_PLACEMENT_3D ( 'NONE', #727, #3394, #3066 ) ;
#1481 = LINE ( 'NONE', #3515, #707 ) ;
#1482 = CARTESIAN_POINT ( 'NONE',  ( -52.39463284441555402, 72.00000000000000000, -141.8496111077021737 ) ) ;
#1483 = AXIS2_PLACEMENT_3D ( 'NONE', #2431, #165, #3832 ) ;
#1484 = AXIS2_PLACEMENT_3D ( 'NONE', #1253, #2894, #4203 ) ;
#1485 = VERTEX_POINT ( 'NONE', #4221 ) ;
#1486 = CIRCLE ( 'NONE', #3442, 1.725000000000004308 ) ;
#1487 = CARTESIAN_POINT ( 'NONE',  ( -73.60711329313414808, 81.99999999999998579, -181.7710007918386452 ) ) ;
#1488 = VECTOR ( 'NONE', #3772, 1000.000000000000000 ) ;
#1489 = DIRECTION ( 'NONE',  ( 0.9762960071199330292, 0.000000000000000000, -0.2164396139381042916 ) ) ;
#1490 = CARTESIAN_POINT ( 'NONE',  ( 0.000000000000000000, 81.99999999999998579, 0.000000000000000000 ) ) ;
#1491 = VERTEX_POINT ( 'NONE', #2966 ) ;
#1492 = ORIENTED_EDGE ( 'NONE', *, *, #1264, .F. ) ;
#1493 = ADVANCED_FACE ( 'NONE', ( #4261 ), #2887, .F. ) ;
#1494 = CARTESIAN_POINT ( 'NONE',  ( -43.18521365929418465, 21.86917098246154012, -123.1475817107741193 ) ) ;
#1495 = CARTESIAN_POINT ( 'NONE',  ( -73.60711329313414808, 44.19248842920672615, -181.7710007918386452 ) ) ;
#1496 = FACE_OUTER_BOUND ( 'NONE', #3392, .T. ) ;
#1497 = EDGE_LOOP ( 'NONE', ( #242, #391 ) ) ;
#1498 = EDGE_CURVE ( 'NONE', #158, #1051, #2225, .T. ) ;
#1499 = SURFACE_SIDE_STYLE ('',( #1432 ) ) ;
#1500 = DIRECTION ( 'NONE',  ( 0.000000000000000000, 0.000000000000000000, 1.000000000000000000 ) ) ;
#1501 = ORIENTED_EDGE ( 'NONE', *, *, #4252, .F. ) ;
#1502 = DIRECTION ( 'NONE',  ( 0.000000000000000000, 0.000000000000000000, -1.000000000000000000 ) ) ;
#1503 = DIRECTION ( 'NONE',  ( 0.000000000000000000, 0.000000000000000000, 1.000000000000000000 ) ) ;
#1504 = ORIENTED_EDGE ( 'NONE', *, *, #136, .T. ) ;
#1505 = DIRECTION ( 'NONE',  ( -0.000000000000000000, 1.000000000000000000, -0.000000000000000000 ) ) ;
#1506 = FACE_OUTER_BOUND ( 'NONE', #916, .T. ) ;
#1507 = CARTESIAN_POINT ( 'NONE',  ( 0.000000000000000000, 81.99999999999998579, 0.000000000000000000 ) ) ;
#1508 = ORIENTED_EDGE ( 'NONE', *, *, #822, .F. ) ;
#1509 = ORIENTED_EDGE ( 'NONE', *, *, #3393, .T. ) ;
#1510 = CARTESIAN_POINT ( 'NONE',  ( -59.12955738187348942, 72.00000000000000000, -143.8191414375142756 ) ) ;
#1511 = CARTESIAN_POINT ( 'NONE',  ( 52.39463284441546875, 81.99999999999998579, -157.0996111077022022 ) ) ;
#1512 = DIRECTION ( 'NONE',  ( -0.000000000000000000, -1.000000000000000000, -0.000000000000000000 ) ) ;
#1513 = EDGE_CURVE ( 'NONE', #3770, #977, #2272, .T. ) ;
#1514 = DIRECTION ( 'NONE',  ( -0.000000000000000000, -1.000000000000000000, -0.000000000000000000 ) ) ;
#1515 = ORIENTED_EDGE ( 'NONE', *, *, #2161, .T. ) ;
#1516 = FACE_OUTER_BOUND ( 'NONE', #3604, .T. ) ;
#1517 = CARTESIAN_POINT ( 'NONE',  ( 0.000000000000000000, 0.000000000000000000, 0.000000000000000000 ) ) ;
#1518 = EDGE_CURVE ( 'NONE', #1847, #310, #2093, .T. ) ;
#1519 = ORIENTED_EDGE ( 'NONE', *, *, #524, .F. ) ;
#1520 = VECTOR ( 'NONE', #202, 1000.000000000000227 ) ;
#1521 = DIRECTION ( 'NONE',  ( 0.000000000000000000, 0.000000000000000000, -1.000000000000000000 ) ) ;
#1522 = EDGE_CURVE ( 'NONE', #2432, #583, #589, .T. ) ;
#1523 = CIRCLE ( 'NONE', #3969, 1.700000000000007061 ) ;
#1524 = CARTESIAN_POINT ( 'NONE',  ( 15.00000000000000355, 10.00000000000000000, -167.2000000000000455 ) ) ;
#1525 = VERTEX_POINT ( 'NONE', #938 ) ;
#1526 = AXIS2_PLACEMENT_3D ( 'NONE', #3736, #4129, #45 ) ;
#1527 = DIRECTION ( 'NONE',  ( 0.000000000000000000, -1.000000000000000000, 0.000000000000000000 ) ) ;
#1528 = CARTESIAN_POINT ( 'NONE',  ( 0.000000000000000000, 81.99999999999998579, -195.5000000000000284 ) ) ;
#1529 = DIRECTION ( 'NONE',  ( 0.000000000000000000, 0.000000000000000000, -1.000000000000000000 ) ) ;
#1530 = ORIENTED_EDGE ( 'NONE', *, *, #1570, .T. ) ;
#1531 = ORIENTED_EDGE ( 'NONE', *, *, #262, .T. ) ;
#1532 = CARTESIAN_POINT ( 'NONE',  ( 15.00000000000000355, 5.000000000000000000, -150.5000000000000284 ) ) ;
#1533 = DIRECTION ( 'NONE',  ( 0.000000000000000000, 1.000000000000000000, -0.000000000000000000 ) ) ;
#1534 = DIRECTION ( 'NONE',  ( 0.000000000000000000, 1.000000000000000000, 0.000000000000000000 ) ) ;
#1535 = DIRECTION ( 'NONE',  ( 0.000000000000000000, 0.000000000000000000, 1.000000000000000000 ) ) ;
#1536 = ORIENTED_EDGE ( 'NONE', *, *, #1704, .T. ) ;
#1537 = EDGE_LOOP ( 'NONE', ( #1861, #1607 ) ) ;
#1538 = EDGE_CURVE ( 'NONE', #3894, #2254, #2308, .T. ) ;
#1539 = DIRECTION ( 'NONE',  ( -0.000000000000000000, 1.000000000000000000, -0.000000000000000000 ) ) ;
#1540 = FACE_OUTER_BOUND ( 'NONE', #132, .T. ) ;
#1541 = CARTESIAN_POINT ( 'NONE',  ( -78.39568755290005697, 81.99999999999998579, -168.1200944952984742 ) ) ;
#1542 = EDGE_LOOP ( 'NONE', ( #340, #2722, #2558, #1793 ) ) ;
#1543 = EDGE_CURVE ( 'NONE', #1678, #1042, #539, .T. ) ;
#1544 = CARTESIAN_POINT ( 'NONE',  ( 0.000000000000000000, 72.00000000000000000, 0.000000000000000000 ) ) ;
#1545 = CARTESIAN_POINT ( 'NONE',  ( 36.90295417644658471, 72.00000000000000000, -166.4584692139487174 ) ) ;
#1546 = TOROIDAL_SURFACE ( 'NONE', #1561, 140.5000000000000000, 10.00000000000000000 ) ;
#1547 = AXIS2_PLACEMENT_3D ( 'NONE', #3345, #1686, #3091 ) ;
#1548 = ORIENTED_EDGE ( 'NONE', *, *, #801, .T. ) ;
#1549 = ADVANCED_FACE ( 'NONE', ( #873, #2203, #3538, #1613, #3234, #3208, #2577, #2947 ), #3914, .T. ) ;
#1550 = DIRECTION ( 'NONE',  ( 0.000000000000000000, 0.000000000000000000, -1.000000000000000000 ) ) ;
#1551 = VECTOR ( 'NONE', #2522, 1000.000000000000000 ) ;
#1552 = DIRECTION ( 'NONE',  ( -0.000000000000000000, 1.000000000000000000, -0.000000000000000000 ) ) ;
#1553 = VECTOR ( 'NONE', #3960, 1000.000000000000114 ) ;
#1554 = CARTESIAN_POINT ( 'NONE',  ( 36.90295417644660603, 81.99999999999998579, -166.4584692139486890 ) ) ;
#1555 = ORIENTED_EDGE ( 'NONE', *, *, #3896, .F. ) ;
#1556 = VERTEX_POINT ( 'NONE', #2249 ) ;
#1557 = AXIS2_PLACEMENT_3D ( 'NONE', #2058, #3416, #2764 ) ;
#1558 = CIRCLE ( 'NONE', #3866, 12.50000000000001066 ) ;
#1559 = CARTESIAN_POINT ( 'NONE',  ( -52.39463284441563218, 45.35533905932756227, -154.3496111077021737 ) ) ;
#1560 = LINE ( 'NONE', #2259, #2707 ) ;
#1561 = AXIS2_PLACEMENT_3D ( 'NONE', #886, #1566, #209 ) ;
#1562 = LINE ( 'NONE', #2192, #137 ) ;
#1563 = ORIENTED_EDGE ( 'NONE', *, *, #476, .T. ) ;
#1564 = LINE ( 'NONE', #3244, #919 ) ;
#1565 = LINE ( 'NONE', #738, #1137 ) ;
#1566 = DIRECTION ( 'NONE',  ( 0.000000000000000000, 1.000000000000000000, 0.000000000000000000 ) ) ;
#1567 = VERTEX_POINT ( 'NONE', #261 ) ;
#1568 = DIRECTION ( 'NONE',  ( 0.000000000000000000, 1.000000000000000000, 0.000000000000000000 ) ) ;
#1569 = FACE_OUTER_BOUND ( 'NONE', #1406, .T. ) ;
#1570 = EDGE_CURVE ( 'NONE', #3517, #692, #3565, .T. ) ;
#1571 = ORIENTED_EDGE ( 'NONE', *, *, #1838, .F. ) ;
#1572 = DIRECTION ( 'NONE',  ( -0.000000000000000000, -1.000000000000000000, -0.000000000000000000 ) ) ;
#1573 = DIRECTION ( 'NONE',  ( -0.000000000000000000, 1.000000000000000000, -0.000000000000000000 ) ) ;
#1574 = CARTESIAN_POINT ( 'NONE',  ( -18.50000000000002132, 5.000000000000000000, -146.7500000000000284 ) ) ;
#1575 = EDGE_CURVE ( 'NONE', #1960, #2533, #2659, .T. ) ;
#1576 = EDGE_CURVE ( 'NONE', #2118, #3911, #912, .T. ) ;
#1577 = VERTEX_POINT ( 'NONE', #1673 ) ;
#1578 = ORIENTED_EDGE ( 'NONE', *, *, #1676, .T. ) ;
#1579 = CARTESIAN_POINT ( 'NONE',  ( -42.38301907358687970, 21.70019369284993616, -123.4259945741167002 ) ) ;
#1580 = DIRECTION ( 'NONE',  ( 0.000000000000000000, 0.000000000000000000, 1.000000000000000000 ) ) ;
#1581 = CARTESIAN_POINT ( 'NONE',  ( 65.25000000000014211, 20.00000000000000355, -113.0163151938691612 ) ) ;
#1582 = EDGE_CURVE ( 'NONE', #1007, #908, #2375, .T. ) ;
#1583 = ORIENTED_EDGE ( 'NONE', *, *, #3006, .F. ) ;
#1584 = ORIENTED_EDGE ( 'NONE', *, *, #295, .T. ) ;
#1585 = DIRECTION ( 'NONE',  ( 0.000000000000000000, 1.000000000000000000, 0.000000000000000000 ) ) ;
#1586 = CARTESIAN_POINT ( 'NONE',  ( 39.81542027226085168, 59.18470922696937464, -124.2779371452255361 ) ) ;
#1587 = DIRECTION ( 'NONE',  ( 0.000000000000000000, 1.000000000000000000, -0.000000000000000000 ) ) ;
#1588 = ORIENTED_EDGE ( 'NONE', *, *, #3952, .T. ) ;
#1589 = LINE ( 'NONE', #869, #844 ) ;
#1590 = CARTESIAN_POINT ( 'NONE',  ( -14.99999999999999645, 5.000000000000000000, -165.5000000000000284 ) ) ;
#1591 = AXIS2_PLACEMENT_3D ( 'NONE', #2277, #3610, #611 ) ;
#1592 = EDGE_CURVE ( 'NONE', #2130, #2770, #4001, .T. ) ;
#1593 = FACE_OUTER_BOUND ( 'NONE', #424, .T. ) ;
#1594 = AXIS2_PLACEMENT_3D ( 'NONE', #2823, #2252, #1834 ) ;
#1595 = DIRECTION ( 'NONE',  ( 0.000000000000000000, 0.000000000000000000, 1.000000000000000000 ) ) ;
#1596 = AXIS2_PLACEMENT_3D ( 'NONE', #2732, #3755, #457 ) ;
#1597 = ORIENTED_EDGE ( 'NONE', *, *, #1806, .F. ) ;
#1598 = EDGE_CURVE ( 'NONE', #2316, #1914, #2067, .T. ) ;
#1599 = CARTESIAN_POINT ( 'NONE',  ( -33.65635996737514546, 72.00000000000000000, -151.8140291071496506 ) ) ;
#1600 = CIRCLE ( 'NONE', #4050, 195.5000000000000284 ) ;
#1601 = CARTESIAN_POINT ( 'NONE',  ( -30.40976575830357476, 0.000000000000000000, -137.1695890003506122 ) ) ;
#1602 = VERTEX_POINT ( 'NONE', #366 ) ;
#1603 = EDGE_CURVE ( 'NONE', #1359, #2904, #719, .T. ) ;
#1604 = CARTESIAN_POINT ( 'NONE',  ( -59.37786577456848391, 10.00000000000000000, -127.3362440786491874 ) ) ;
#1605 = CARTESIAN_POINT ( 'NONE',  ( 44.88476400797451760, 58.65328554468477051, -122.5382497384738087 ) ) ;
#1606 = DIRECTION ( 'NONE',  ( -0.000000000000000000, -1.000000000000000000, -0.000000000000000000 ) ) ;
#1607 = ORIENTED_EDGE ( 'NONE', *, *, #2299, .T. ) ;
#1608 = DIRECTION ( 'NONE',  ( 0.4226182617407008291, 0.000000000000000000, -0.9063077870366492705 ) ) ;
#1609 = AXIS2_PLACEMENT_3D ( 'NONE', #3941, #562, #1896 ) ;
#1610 = DIRECTION ( 'NONE',  ( -0.000000000000000000, -1.000000000000000000, 0.000000000000000000 ) ) ;
#1611 = ORIENTED_EDGE ( 'NONE', *, *, #2758, .F. ) ;
#1612 = AXIS2_PLACEMENT_3D ( 'NONE', #1457, #2152, #127 ) ;
#1613 = FACE_BOUND ( 'NONE', #2066, .T. ) ;
#1614 = DIRECTION ( 'NONE',  ( -0.000000000000000000, 1.000000000000000000, -0.000000000000000000 ) ) ;
#1615 = CIRCLE ( 'NONE', #4069, 140.5000000000000000 ) ;
#1616 = ORIENTED_EDGE ( 'NONE', *, *, #3448, .F. ) ;
#1617 = VECTOR ( 'NONE', #270, 1000.000000000000000 ) ;
#1618 = CARTESIAN_POINT ( 'NONE',  ( 0.000000000000000000, 10.00000000000000000, 0.000000000000000000 ) ) ;
#1619 = DIRECTION ( 'NONE',  ( 0.1305261922200515179, -0.000000000000000000, -0.9914448613738104932 ) ) ;
#1620 = EDGE_CURVE ( 'NONE', #2406, #1485, #492, .T. ) ;
#1621 = AXIS2_PLACEMENT_3D ( 'NONE', #218, #1489, #500 ) ;
#1622 = EDGE_LOOP ( 'NONE', ( #2253, #4228, #1382, #4303, #1240, #3655 ) ) ;
#1623 = DIRECTION ( 'NONE',  ( -1.000000000000000000, -0.000000000000000000, -0.000000000000000000 ) ) ;
#1624 = AXIS2_PLACEMENT_3D ( 'NONE', #520, #4176, #177 ) ;
#1625 = LINE ( 'NONE', #312, #499 ) ;
#1626 = DIRECTION ( 'NONE',  ( 0.000000000000000000, 0.000000000000000000, 1.000000000000000000 ) ) ;
#1627 = EDGE_CURVE ( 'NONE', #3043, #1960, #1053, .T. ) ;
#1628 = ORIENTED_EDGE ( 'NONE', *, *, #951, .T. ) ;
#1629 = CARTESIAN_POINT ( 'NONE',  ( -65.71713970067902721, 72.00000000000000000, -140.9308608841989496 ) ) ;
#1630 = CYLINDRICAL_SURFACE ( 'NONE', #3910, 12.50000000000001066 ) ;
#1631 = ORIENTED_EDGE ( 'NONE', *, *, #3663, .T. ) ;
#1632 = DIRECTION ( 'NONE',  ( 0.000000000000000000, 0.000000000000000000, 1.000000000000000000 ) ) ;
#1633 = LINE ( 'NONE', #3426, #2174 ) ;
#1634 = CYLINDRICAL_SURFACE ( 'NONE', #2781, 12.50000000000001066 ) ;
#1635 = EDGE_LOOP ( 'NONE', ( #346, #25 ) ) ;
#1636 = FACE_OUTER_BOUND ( 'NONE', #1157, .T. ) ;
#1637 = DIRECTION ( 'NONE',  ( 0.000000000000000000, 1.000000000000000000, 0.000000000000000000 ) ) ;
#1638 = ORIENTED_EDGE ( 'NONE', *, *, #1145, .F. ) ;
#1639 = EDGE_LOOP ( 'NONE', ( #1027, #3571, #3555, #543 ) ) ;
#1640 = EDGE_CURVE ( 'NONE', #692, #3473, #2730, .T. ) ;
#1641 = CARTESIAN_POINT ( 'NONE',  ( -14.99999999999999645, 5.000000000000000000, -148.7750000000000057 ) ) ;
#1642 = CARTESIAN_POINT ( 'NONE',  ( 0.000000000000000000, 72.00000000000000000, 0.000000000000000000 ) ) ;
#1643 = VERTEX_POINT ( 'NONE', #3338 ) ;
#1644 = ADVANCED_FACE ( 'NONE', ( #672 ), #1999, .F. ) ;
#1645 = CARTESIAN_POINT ( 'NONE',  ( -41.47963592840729063, 22.37290702567955947, -113.1358569224126143 ) ) ;
#1646 = DIRECTION ( 'NONE',  ( 0.000000000000000000, 0.000000000000000000, -1.000000000000000000 ) ) ;
#1647 = FACE_OUTER_BOUND ( 'NONE', #3380, .T. ) ;
#1648 = VERTEX_POINT ( 'NONE', #1071 ) ;
#1649 = ORIENTED_EDGE ( 'NONE', *, *, #2021, .T. ) ;
#1650 = EDGE_CURVE ( 'NONE', #4081, #3882, #694, .T. ) ;
#1651 = DIRECTION ( 'NONE',  ( 0.000000000000000000, 0.000000000000000000, -1.000000000000000000 ) ) ;
#1652 = DIRECTION ( 'NONE',  ( 0.9914448613738104932, 0.000000000000000000, 0.1305261922200515179 ) ) ;
#1653 = VECTOR ( 'NONE', #1619, 1000.000000000000000 ) ;
#1654 = DIRECTION ( 'NONE',  ( -0.9659258262890674240, 0.000000000000000000, 0.2588190451025242922 ) ) ;
#1655 = EDGE_LOOP ( 'NONE', ( #414, #3859, #3119, #3260 ) ) ;
#1656 = VECTOR ( 'NONE', #3540, 1000.000000000000000 ) ;
#1657 = CYLINDRICAL_SURFACE ( 'NONE', #923, 1.700000000000007061 ) ;
#1658 = CARTESIAN_POINT ( 'NONE',  ( -78.39568755290005697, 72.00000000000000000, -168.1200944952984742 ) ) ;
#1659 = AXIS2_PLACEMENT_3D ( 'NONE', #3516, #3230, #517 ) ;
#1660 = ORIENTED_EDGE ( 'NONE', *, *, #237, .F. ) ;
#1661 = CIRCLE ( 'NONE', #2854, 195.5000000000000284 ) ;
#1662 = CARTESIAN_POINT ( 'NONE',  ( -40.10288925456654852, 27.48584709296963879, -124.1854722049433377 ) ) ;
#1663 = CYLINDRICAL_SURFACE ( 'NONE', #3094, 1.700000000000007061 ) ;
#1664 = DIRECTION ( 'NONE',  ( 0.000000000000000000, 0.000000000000000000, -1.000000000000000000 ) ) ;
#1665 = CIRCLE ( 'NONE', #1804, 12.50000000000001066 ) ;
#1666 = ORIENTED_EDGE ( 'NONE', *, *, #109, .F. ) ;
#1667 = DIRECTION ( 'NONE',  ( -0.000000000000000000, -1.000000000000000000, -0.000000000000000000 ) ) ;
#1668 = FACE_OUTER_BOUND ( 'NONE', #1267, .T. ) ;
#1669 = CARTESIAN_POINT ( 'NONE',  ( -52.39463284441555402, 81.99999999999998579, -154.3496111077021737 ) ) ;
#1670 = VERTEX_POINT ( 'NONE', #3382 ) ;
#1671 = EDGE_CURVE ( 'NONE', #891, #2096, #2871, .T. ) ;
#1672 = ORIENTED_EDGE ( 'NONE', *, *, #3142, .F. ) ;
#1673 = CARTESIAN_POINT ( 'NONE',  ( -24.21260865681972518, 72.00000000000000000, -183.9130217848418738 ) ) ;
#1674 = DIRECTION ( 'NONE',  ( 0.000000000000000000, 0.000000000000000000, -1.000000000000000000 ) ) ;
#1675 = DIRECTION ( 'NONE',  ( 0.000000000000000000, -1.000000000000000000, 0.000000000000000000 ) ) ;
#1676 = EDGE_CURVE ( 'NONE', #596, #2974, #1336, .T. ) ;
#1677 = VECTOR ( 'NONE', #1572, 1000.000000000000000 ) ;
#1678 = VERTEX_POINT ( 'NONE', #19 ) ;
#1679 = FACE_OUTER_BOUND ( 'NONE', #1639, .T. ) ;
#1680 = AXIS2_PLACEMENT_3D ( 'NONE', #1544, #2921, #1288 ) ;
#1681 = LINE ( 'NONE', #656, #3476 ) ;
#1682 = ORIENTED_EDGE ( 'NONE', *, *, #2267, .F. ) ;
#1683 = EDGE_LOOP ( 'NONE', ( #1588, #4322, #3689, #3344 ) ) ;
#1684 = AXIS2_PLACEMENT_3D ( 'NONE', #1083, #1409, #400 ) ;
#1685 = AXIS2_PLACEMENT_3D ( 'NONE', #1428, #140, #484 ) ;
#1686 = DIRECTION ( 'NONE',  ( -0.000000000000000000, -1.000000000000000000, -0.000000000000000000 ) ) ;
#1687 = CARTESIAN_POINT ( 'NONE',  ( -18.50000000000002132, 5.000000000000000000, -146.7500000000000284 ) ) ;
#1688 = CARTESIAN_POINT ( 'NONE',  ( -52.39463284441555402, 72.00000000000000000, -154.3496111077021737 ) ) ;
#1689 = VECTOR ( 'NONE', #75, 1000.000000000000000 ) ;
#1690 = ORIENTED_EDGE ( 'NONE', *, *, #801, .F. ) ;
#1691 = AXIS2_PLACEMENT_3D ( 'NONE', #3463, #465, #141 ) ;
#1692 = CIRCLE ( 'NONE', #580, 185.5000000000000568 ) ;
#1693 = CARTESIAN_POINT ( 'NONE',  ( -36.46474528283710015, 24.57007571290976244, -114.8502248348150516 ) ) ;
#1694 = CARTESIAN_POINT ( 'NONE',  ( 40.14954838551813054, 10.00000000000000000, -181.1029093207476990 ) ) ;
#1695 = CARTESIAN_POINT ( 'NONE',  ( -38.57795969551489890, 28.13303492155866437, -114.1579217716632542 ) ) ;
#1696 = AXIS2_PLACEMENT_3D ( 'NONE', #1816, #1756, #2807 ) ;
#1697 = ORIENTED_EDGE ( 'NONE', *, *, #1170, .F. ) ;
#1698 = ORIENTED_EDGE ( 'NONE', *, *, #2347, .T. ) ;
#1699 = DIRECTION ( 'NONE',  ( -0.000000000000000000, -1.000000000000000000, -0.000000000000000000 ) ) ;
#1700 = ADVANCED_FACE ( 'NONE', ( #388 ), #1356, .F. ) ;
#1701 = DIRECTION ( 'NONE',  ( 0.5000000000000012212, 0.000000000000000000, 0.8660254037844380415 ) ) ;
#1702 = CARTESIAN_POINT ( 'NONE',  ( 33.65635996737503888, 72.00000000000000000, -151.8140291071497074 ) ) ;
#1703 = ORIENTED_EDGE ( 'NONE', *, *, #2940, .F. ) ;
#1704 = EDGE_CURVE ( 'NONE', #276, #1556, #2410, .T. ) ;
#1705 = CARTESIAN_POINT ( 'NONE',  ( 36.60616107927512530, 58.06525945254212928, -114.8052519788308530 ) ) ;
#1706 = EDGE_CURVE ( 'NONE', #463, #2138, #1481, .T. ) ;
#1707 = DIRECTION ( 'NONE',  ( 0.000000000000000000, 0.000000000000000000, 1.000000000000000000 ) ) ;
#1708 = EDGE_LOOP ( 'NONE', ( #1519, #600 ) ) ;
#1709 = ORIENTED_EDGE ( 'NONE', *, *, #3202, .T. ) ;
#1710 = PRODUCT_DEFINITION_CONTEXT ( 'detailed design', #1304, 'design' ) ;
#1711 = PLANE ( 'NONE',  #3776 ) ;
#1712 = ADVANCED_FACE ( 'NONE', ( #2132 ), #472, .T. ) ;
#1713 = CARTESIAN_POINT ( 'NONE',  ( -14.99999999999999645, 10.00000000000000000, -167.2000000000000455 ) ) ;
#1714 = CARTESIAN_POINT ( 'NONE',  ( -97.75000000000027001, 81.99999999999998579, -169.3079664398576369 ) ) ;
#1715 = DIRECTION ( 'NONE',  ( -0.000000000000000000, -1.000000000000000000, -0.000000000000000000 ) ) ;
#1716 = VERTEX_POINT ( 'NONE', #3141 ) ;
#1717 = CARTESIAN_POINT ( 'NONE',  ( -41.92674055893398588, 22.81597942312276572, -112.9708893304850363 ) ) ;
#1718 = DIRECTION ( 'NONE',  ( 0.000000000000000000, 1.000000000000000000, 0.000000000000000000 ) ) ;
#1719 = CARTESIAN_POINT ( 'NONE',  ( -41.92764807089354662, 27.18291400682307213, -112.9705523247077963 ) ) ;
#1720 = EDGE_LOOP ( 'NONE', ( #4060, #3671, #1084, #948 ) ) ;
#1721 = ORIENTED_EDGE ( 'NONE', *, *, #3013, .F. ) ;
#1722 = CARTESIAN_POINT ( 'NONE',  ( 0.000000000000000000, 72.00000000000000000, 0.000000000000000000 ) ) ;
#1723 = DIRECTION ( 'NONE',  ( -0.000000000000000000, -1.000000000000000000, -0.000000000000000000 ) ) ;
#1724 = DIRECTION ( 'NONE',  ( 0.000000000000000000, 1.000000000000000000, 0.000000000000000000 ) ) ;
#1725 = ORIENTED_EDGE ( 'NONE', *, *, #741, .T. ) ;
#1726 = CARTESIAN_POINT ( 'NONE',  ( -14.99999999999999645, 5.000000000000000000, -165.5000000000000284 ) ) ;
#1727 = LINE ( 'NONE', #4096, #3334 ) ;
#1728 = B_SPLINE_CURVE_WITH_KNOTS ( 'NONE', 3,
 ( #794, #2763, #420, #2407, #1384, #446, #4143, #2428, #2718, #4057, #3767, #3810, #767, #1099, #119, #3744, #746, #1447, #1054, #2098, #3462, #2077, #3133, #2783, #1149, #2475, #1776, #813, #2140, #2385, #3415, #1754 ),
 .UNSPECIFIED., .F., .F.,
 ( 4, 2, 2, 2, 2, 2, 2, 2, 2, 2, 2, 2, 2, 2, 2, 4 ),
 ( 0.01033180460106038895, 0.01097738865798950775, 0.01162297271491862481, 0.01226855677184774361, 0.01291414082877686068, 0.01355972488570597947, 0.01420530894263509654, 0.01485089299956421534, 0.01549647705649333240, 0.01614206111342245120, 0.01678764517035157000, 0.01743322922728068880, 0.01807881328420980413, 0.01872439734113892293, 0.01936998139806804173, 0.02066114951192627239 ),
 .UNSPECIFIED. ) ;
#1729 = VECTOR ( 'NONE', #2544, 1000.000000000000000 ) ;
#1730 = ORIENTED_EDGE ( 'NONE', *, *, #3354, .F. ) ;
#1731 = EDGE_CURVE ( 'NONE', #3116, #977, #565, .T. ) ;
#1732 = FACE_BOUND ( 'NONE', #670, .T. ) ;
#1733 = AXIS2_PLACEMENT_3D ( 'NONE', #3253, #521, #1163 ) ;
#1734 = LINE ( 'NONE', #35, #2388 ) ;
#1735 = CARTESIAN_POINT ( 'NONE',  ( 97.75000000000019895, 10.00000000000000000, -169.3079664398576654 ) ) ;
#1736 = VERTEX_POINT ( 'NONE', #755 ) ;
#1737 = EDGE_CURVE ( 'NONE', #723, #3541, #3637, .T. ) ;
#1738 = VECTOR ( 'NONE', #2376, 1000.000000000000000 ) ;
#1739 = CARTESIAN_POINT ( 'NONE',  ( 0.000000000000000000, 10.00000000000000000, 0.000000000000000000 ) ) ;
#1740 = DIRECTION ( 'NONE',  ( 0.000000000000000000, -1.000000000000000000, 0.000000000000000000 ) ) ;
#1741 = CIRCLE ( 'NONE', #3622, 2.749999999999974687 ) ;
#1742 = CARTESIAN_POINT ( 'NONE',  ( -42.05890812018149916, 27.01325856812713155, -112.9217107318370239 ) ) ;
#1743 = ORIENTED_EDGE ( 'NONE', *, *, #4008, .F. ) ;
#1744 = DIRECTION ( 'NONE',  ( -0.000000000000000000, -1.000000000000000000, -0.000000000000000000 ) ) ;
#1745 = DIRECTION ( 'NONE',  ( -0.000000000000000000, -1.000000000000000000, -0.000000000000000000 ) ) ;
#1746 = CARTESIAN_POINT ( 'NONE',  ( 72.05641362678947814, 72.00000000000000000, -154.5254776897487830 ) ) ;
#1747 = ORIENTED_EDGE ( 'NONE', *, *, #3548, .F. ) ;
#1748 = CARTESIAN_POINT ( 'NONE',  ( 41.92931385268223465, 59.18115197102702751, -112.9699365361096852 ) ) ;
#1749 = DIRECTION ( 'NONE',  ( 0.000000000000000000, 1.000000000000000000, 0.000000000000000000 ) ) ;
#1750 = VECTOR ( 'NONE', #3559, 1000.000000000000000 ) ;
#1751 = ORIENTED_EDGE ( 'NONE', *, *, #3470, .T. ) ;
#1752 = ORIENTED_EDGE ( 'NONE', *, *, #3362, .F. ) ;
#1753 = VECTOR ( 'NONE', #1667, 1000.000000000000000 ) ;
#1754 = CARTESIAN_POINT ( 'NONE',  ( 36.44477503485185821, 56.99999999999999289, -114.8565556364069096 ) ) ;
#1755 = CARTESIAN_POINT ( 'NONE',  ( -81.04734413982525609, 81.99999999999998579, -191.1003389132892778 ) ) ;
#1756 = DIRECTION ( 'NONE',  ( 0.9063077870366493816, 0.000000000000000000, 0.4226182617407008291 ) ) ;
#1757 = EDGE_CURVE ( 'NONE', #2801, #2782, #1848, .T. ) ;
#1758 = PRESENTATION_LAYER_ASSIGNMENT (  '', '', ( #1133 ) ) ;
#1759 = ORIENTED_EDGE ( 'NONE', *, *, #3581, .T. ) ;
#1760 = CIRCLE ( 'NONE', #2600, 170.5000000000000284 ) ;
#1761 = AXIS2_PLACEMENT_3D ( 'NONE', #1905, #182, #3240 ) ;
#1762 = DIRECTION ( 'NONE',  ( -0.000000000000000000, -1.000000000000000000, -0.000000000000000000 ) ) ;
#1763 = EDGE_CURVE ( 'NONE', #1855, #3487, #4153, .T. ) ;
#1764 = EDGE_CURVE ( 'NONE', #168, #3592, #1892, .T. ) ;
#1765 = FACE_OUTER_BOUND ( 'NONE', #2353, .T. ) ;
#1766 = ORIENTED_EDGE ( 'NONE', *, *, #1522, .F. ) ;
#1767 = CIRCLE ( 'NONE', #21, 155.5000000000000284 ) ;
#1768 = CARTESIAN_POINT ( 'NONE',  ( 44.52814200932483146, 54.81901303851599749, -122.6683270575155120 ) ) ;
#1769 = DIRECTION ( 'NONE',  ( -0.000000000000000000, 1.000000000000000000, -0.000000000000000000 ) ) ;
#1770 = FACE_OUTER_BOUND ( 'NONE', #2266, .T. ) ;
#1771 = VERTEX_POINT ( 'NONE', #516 ) ;
#1772 = CARTESIAN_POINT ( 'NONE',  ( 38.01552150065174374, 59.86569313644007195, -114.3464160302880401 ) ) ;
#1773 = LINE ( 'NONE', #3458, #59 ) ;
#1774 = ORIENTED_EDGE ( 'NONE', *, *, #3330, .T. ) ;
#1775 = ORIENTED_EDGE ( 'NONE', *, *, #1763, .F. ) ;
#1776 = CARTESIAN_POINT ( 'NONE',  ( 37.09382604973974651, 54.98096079692817284, -114.6486489503304256 ) ) ;
#1777 = DIRECTION ( 'NONE',  ( 0.000000000000000000, -1.000000000000000000, 0.000000000000000000 ) ) ;
#1778 = DIRECTION ( 'NONE',  ( -0.000000000000000000, -1.000000000000000000, -0.000000000000000000 ) ) ;
#1779 = ORIENTED_EDGE ( 'NONE', *, *, #4114, .T. ) ;
#1780 = EDGE_CURVE ( 'NONE', #41, #1847, #2439, .T. ) ;
#1781 = CARTESIAN_POINT ( 'NONE',  ( -52.39463284441563218, 0.000000000000000000, -154.3496111077021737 ) ) ;
#1782 = VERTEX_POINT ( 'NONE', #823 ) ;
#1783 = EDGE_CURVE ( 'NONE', #309, #2406, #434, .T. ) ;
#1784 = CARTESIAN_POINT ( 'NONE',  ( 45.13651629230142248, 55.93627578852321847, -122.4457097502563272 ) ) ;
#1785 = CARTESIAN_POINT ( 'NONE',  ( -65.71713970067902721, 81.99999999999998579, -140.9308608841989496 ) ) ;
#1786 = DIRECTION ( 'NONE',  ( -0.000000000000000000, -1.000000000000000000, -0.000000000000000000 ) ) ;
#1787 = ORIENTED_EDGE ( 'NONE', *, *, #2802, .T. ) ;
#1788 = ADVANCED_FACE ( 'NONE', ( #4090 ), #1089, .F. ) ;
#1789 = CARTESIAN_POINT ( 'NONE',  ( 59.12955738187338994, 81.99999999999998579, -143.8191414375143040 ) ) ;
#1790 = LINE ( 'NONE', #3062, #2665 ) ;
#1791 = CARTESIAN_POINT ( 'NONE',  ( -22.25471577351893515, 72.00000000000000000, -169.0413488642346920 ) ) ;
#1792 = ORIENTED_EDGE ( 'NONE', *, *, #680, .T. ) ;
#1793 = ORIENTED_EDGE ( 'NONE', *, *, #1498, .T. ) ;
#1794 = CARTESIAN_POINT ( 'NONE',  ( 52.39463284441546875, 81.99999999999998579, -154.3496111077022306 ) ) ;
#1795 = DIRECTION ( 'NONE',  ( 0.4226182617407012732, 0.000000000000000000, -0.9063077870366490485 ) ) ;
#1796 = CARTESIAN_POINT ( 'NONE',  ( 45.02648131759482197, 81.99999999999998579, -164.4471525449933438 ) ) ;
#1797 = VECTOR ( 'NONE', #4302, 1000.000000000000000 ) ;
#1798 = ORIENTED_EDGE ( 'NONE', *, *, #2802, .F. ) ;
#1799 = VECTOR ( 'NONE', #135, 1000.000000000000000 ) ;
#1800 = CARTESIAN_POINT ( 'NONE',  ( 0.000000000000000000, 0.000000000000000000, 0.000000000000000000 ) ) ;
#1801 = DIRECTION ( 'NONE',  ( 4.163336342344321249E-15, 0.000000000000000000, 1.000000000000000000 ) ) ;
#1802 = EDGE_LOOP ( 'NONE', ( #3304, #2714, #2969, #3743 ) ) ;
#1803 = CARTESIAN_POINT ( 'NONE',  ( 0.000000000000000000, 0.000000000000000000, 0.000000000000000000 ) ) ;
#1804 = AXIS2_PLACEMENT_3D ( 'NONE', #2595, #2309, #648 ) ;
#1805 = CARTESIAN_POINT ( 'NONE',  ( -52.39463284441555402, 72.00000000000000000, -154.3496111077021737 ) ) ;
#1806 = EDGE_CURVE ( 'NONE', #2775, #4165, #3488, .T. ) ;
#1807 = ORIENTED_EDGE ( 'NONE', *, *, #1518, .F. ) ;
#1808 = DIRECTION ( 'NONE',  ( 0.000000000000000000, 0.000000000000000000, -1.000000000000000000 ) ) ;
#1809 = DIRECTION ( 'NONE',  ( -0.2164396139381081774, 0.000000000000000000, -0.9762960071199321410 ) ) ;
#1810 = LINE ( 'NONE', #156, #4038 ) ;
#1811 = EDGE_CURVE ( 'NONE', #1577, #236, #1589, .T. ) ;
#1812 = ORIENTED_EDGE ( 'NONE', *, *, #3496, .T. ) ;
#1813 = ORIENTED_EDGE ( 'NONE', *, *, #1806, .T. ) ;
#1814 = FACE_BOUND ( 'NONE', #1230, .T. ) ;
#1815 = LINE ( 'NONE', #1495, #2320 ) ;
#1816 = CARTESIAN_POINT ( 'NONE',  ( 72.05641362678947814, 72.00000000000000000, -154.5254776897487830 ) ) ;
#1817 = VERTEX_POINT ( 'NONE', #3953 ) ;
#1818 = VECTOR ( 'NONE', #1374, 1000.000000000000000 ) ;
#1819 = DIRECTION ( 'NONE',  ( 0.000000000000000000, -0.000000000000000000, -1.000000000000000000 ) ) ;
#1820 = DIRECTION ( 'NONE',  ( 0.000000000000000000, 1.000000000000000000, 0.000000000000000000 ) ) ;
#1821 = AXIS2_PLACEMENT_3D ( 'NONE', #3734, #4046, #2398 ) ;
#1822 = ORIENTED_EDGE ( 'NONE', *, *, #3254, .F. ) ;
#1823 = CIRCLE ( 'NONE', #1413, 2.749999999999974687 ) ;
#1824 = CIRCLE ( 'NONE', #4136, 2.749999999999974687 ) ;
#1825 = DIRECTION ( 'NONE',  ( 0.4226182617407008846, 0.000000000000000000, -0.9063077870366492705 ) ) ;
#1826 = CARTESIAN_POINT ( 'NONE',  ( -73.60711329313414808, 72.00000000000000000, -188.2210007918386623 ) ) ;
#1827 = CIRCLE ( 'NONE', #2948, 1.725000000000004308 ) ;
#1828 = CIRCLE ( 'NONE', #1067, 170.5000000000000568 ) ;
#1829 = ORIENTED_EDGE ( 'NONE', *, *, #4140, .T. ) ;
#1830 = ADVANCED_FACE ( 'NONE', ( #2200 ), #2941, .T. ) ;
#1831 = PLANE ( 'NONE',  #841 ) ;
#1832 = VECTOR ( 'NONE', #1017, 1000.000000000000000 ) ;
#1833 = CARTESIAN_POINT ( 'NONE',  ( -36.90295417644663445, 10.00000000000000000, -166.4584692139486606 ) ) ;
#1834 = DIRECTION ( 'NONE',  ( 0.000000000000000000, 0.000000000000000000, 1.000000000000000000 ) ) ;
#1835 = VERTEX_POINT ( 'NONE', #909 ) ;
#1836 = ORIENTED_EDGE ( 'NONE', *, *, #3419, .F. ) ;
#1837 = EDGE_CURVE ( 'NONE', #1670, #463, #3219, .T. ) ;
#1838 = EDGE_CURVE ( 'NONE', #2816, #3826, #192, .T. ) ;
#1839 = CARTESIAN_POINT ( 'NONE',  ( -39.13682537651888538, 24.14207463540863330, -124.4932154351983797 ) ) ;
#1840 = DIRECTION ( 'NONE',  ( 0.9063077870366491595, -0.000000000000000000, 0.4226182617407013287 ) ) ;
#1841 = CARTESIAN_POINT ( 'NONE',  ( 42.25273972865242200, 56.99999999999999289, -123.7819540552210071 ) ) ;
#1842 = CARTESIAN_POINT ( 'NONE',  ( -39.99070958130614173, 28.27876936594183022, -113.6707464682802851 ) ) ;
#1843 = ORIENTED_EDGE ( 'NONE', *, *, #1986, .F. ) ;
#1844 = EDGE_CURVE ( 'NONE', #735, #1377, #3582, .T. ) ;
#1845 = DIRECTION ( 'NONE',  ( 0.000000000000000000, 0.000000000000000000, 1.000000000000000000 ) ) ;
#1846 = DIRECTION ( 'NONE',  ( 0.000000000000000000, 1.000000000000000000, 0.000000000000000000 ) ) ;
#1847 = VERTEX_POINT ( 'NONE', #586 ) ;
#1848 = LINE ( 'NONE', #1109, #2733 ) ;
#1849 = DIRECTION ( 'NONE',  ( 0.000000000000000000, 0.000000000000000000, 1.000000000000000000 ) ) ;
#1850 = ORIENTED_EDGE ( 'NONE', *, *, #902, .F. ) ;
#1851 = LINE ( 'NONE', #1161, #4061 ) ;
#1852 = CARTESIAN_POINT ( 'NONE',  ( 24.21260865681960439, 72.00000000000000000, -183.9130217848419022 ) ) ;
#1853 = DIRECTION ( 'NONE',  ( -0.000000000000000000, -1.000000000000000000, -0.000000000000000000 ) ) ;
#1854 = ORIENTED_EDGE ( 'NONE', *, *, #2188, .F. ) ;
#1855 = VERTEX_POINT ( 'NONE', #213 ) ;
#1856 = CARTESIAN_POINT ( 'NONE',  ( -40.10690935437894922, 22.51022514508925099, -124.1841764525063638 ) ) ;
#1857 = DIRECTION ( 'NONE',  ( 0.000000000000000000, 0.000000000000000000, -1.000000000000000000 ) ) ;
#1858 = DIRECTION ( 'NONE',  ( 0.000000000000000000, 0.000000000000000000, 1.000000000000000000 ) ) ;
#1859 = DIRECTION ( 'NONE',  ( -0.000000000000000000, -1.000000000000000000, -0.000000000000000000 ) ) ;
#1860 = EDGE_CURVE ( 'NONE', #41, #2782, #2451, .T. ) ;
#1861 = ORIENTED_EDGE ( 'NONE', *, *, #2503, .T. ) ;
#1862 = CARTESIAN_POINT ( 'NONE',  ( -14.99999999999999645, 5.025000000000002132, -150.5000000000000284 ) ) ;
#1863 = DIRECTION ( 'NONE',  ( -0.000000000000000000, -1.000000000000000000, -0.000000000000000000 ) ) ;
#1864 = CARTESIAN_POINT ( 'NONE',  ( 52.39463284441546875, 9.999999999999994671, -154.3496111077022306 ) ) ;
#1865 = EDGE_CURVE ( 'NONE', #1368, #3055, #3009, .T. ) ;
#1866 = EDGE_LOOP ( 'NONE', ( #69, #1901, #2048, #2849 ) ) ;
#1867 = AXIS2_PLACEMENT_3D ( 'NONE', #527, #1534, #1858 ) ;
#1868 = DIRECTION ( 'NONE',  ( 0.000000000000000000, 0.000000000000000000, -1.000000000000000000 ) ) ;
#1869 = AXIS2_PLACEMENT_3D ( 'NONE', #442, #3722, #2737 ) ;
#1870 = CYLINDRICAL_SURFACE ( 'NONE', #616, 170.5000000000000284 ) ;
#1871 = ORIENTED_EDGE ( 'NONE', *, *, #3877, .T. ) ;
#1872 = CARTESIAN_POINT ( 'NONE',  ( 52.39463284441546165, 10.00000000000000178, -154.3496111077022590 ) ) ;
#1873 = CARTESIAN_POINT ( 'NONE',  ( 15.00000000000000355, 10.00000000000000000, -163.8000000000000398 ) ) ;
#1874 = DIRECTION ( 'NONE',  ( 0.4226182617407016617, 0.000000000000000000, 0.9063077870366489375 ) ) ;
#1875 = CIRCLE ( 'NONE', #2436, 170.5000000000000284 ) ;
#1876 = ORIENTED_EDGE ( 'NONE', *, *, #1780, .T. ) ;
#1877 = ORIENTED_EDGE ( 'NONE', *, *, #1592, .T. ) ;
#1878 = CARTESIAN_POINT ( 'NONE',  ( -43.74159680812655893, 22.13573499504635933, -122.9510286240928565 ) ) ;
#1879 = CARTESIAN_POINT ( 'NONE',  ( 0.000000000000000000, 0.000000000000000000, 0.000000000000000000 ) ) ;
#1880 = DIRECTION ( 'NONE',  ( 0.000000000000000000, 0.000000000000000000, 1.000000000000000000 ) ) ;
#1881 = CARTESIAN_POINT ( 'NONE',  ( 0.000000000000000000, 72.00000000000000000, 0.000000000000000000 ) ) ;
#1882 = EDGE_LOOP ( 'NONE', ( #2645, #2679 ) ) ;
#1883 = ADVANCED_FACE ( 'NONE', ( #1916 ), #3248, .T. ) ;
#1884 = LINE ( 'NONE', #839, #2103 ) ;
#1885 = DIRECTION ( 'NONE',  ( 0.000000000000000000, -1.000000000000000000, 0.000000000000000000 ) ) ;
#1886 = DIRECTION ( 'NONE',  ( 0.000000000000000000, -1.000000000000000000, 0.000000000000000000 ) ) ;
#1887 = CIRCLE ( 'NONE', #1268, 1.725000000000004308 ) ;
#1888 = ORIENTED_EDGE ( 'NONE', *, *, #2566, .T. ) ;
#1889 = EDGE_CURVE ( 'NONE', #2924, #1003, #3356, .T. ) ;
#1890 = EDGE_CURVE ( 'NONE', #3434, #908, #3888, .T. ) ;
#1891 = CARTESIAN_POINT ( 'NONE',  ( 33.65635996737503888, 0.000000000000000000, -151.8140291071497074 ) ) ;
#1892 = CIRCLE ( 'NONE', #915, 195.5000000000000000 ) ;
#1893 = DIRECTION ( 'NONE',  ( 0.000000000000000000, 1.000000000000000000, 0.000000000000000000 ) ) ;
#1894 = VECTOR ( 'NONE', #1125, 999.9999999999998863 ) ;
#1895 = EDGE_LOOP ( 'NONE', ( #1225, #2047, #2842, #566 ) ) ;
#1896 = DIRECTION ( 'NONE',  ( 0.000000000000000000, 0.000000000000000000, -1.000000000000000000 ) ) ;
#1897 = AXIS2_PLACEMENT_3D ( 'NONE', #2418, #1135, #4072 ) ;
#1898 = LINE ( 'NONE', #809, #574 ) ;
#1899 = CIRCLE ( 'NONE', #160, 2.749999999999974687 ) ;
#1900 = DIRECTION ( 'NONE',  ( 0.000000000000000000, 0.000000000000000000, -1.000000000000000000 ) ) ;
#1901 = ORIENTED_EDGE ( 'NONE', *, *, #265, .F. ) ;
#1902 = ORIENTED_EDGE ( 'NONE', *, *, #3383, .T. ) ;
#1903 = AXIS2_PLACEMENT_3D ( 'NONE', #3503, #2495, #2828 ) ;
#1904 = VECTOR ( 'NONE', #774, 1000.000000000000000 ) ;
#1905 = CARTESIAN_POINT ( 'NONE',  ( 0.000000000000000000, 81.99999999999998579, 0.000000000000000000 ) ) ;
#1906 =( NAMED_UNIT ( * ) SI_UNIT ( $, .STERADIAN. ) SOLID_ANGLE_UNIT ( ) );
#1907 = DIRECTION ( 'NONE',  ( -0.000000000000000000, -1.000000000000000000, -0.000000000000000000 ) ) ;
#1908 = VECTOR ( 'NONE', #2142, 1000.000000000000000 ) ;
#1909 = CARTESIAN_POINT ( 'NONE',  ( 0.000000000000000000, 81.99999999999998579, 0.000000000000000000 ) ) ;
#1910 = ORIENTED_EDGE ( 'NONE', *, *, #1575, .F. ) ;
#1911 = VERTEX_POINT ( 'NONE', #4217 ) ;
#1912 = DIRECTION ( 'NONE',  ( -0.000000000000000000, -0.000000000000000000, 1.000000000000000000 ) ) ;
#1913 = CARTESIAN_POINT ( 'NONE',  ( 44.08122811073199188, 59.62405906620977447, -122.8296693032149278 ) ) ;
#1914 = VERTEX_POINT ( 'NONE', #1265 ) ;
#1915 = EDGE_CURVE ( 'NONE', #3016, #2123, #4130, .T. ) ;
#1916 = FACE_OUTER_BOUND ( 'NONE', #273, .T. ) ;
#1917 = CARTESIAN_POINT ( 'NONE',  ( -42.69510015324296148, 25.00000000000000355, -112.6826447280349868 ) ) ;
#1918 = EDGE_CURVE ( 'NONE', #3287, #4209, #2169, .T. ) ;
#1919 = ORIENTED_EDGE ( 'NONE', *, *, #1570, .F. ) ;
#1920 = DIRECTION ( 'NONE',  ( -0.000000000000000000, -1.000000000000000000, -0.000000000000000000 ) ) ;
#1921 = DIRECTION ( 'NONE',  ( 0.000000000000000000, 0.000000000000000000, 1.000000000000000000 ) ) ;
#1922 = EDGE_CURVE ( 'NONE', #2704, #1556, #2857, .T. ) ;
#1923 = VERTEX_POINT ( 'NONE', #3601 ) ;
#1924 = CARTESIAN_POINT ( 'NONE',  ( -44.23916319247552309, 22.51318426703712205, -122.7728381148058787 ) ) ;
#1925 = DIRECTION ( 'NONE',  ( 0.1305261922200524061, 0.000000000000000000, 0.9914448613738102711 ) ) ;
#1926 = VERTEX_POINT ( 'NONE', #601 ) ;
#1927 = ORIENTED_EDGE ( 'NONE', *, *, #161, .T. ) ;
#1928 = CARTESIAN_POINT ( 'NONE',  ( -40.64091420145732059, 81.99999999999998579, -150.0951901057118789 ) ) ;
#1929 = CARTESIAN_POINT ( 'NONE',  ( 39.03543664284581638, 56.99999999999998579, -124.5250363826583140 ) ) ;
#1930 = CARTESIAN_POINT ( 'NONE',  ( -97.75000000000027001, 10.00000000000000000, -169.3079664398576654 ) ) ;
#1931 = ORIENTED_EDGE ( 'NONE', *, *, #476, .F. ) ;
#1932 = LINE ( 'NONE', #557, #495 ) ;
#1933 = DIRECTION ( 'NONE',  ( -0.000000000000000000, -1.000000000000000000, -0.000000000000000000 ) ) ;
#1934 = VECTOR ( 'NONE', #4137, 1000.000000000000000 ) ;
#1935 = EDGE_LOOP ( 'NONE', ( #3537, #3275, #1876, #4102 ) ) ;
#1936 = DIRECTION ( 'NONE',  ( -0.000000000000000000, 1.000000000000000000, -0.000000000000000000 ) ) ;
#1937 = CIRCLE ( 'NONE', #753, 195.5000000000000284 ) ;
#1938 = EDGE_CURVE ( 'NONE', #4304, #807, #1932, .T. ) ;
#1939 = DIRECTION ( 'NONE',  ( 0.000000000000000000, 0.000000000000000000, 1.000000000000000000 ) ) ;
#1940 = CIRCLE ( 'NONE', #897, 120.5000000000000000 ) ;
#1941 = ORIENTED_EDGE ( 'NONE', *, *, #4000, .T. ) ;
#1942 = EDGE_CURVE ( 'NONE', #3007, #321, #4191, .T. ) ;
#1943 = DIRECTION ( 'NONE',  ( 1.541976423090495880E-16, 0.000000000000000000, -1.000000000000000000 ) ) ;
#1944 = AXIS2_PLACEMENT_3D ( 'NONE', #3954, #3971, #1290 ) ;
#1945 = FACE_OUTER_BOUND ( 'NONE', #3171, .T. ) ;
#1946 = VERTEX_POINT ( 'NONE', #239 ) ;
#1947 = CARTESIAN_POINT ( 'NONE',  ( -44.65447210106800213, 27.01802114520076969, -122.6223584521785455 ) ) ;
#1948 = CARTESIAN_POINT ( 'NONE',  ( 39.68491293814089715, 59.01872668945064504, -124.3196376598533561 ) ) ;
#1949 = CYLINDRICAL_SURFACE ( 'NONE', #4007, 12.50000000000001066 ) ;
#1950 = ORIENTED_EDGE ( 'NONE', *, *, #1170, .T. ) ;
#1951 = CARTESIAN_POINT ( 'NONE',  ( -40.58600039006925897, 21.86798242205805209, -113.4595379274521321 ) ) ;
#1952 = CIRCLE ( 'NONE', #78, 6.450000000000011724 ) ;
#1953 = CARTESIAN_POINT ( 'NONE',  ( -69.91269102831874704, 44.19248842920672615, -193.5081308383985572 ) ) ;
#1954 = ORIENTED_EDGE ( 'NONE', *, *, #2851, .F. ) ;
#1955 = VECTOR ( 'NONE', #2049, 1000.000000000000000 ) ;
#1956 = DIRECTION ( 'NONE',  ( 0.000000000000000000, 0.000000000000000000, 1.000000000000000000 ) ) ;
#1957 = CARTESIAN_POINT ( 'NONE',  ( 65.71713970067897037, 0.000000000000000000, -140.9308608841990065 ) ) ;
#1958 = CARTESIAN_POINT ( 'NONE',  ( 0.000000000000000000, 10.00000000000000000, 0.000000000000000000 ) ) ;
#1959 = AXIS2_PLACEMENT_3D ( 'NONE', #2344, #3677, #34 ) ;
#1960 = VERTEX_POINT ( 'NONE', #3867 ) ;
#1961 = EDGE_CURVE ( 'NONE', #2770, #1577, #2519, .T. ) ;
#1962 = AXIS2_PLACEMENT_3D ( 'NONE', #1022, #3037, #4048 ) ;
#1963 = DIRECTION ( 'NONE',  ( 0.000000000000000000, 0.000000000000000000, 1.000000000000000000 ) ) ;
#1964 = CARTESIAN_POINT ( 'NONE',  ( -73.60711329313414808, 44.19248842920672615, -188.2210007918386623 ) ) ;
#1965 = AXIS2_PLACEMENT_3D ( 'NONE', #1879, #3215, #225 ) ;
#1966 = CIRCLE ( 'NONE', #1142, 130.5000000000000000 ) ;
#1967 = ORIENTED_EDGE ( 'NONE', *, *, #2615, .T. ) ;
#1968 = EDGE_CURVE ( 'NONE', #2008, #1997, #3311, .T. ) ;
#1969 = ORIENTED_EDGE ( 'NONE', *, *, #4297, .F. ) ;
#1970 = CARTESIAN_POINT ( 'NONE',  ( -18.33893000691735864, 81.99999999999998579, -139.2980030230203283 ) ) ;
#1971 = CARTESIAN_POINT ( 'NONE',  ( 45.19603695270447474, 57.85557580749362927, -122.4237315458022408 ) ) ;
#1972 = DIRECTION ( 'NONE',  ( 0.000000000000000000, -0.7071067811865597852, -0.7071067811865352493 ) ) ;
#1973 = ORIENTED_EDGE ( 'NONE', *, *, #2271, .T. ) ;
#1974 = EDGE_CURVE ( 'NONE', #2241, #643, #3031, .T. ) ;
#1975 = CARTESIAN_POINT ( 'NONE',  ( -36.60605360581747902, 23.93535622550219344, -114.8052857705202285 ) ) ;
#1976 = CARTESIAN_POINT ( 'NONE',  ( 15.00000000000000355, 10.00000000000000000, -152.2000000000000171 ) ) ;
#1977 = CARTESIAN_POINT ( 'NONE',  ( -52.39463284441555402, 36.64466094067258695, -154.3496111077021737 ) ) ;
#1978 = ORIENTED_EDGE ( 'NONE', *, *, #2774, .T. ) ;
#1979 = VERTEX_POINT ( 'NONE', #710 ) ;
#1980 = CARTESIAN_POINT ( 'NONE',  ( 39.19691069913586290, 55.93495328005801781, -124.4743310698070360 ) ) ;
#1981 = CARTESIAN_POINT ( 'NONE',  ( 15.00000000000000355, 10.00000000000000000, -165.5000000000000284 ) ) ;
#1982 = CARTESIAN_POINT ( 'NONE',  ( -30.40976575830357476, 72.00000000000000000, -137.1695890003506122 ) ) ;
#1983 = ORIENTED_EDGE ( 'NONE', *, *, #2291, .T. ) ;
#1984 = DIRECTION ( 'NONE',  ( -0.000000000000000000, 1.000000000000000000, -0.000000000000000000 ) ) ;
#1985 = DIRECTION ( 'NONE',  ( 0.000000000000000000, 0.000000000000000000, 1.000000000000000000 ) ) ;
#1986 = EDGE_CURVE ( 'NONE', #2397, #1926, #3639, .T. ) ;
#1987 = VERTEX_POINT ( 'NONE', #3377 ) ;
#1988 = CARTESIAN_POINT ( 'NONE',  ( -45.29537560312249411, 25.43651579619020353, -122.3870048206592429 ) ) ;
#1989 = LINE ( 'NONE', #1641, #2664 ) ;
#1990 = DIRECTION ( 'NONE',  ( 0.000000000000000000, 1.000000000000000000, 0.000000000000000000 ) ) ;
#1991 = EDGE_CURVE ( 'NONE', #3911, #3434, #60, .T. ) ;
#1992 = ORIENTED_EDGE ( 'NONE', *, *, #29, .F. ) ;
#1993 = CARTESIAN_POINT ( 'NONE',  ( -42.61251430340963253, 24.12974625836011100, -112.7140238464233164 ) ) ;
#1994 = DIRECTION ( 'NONE',  ( -0.2588190451025250138, -0.000000000000000000, -0.9659258262890673130 ) ) ;
#1995 = EDGE_CURVE ( 'NONE', #3185, #1602, #969, .T. ) ;
#1996 = PLANE ( 'NONE',  #2224 ) ;
#1997 = VERTEX_POINT ( 'NONE', #2723 ) ;
#1998 = ORIENTED_EDGE ( 'NONE', *, *, #162, .F. ) ;
#1999 = CYLINDRICAL_SURFACE ( 'NONE', #2942, 2.749999999999974687 ) ;
#2000 = CIRCLE ( 'NONE', #3405, 170.5000000000000568 ) ;
#2001 = DIRECTION ( 'NONE',  ( -0.000000000000000000, -1.000000000000000000, -0.000000000000000000 ) ) ;
#2002 = VERTEX_POINT ( 'NONE', #4311 ) ;
#2003 = AXIS2_PLACEMENT_3D ( 'NONE', #1095, #2423, #3521 ) ;
#2004 = DIRECTION ( 'NONE',  ( 0.000000000000000000, 0.000000000000000000, -1.000000000000000000 ) ) ;
#2005 = CARTESIAN_POINT ( 'NONE',  ( 30.40976575830350015, 81.99999999999998579, -137.1695890003506406 ) ) ;
#2006 = VECTOR ( 'NONE', #1439, 1000.000000000000000 ) ;
#2007 = VERTEX_POINT ( 'NONE', #3002 ) ;
#2008 = VERTEX_POINT ( 'NONE', #4294 ) ;
#2009 = AXIS2_PLACEMENT_3D ( 'NONE', #429, #1434, #2437 ) ;
#2010 = FACE_OUTER_BOUND ( 'NONE', #2520, .T. ) ;
#2011 = CYLINDRICAL_SURFACE ( 'NONE', #2670, 2.000000000000001776 ) ;
#2012 = DIRECTION ( 'NONE',  ( -0.000000000000000000, -1.000000000000000000, -0.000000000000000000 ) ) ;
#2013 = ORIENTED_EDGE ( 'NONE', *, *, #471, .T. ) ;
#2014 = EDGE_CURVE ( 'NONE', #3774, #1817, #2195, .T. ) ;
#2015 = CARTESIAN_POINT ( 'NONE',  ( -36.54545662463239353, 24.14413356664697119, -114.8245678992386729 ) ) ;
#2016 = LINE ( 'NONE', #1351, #2748 ) ;
#2017 = DIRECTION ( 'NONE',  ( 0.000000000000000000, -1.000000000000000000, 0.000000000000000000 ) ) ;
#2018 = ORIENTED_EDGE ( 'NONE', *, *, #58, .T. ) ;
#2019 = ORIENTED_EDGE ( 'NONE', *, *, #1469, .T. ) ;
#2020 = EDGE_CURVE ( 'NONE', #3973, #1946, #298, .T. ) ;
#2021 = EDGE_CURVE ( 'NONE', #4170, #4031, #2962, .T. ) ;
#2022 = DIRECTION ( 'NONE',  ( 0.1305261922200517677, -0.000000000000000000, -0.9914448613738104932 ) ) ;
#2023 = DIRECTION ( 'NONE',  ( 0.000000000000000000, 1.000000000000000000, 0.000000000000000000 ) ) ;
#2024 = PLANE ( 'NONE',  #1318 ) ;
#2025 = VECTOR ( 'NONE', #3403, 1000.000000000000000 ) ;
#2026 = ORIENTED_EDGE ( 'NONE', *, *, #1780, .F. ) ;
#2027 = ADVANCED_FACE ( 'NONE', ( #1350, #1305, #2680, #2350, #688 ), #3099, .T. ) ;
#2028 = PLANE ( 'NONE',  #3790 ) ;
#2029 = AXIS2_PLACEMENT_3D ( 'NONE', #622, #3935, #3618 ) ;
#2030 = CARTESIAN_POINT ( 'NONE',  ( -24.21260865681972518, 81.99999999999998579, -183.9130217848418738 ) ) ;
#2031 = ORIENTED_EDGE ( 'NONE', *, *, #3146, .T. ) ;
#2032 = EDGE_LOOP ( 'NONE', ( #1411, #4193, #2540, #2287, #2728, #2018 ) ) ;
#2033 = VECTOR ( 'NONE', #1778, 1000.000000000000000 ) ;
#2034 = CARTESIAN_POINT ( 'NONE',  ( 52.39463284441546875, 81.99999999999998579, -157.0996111077022022 ) ) ;
#2035 = CARTESIAN_POINT ( 'NONE',  ( -44.07754575003162500, 27.62701747203105285, -122.8309906027971010 ) ) ;
#2036 = DIRECTION ( 'NONE',  ( -0.000000000000000000, -1.000000000000000000, -0.000000000000000000 ) ) ;
#2037 = CARTESIAN_POINT ( 'NONE',  ( 30.40976575830350725, 0.000000000000000000, -137.1695890003506406 ) ) ;
#2038 = CIRCLE ( 'NONE', #159, 12.50000000000001066 ) ;
#2039 = AXIS2_PLACEMENT_3D ( 'NONE', #1726, #2797, #2091 ) ;
#2040 = ORIENTED_EDGE ( 'NONE', *, *, #2891, .F. ) ;
#2041 = CIRCLE ( 'NONE', #3163, 140.5000000000000000 ) ;
#2042 = CIRCLE ( 'NONE', #1624, 140.5000000000000000 ) ;
#2043 = CARTESIAN_POINT ( 'NONE',  ( -39.99052222492021258, 21.72134431693573475, -113.6708085379989086 ) ) ;
#2044 = LINE ( 'NONE', #3378, #2322 ) ;
#2045 = CARTESIAN_POINT ( 'NONE',  ( -39.78840781453074271, 28.29978581301989848, -113.7417208680462863 ) ) ;
#2046 = EDGE_CURVE ( 'NONE', #936, #812, #981, .T. ) ;
#2047 = ORIENTED_EDGE ( 'NONE', *, *, #493, .F. ) ;
#2048 = ORIENTED_EDGE ( 'NONE', *, *, #1974, .F. ) ;
#2049 = DIRECTION ( 'NONE',  ( -0.000000000000000000, -1.000000000000000000, -0.000000000000000000 ) ) ;
#2050 = DIRECTION ( 'NONE',  ( 0.000000000000000000, 0.000000000000000000, 1.000000000000000000 ) ) ;
#2051 = EDGE_CURVE ( 'NONE', #1256, #3434, #1615, .T. ) ;
#2052 = ORIENTED_EDGE ( 'NONE', *, *, #3972, .T. ) ;
#2053 = PLANE ( 'NONE',  #1206 ) ;
#2054 = LINE ( 'NONE', #1791, #1385 ) ;
#2055 = EDGE_CURVE ( 'NONE', #1577, #3323, #731, .T. ) ;
#2056 = ORIENTED_EDGE ( 'NONE', *, *, #558, .F. ) ;
#2057 = FACE_BOUND ( 'NONE', #3850, .T. ) ;
#2058 = CARTESIAN_POINT ( 'NONE',  ( -52.39463284441555402, 81.99999999999998579, -154.3496111077021737 ) ) ;
#2059 = DIRECTION ( 'NONE',  ( 0.000000000000000000, 0.000000000000000000, -1.000000000000000000 ) ) ;
#2060 = MANIFOLD_SOLID_BREP ( 'Redondeo3', #2144 ) ;
#2061 = ORIENTED_EDGE ( 'NONE', *, *, #2824, .T. ) ;
#2062 = DIRECTION ( 'NONE',  ( -0.000000000000000000, -1.000000000000000000, -0.000000000000000000 ) ) ;
#2063 = DIRECTION ( 'NONE',  ( -0.000000000000000000, -1.000000000000000000, -0.000000000000000000 ) ) ;
#2064 = CARTESIAN_POINT ( 'NONE',  ( -36.76412241011416882, 26.46445354392255211, -114.7547655345993718 ) ) ;
#2065 = EDGE_LOOP ( 'NONE', ( #3650, #3796, #1698, #1087 ) ) ;
#2066 = EDGE_LOOP ( 'NONE', ( #595, #3381, #2820, #226, #1992, #2541 ) ) ;
#2067 = LINE ( 'NONE', #1001, #2025 ) ;
#2068 = DIRECTION ( 'NONE',  ( -2.775557561562888984E-15, 0.000000000000000000, 1.000000000000000000 ) ) ;
#2069 = FACE_OUTER_BOUND ( 'NONE', #3693, .T. ) ;
#2070 = ORIENTED_EDGE ( 'NONE', *, *, #1059, .F. ) ;
#2071 = ADVANCED_FACE ( 'NONE', ( #2749 ), #2412, .F. ) ;
#2072 = CARTESIAN_POINT ( 'NONE',  ( 41.48222352848545569, 59.62495804645644881, -113.1349074141270279 ) ) ;
#2073 = CARTESIAN_POINT ( 'NONE',  ( -67.76735372652986200, 81.99999999999998579, -196.3387103335908250 ) ) ;
#2074 = CIRCLE ( 'NONE', #3613, 170.5000000000000284 ) ;
#2075 = ORIENTED_EDGE ( 'NONE', *, *, #151, .F. ) ;
#2076 = ADVANCED_FACE ( 'NONE', ( #3446 ), #123, .F. ) ;
#2077 = CARTESIAN_POINT ( 'NONE',  ( 38.19846704606386822, 54.03177462254799934, -114.2854641984623782 ) ) ;
#2078 = CARTESIAN_POINT ( 'NONE',  ( -81.98362170972610841, 44.19248842920672615, -189.3330290049538576 ) ) ;
#2079 = CARTESIAN_POINT ( 'NONE',  ( -52.39463284441555402, 81.99999999999998579, -141.8496111077021737 ) ) ;
#2080 = EDGE_LOOP ( 'NONE', ( #3444, #4260, #2893, #157 ) ) ;
#2081 = CONICAL_SURFACE ( 'NONE', #3761, 1.725000000000004308, 0.7853981633974309595 ) ;
#2082 = LINE ( 'NONE', #1129, #510 ) ;
#2083 = CIRCLE ( 'NONE', #2009, 155.5000000000000284 ) ;
#2084 = CARTESIAN_POINT ( 'NONE',  ( 0.000000000000000000, 61.99999999999999289, -130.5000000000000000 ) ) ;
#2085 = VERTEX_POINT ( 'NONE', #144 ) ;
#2086 = ORIENTED_EDGE ( 'NONE', *, *, #3354, .T. ) ;
#2087 = CARTESIAN_POINT ( 'NONE',  ( 40.26357225286179187, 54.37559968243632369, -124.1335065774754725 ) ) ;
#2088 = FACE_OUTER_BOUND ( 'NONE', #1802, .T. ) ;
#2089 = DIRECTION ( 'NONE',  ( 0.000000000000000000, 0.000000000000000000, 1.000000000000000000 ) ) ;
#2090 = VERTEX_POINT ( 'NONE', #3485 ) ;
#2091 = DIRECTION ( 'NONE',  ( 0.000000000000000000, 0.000000000000000000, -1.000000000000000000 ) ) ;
#2092 = DIRECTION ( 'NONE',  ( -0.000000000000000000, -1.000000000000000000, -0.000000000000000000 ) ) ;
#2093 = CIRCLE ( 'NONE', #1609, 1.725000000000004308 ) ;
#2094 = EDGE_CURVE ( 'NONE', #4209, #2223, #1128, .T. ) ;
#2095 = ORIENTED_EDGE ( 'NONE', *, *, #4169, .F. ) ;
#2096 = VERTEX_POINT ( 'NONE', #170 ) ;
#2097 = PRODUCT_DEFINITION_SHAPE ( 'NONE', 'NONE',  #2902 ) ;
#2098 = CARTESIAN_POINT ( 'NONE',  ( 38.77707945050861582, 53.80383004512545142, -114.0904584024414845 ) ) ;
#2099 = DIRECTION ( 'NONE',  ( 0.000000000000000000, 0.000000000000000000, 1.000000000000000000 ) ) ;
#2100 = FACE_OUTER_BOUND ( 'NONE', #3030, .T. ) ;
#2101 = EDGE_CURVE ( 'NONE', #2512, #4138, #2788, .T. ) ;
#2102 = AXIS2_PLACEMENT_3D ( 'NONE', #1168, #486, #2829 ) ;
#2103 = VECTOR ( 'NONE', #1282, 1000.000000000000000 ) ;
#2104 = VERTEX_POINT ( 'NONE', #2813 ) ;
#2105 = AXIS2_PLACEMENT_3D ( 'NONE', #208, #1745, #2068 ) ;
#2106 = CARTESIAN_POINT ( 'NONE',  ( -24.21260865681972518, 72.00000000000000000, -183.9130217848418738 ) ) ;
#2107 = CONICAL_SURFACE ( 'NONE', #2039, 1.725000000000004308, 0.7853981633974309595 ) ;
#2108 = CYLINDRICAL_SURFACE ( 'NONE', #3648, 3.299999999999993161 ) ;
#2109 = CARTESIAN_POINT ( 'NONE',  ( -37.67427066578736117, 27.62637565346761193, -114.4593004741708171 ) ) ;
#2110 = EDGE_CURVE ( 'NONE', #2974, #2090, #2500, .T. ) ;
#2111 = ORIENTED_EDGE ( 'NONE', *, *, #1837, .T. ) ;
#2112 = CIRCLE ( 'NONE', #786, 195.5000000000000284 ) ;
#2113 = AXIS2_PLACEMENT_3D ( 'NONE', #3332, #1994, #3032 ) ;
#2114 = CARTESIAN_POINT ( 'NONE',  ( 44.23741762523174259, 54.51134344833695167, -122.7734693479948334 ) ) ;
#2115 = CARTESIAN_POINT ( 'NONE',  ( 65.25000000000014211, 72.00000000000000000, -113.0163151938691612 ) ) ;
#2116 = VECTOR ( 'NONE', #4059, 1000.000000000000114 ) ;
#2117 = DIRECTION ( 'NONE',  ( -0.2164396139381030704, 0.000000000000000000, 0.9762960071199333623 ) ) ;
#2118 = VERTEX_POINT ( 'NONE', #3798 ) ;
#2119 = DIRECTION ( 'NONE',  ( -0.000000000000000000, -1.000000000000000000, -0.000000000000000000 ) ) ;
#2120 = CARTESIAN_POINT ( 'NONE',  ( 36.86141657668386529, 58.65500978976254487, -114.7235826342628968 ) ) ;
#2121 = LINE ( 'NONE', #461, #1799 ) ;
#2122 = ORIENTED_EDGE ( 'NONE', *, *, #1436, .F. ) ;
#2123 = VERTEX_POINT ( 'NONE', #3748 ) ;
#2124 = PLANE ( 'NONE',  #1685 ) ;
#2125 = DIRECTION ( 'NONE',  ( -0.000000000000000000, -1.000000000000000000, -0.000000000000000000 ) ) ;
#2126 = CARTESIAN_POINT ( 'NONE',  ( -14.99999999999999645, 5.025000000000002132, -165.5000000000000284 ) ) ;
#2127 = ORIENTED_EDGE ( 'NONE', *, *, #4268, .T. ) ;
#2128 = EDGE_CURVE ( 'NONE', #3473, #3007, #3507, .T. ) ;
#2129 = CARTESIAN_POINT ( 'NONE',  ( -73.60711329313414808, 72.00000000000000000, -188.2210007918386623 ) ) ;
#2130 = VERTEX_POINT ( 'NONE', #751 ) ;
#2131 = EDGE_CURVE ( 'NONE', #2138, #2904, #293, .T. ) ;
#2132 = FACE_OUTER_BOUND ( 'NONE', #139, .T. ) ;
#2133 = PLANE ( 'NONE',  #828 ) ;
#2134 = ORIENTED_EDGE ( 'NONE', *, *, #1396, .F. ) ;
#2135 = DIRECTION ( 'NONE',  ( 0.000000000000000000, 0.000000000000000000, 1.000000000000000000 ) ) ;
#2136 = CARTESIAN_POINT ( 'NONE',  ( 72.05641362678947814, 72.00000000000000000, -154.5254776897487830 ) ) ;
#2137 = DIRECTION ( 'NONE',  ( 0.000000000000000000, 0.000000000000000000, -1.000000000000000000 ) ) ;
#2138 = VERTEX_POINT ( 'NONE', #2480 ) ;
#2139 = ORIENTED_EDGE ( 'NONE', *, *, #2507, .F. ) ;
#2140 = CARTESIAN_POINT ( 'NONE',  ( 36.76508858245411204, 55.53372413138818331, -114.7544557251177935 ) ) ;
#2141 = FACE_OUTER_BOUND ( 'NONE', #118, .T. ) ;
#2142 = DIRECTION ( 'NONE',  ( 0.4226182617407008846, 0.000000000000000000, -0.9063077870366492705 ) ) ;
#2143 = B_SPLINE_CURVE_WITH_KNOTS ( 'NONE', 3,
 ( #254, #4254, #1260, #3596, #2611, #4032, #4305, #330, #704, #1662, #4015, #3964, #2957, #3026, #289, #617, #3948, #2975, #3305, #2628, #2998, #1365, #1319, #2035, #1030, #661, #1947, #379, #311, #4289, #1988, #3373 ),
 .UNSPECIFIED., .F., .F.,
 ( 4, 2, 2, 2, 2, 2, 2, 2, 2, 2, 2, 2, 2, 2, 2, 4 ),
 ( 0.01032964024538050168, 0.01097510098457193939, 0.01162056172376337709, 0.01226602246295481480, 0.01291148320214625250, 0.01355694394133769021, 0.01420240468052912618, 0.01484786541972056388, 0.01549332615891200159, 0.01613878689810344103, 0.01678424763729487873, 0.01742970837648631297, 0.01807516911567775067, 0.01872062985486918837, 0.01936609059406062608, 0.02065701207244348761 ),
 .UNSPECIFIED. ) ;
#2144 = CLOSED_SHELL ( 'NONE', ( #1289, #2239, #932, #2610, #1644, #281, #3125, #978, #608, #2928, #131, #1156, #1115, #771, #3840, #2450, #3250, #2660, #2640, #2721, #980, #2635, #4089, #3045, #450, #2076, #530, #1440, #607, #3709, #1004, #926, #318, #956, #3259, #761, #693, #2396, #1549, #817, #2341, #1009, #1380, #2027, #4014, #883, #2499, #1257, #481, #2374, #3276, #3021, #3337, #343, #2878, #27, #2325, #3272, #445, #3710, #1092, #2747, #1700, #664, #454, #1388, #4149, #3255, #625, #722, #2071, #2830, #4224, #1326, #2317, #3530, #2856, #2363, #3572, #3930, #3281, #2689, #3205, #4194, #1412, #4274, #1252, #2987, #308, #506, #1034, #2933, #1493, #872, #1788, #3765, #1121, #2834, #3075, #630, #1712, #3302, #3324, #371, #3841, #2911, #2478, #4225, #687, #846, #1076, #3795, #1883, #211, #802, #2906, #1830, #241, #4035 ) ) ;
#2145 = VERTEX_POINT ( 'NONE', #865 ) ;
#2146 = CIRCLE ( 'NONE', #1733, 155.5000000000000284 ) ;
#2147 = DIRECTION ( 'NONE',  ( 0.000000000000000000, 0.000000000000000000, -1.000000000000000000 ) ) ;
#2148 = CARTESIAN_POINT ( 'NONE',  ( 18.33893000691724851, 72.00000000000000000, -139.2980030230203567 ) ) ;
#2149 = AXIS2_PLACEMENT_3D ( 'NONE', #474, #2903, #2487 ) ;
#2150 = ORIENTED_EDGE ( 'NONE', *, *, #314, .T. ) ;
#2151 = EDGE_CURVE ( 'NONE', #2432, #3833, #3834, .T. ) ;
#2152 = DIRECTION ( 'NONE',  ( -0.000000000000000000, -1.000000000000000000, -0.000000000000000000 ) ) ;
#2153 = VECTOR ( 'NONE', #3352, 1000.000000000000000 ) ;
#2154 = CYLINDRICAL_SURFACE ( 'NONE', #756, 2.749999999999974687 ) ;
#2155 = EDGE_CURVE ( 'NONE', #2248, #2202, #2175, .T. ) ;
#2156 = EDGE_CURVE ( 'NONE', #957, #3631, #2236, .T. ) ;
#2157 = ORIENTED_EDGE ( 'NONE', *, *, #4321, .F. ) ;
#2158 = DIRECTION ( 'NONE',  ( 0.000000000000000000, 0.000000000000000000, 1.000000000000000000 ) ) ;
#2159 = PLANE ( 'NONE',  #1621 ) ;
#2160 = FACE_OUTER_BOUND ( 'NONE', #2187, .T. ) ;
#2161 = EDGE_CURVE ( 'NONE', #1485, #744, #3884, .T. ) ;
#2162 = ORIENTED_EDGE ( 'NONE', *, *, #3624, .F. ) ;
#2163 = ORIENTED_EDGE ( 'NONE', *, *, #2803, .T. ) ;
#2164 = CARTESIAN_POINT ( 'NONE',  ( -40.79062699516364887, 22.03202944424212362, -123.9613439825810275 ) ) ;
#2165 = AXIS2_PLACEMENT_3D ( 'NONE', #3357, #1744, #3669 ) ;
#2166 = CARTESIAN_POINT ( 'NONE',  ( 0.000000000000000000, 72.00000000000000000, 0.000000000000000000 ) ) ;
#2167 = DIRECTION ( 'NONE',  ( -0.000000000000000000, -1.000000000000000000, -0.000000000000000000 ) ) ;
#2168 = ORIENTED_EDGE ( 'NONE', *, *, #637, .T. ) ;
#2169 = CIRCLE ( 'NONE', #2029, 120.5000000000000000 ) ;
#2170 = DIRECTION ( 'NONE',  ( -0.000000000000000000, -1.000000000000000000, -0.000000000000000000 ) ) ;
#2171 = CARTESIAN_POINT ( 'NONE',  ( 0.000000000000000000, 10.00000000000000000, 0.000000000000000000 ) ) ;
#2172 = AXIS2_PLACEMENT_3D ( 'NONE', #2587, #3262, #552 ) ;
#2173 = ORIENTED_EDGE ( 'NONE', *, *, #745, .F. ) ;
#2174 = VECTOR ( 'NONE', #4128, 1000.000000000000000 ) ;
#2175 = CIRCLE ( 'NONE', #2172, 12.50000000000001066 ) ;
#2176 = CARTESIAN_POINT ( 'NONE',  ( 44.08014229598430234, 54.37512045428692176, -122.8300581079984113 ) ) ;
#2177 = PRODUCT_RELATED_PRODUCT_CATEGORY ( 'part', '', ( #3501 ) ) ;
#2178 = DIRECTION ( 'NONE',  ( -1.387778780781440548E-15, 0.000000000000000000, 1.000000000000000000 ) ) ;
#2179 = VECTOR ( 'NONE', #2578, 1000.000000000000000 ) ;
#2180 = ORIENTED_EDGE ( 'NONE', *, *, #3124, .T. ) ;
#2181 = FACE_OUTER_BOUND ( 'NONE', #1249, .T. ) ;
#2182 = VECTOR ( 'NONE', #996, 1000.000000000000000 ) ;
#2183 = EDGE_CURVE ( 'NONE', #3247, #453, #433, .T. ) ;
#2184 = DIRECTION ( 'NONE',  ( 0.000000000000000000, 0.000000000000000000, 1.000000000000000000 ) ) ;
#2185 = DIRECTION ( 'NONE',  ( 0.000000000000000000, 1.000000000000000000, 0.000000000000000000 ) ) ;
#2186 = ORIENTED_EDGE ( 'NONE', *, *, #1196, .T. ) ;
#2187 = EDGE_LOOP ( 'NONE', ( #765, #2927, #726, #1721 ) ) ;
#2188 = EDGE_CURVE ( 'NONE', #723, #1003, #3551, .T. ) ;
#2189 = CARTESIAN_POINT ( 'NONE',  ( -39.03543664284585901, 24.78437881256245845, -124.5250363826583140 ) ) ;
#2190 = DIRECTION ( 'NONE',  ( -0.000000000000000000, 1.000000000000000000, -0.000000000000000000 ) ) ;
#2191 = DIRECTION ( 'NONE',  ( 0.000000000000000000, 0.000000000000000000, 1.000000000000000000 ) ) ;
#2192 = CARTESIAN_POINT ( 'NONE',  ( -59.12955738187353916, 5.000000000000004441, -143.8191414375141903 ) ) ;
#2193 = ORIENTED_EDGE ( 'NONE', *, *, #52, .T. ) ;
#2194 = EDGE_LOOP ( 'NONE', ( #3376, #4275, #2056, #4022, #1836, #876 ) ) ;
#2195 = B_SPLINE_CURVE_WITH_KNOTS ( 'NONE', 3,
 ( #1323, #1369, #1693, #2015, #1975, #2331, #667, #4063, #2652, #1061, #3349, #316, #2392, #4039, #2700, #3729, #2369, #3683, #2043, #11, #1951, #383, #3704, #1645, #1037, #1717, #3992, #3664, #3051, #1993, #3288, #3970 ),
 .UNSPECIFIED., .F., .F.,
 ( 4, 2, 2, 2, 2, 2, 2, 2, 2, 2, 2, 2, 2, 2, 2, 4 ),
 ( 0.01033178206695697585, 0.01097737726408915329, 0.01162297246122133074, 0.01226856765835350818, 0.01291416285548568736, 0.01355975805261786481, 0.01420535324975004225, 0.01485094844688221970, 0.01549654364401439888, 0.01614213884114657632, 0.01678773403827875377, 0.01743332923541093121, 0.01807892443254310866, 0.01872451962967528610, 0.01937011482680746355, 0.02066130522107184272 ),
 .UNSPECIFIED. ) ;
#2196 = CARTESIAN_POINT ( 'NONE',  ( 52.39463284441546875, 81.99999999999998579, -151.5996111077022590 ) ) ;
#2197 = CARTESIAN_POINT ( 'NONE',  ( 40.14954838551813054, 0.000000000000000000, -181.1029093207476990 ) ) ;
#2198 = DIRECTION ( 'NONE',  ( 0.000000000000000000, 1.000000000000000000, 0.000000000000000000 ) ) ;
#2199 = ORIENTED_EDGE ( 'NONE', *, *, #657, .T. ) ;
#2200 = FACE_OUTER_BOUND ( 'NONE', #1720, .T. ) ;
#2201 = DIRECTION ( 'NONE',  ( 0.5000000000000011102, 0.000000000000000000, -0.8660254037844380415 ) ) ;
#2202 = VERTEX_POINT ( 'NONE', #3531 ) ;
#2203 = FACE_BOUND ( 'NONE', #592, .T. ) ;
#2204 = FACE_BOUND ( 'NONE', #2194, .T. ) ;
#2205 = CARTESIAN_POINT ( 'NONE',  ( -59.37786577456848391, 81.99999999999998579, -127.3362440786491874 ) ) ;
#2206 = ORIENTED_EDGE ( 'NONE', *, *, #265, .T. ) ;
#2207 = EDGE_LOOP ( 'NONE', ( #376, #3212, #1931, #4030 ) ) ;
#2208 = EDGE_CURVE ( 'NONE', #453, #4045, #1884, .T. ) ;
#2209 = CARTESIAN_POINT ( 'NONE',  ( 0.000000000000000000, 61.99999999999999289, 0.000000000000000000 ) ) ;
#2210 = DIRECTION ( 'NONE',  ( 0.000000000000000000, 1.000000000000000000, 0.000000000000000000 ) ) ;
#2211 = ORIENTED_EDGE ( 'NONE', *, *, #3956, .F. ) ;
#2212 = DIRECTION ( 'NONE',  ( -0.5000000000000013323, 0.000000000000000000, -0.8660254037844378194 ) ) ;
#2213 = VERTEX_POINT ( 'NONE', #3220 ) ;
#2214 = EDGE_CURVE ( 'NONE', #2770, #3190, #1564, .T. ) ;
#2215 = EDGE_CURVE ( 'NONE', #2202, #2432, #3224, .T. ) ;
#2216 = CARTESIAN_POINT ( 'NONE',  ( 64.38717422483068731, 76.99999999999998579, -157.8750828830862076 ) ) ;
#2217 = CARTESIAN_POINT ( 'NONE',  ( -18.50000000000002132, 5.000000000000000000, -146.7500000000000284 ) ) ;
#2218 = DIRECTION ( 'NONE',  ( 0.000000000000000000, 0.000000000000000000, -1.000000000000000000 ) ) ;
#2219 = ORIENTED_EDGE ( 'NONE', *, *, #190, .F. ) ;
#2220 = CIRCLE ( 'NONE', #473, 2.749999999999974687 ) ;
#2221 = CARTESIAN_POINT ( 'NONE',  ( 0.000000000000000000, 20.00000000000000355, 0.000000000000000000 ) ) ;
#2222 = CARTESIAN_POINT ( 'NONE',  ( 40.64091420145724243, 72.00000000000000000, -150.0951901057119073 ) ) ;
#2223 = VERTEX_POINT ( 'NONE', #232 ) ;
#2224 = AXIS2_PLACEMENT_3D ( 'NONE', #3620, #2983, #2245 ) ;
#2225 = LINE ( 'NONE', #3891, #1750 ) ;
#2226 = CARTESIAN_POINT ( 'NONE',  ( 0.000000000000000000, 72.00000000000000000, 0.000000000000000000 ) ) ;
#2227 = CARTESIAN_POINT ( 'NONE',  ( 52.39463284441546875, 0.000000000000000000, -157.0996111077022022 ) ) ;
#2228 = ORIENTED_EDGE ( 'NONE', *, *, #430, .F. ) ;
#2229 = ORIENTED_EDGE ( 'NONE', *, *, #2795, .T. ) ;
#2230 = CYLINDRICAL_SURFACE ( 'NONE', #1415, 12.50000000000006750 ) ;
#2231 = DIRECTION ( 'NONE',  ( 0.000000000000000000, 0.000000000000000000, -1.000000000000000000 ) ) ;
#2232 = DIRECTION ( 'NONE',  ( -0.000000000000000000, -1.000000000000000000, -0.000000000000000000 ) ) ;
#2233 = EDGE_CURVE ( 'NONE', #1914, #1042, #1342, .T. ) ;
#2234 = CYLINDRICAL_SURFACE ( 'NONE', #3271, 140.5000000000000000 ) ;
#2235 = ORIENTED_EDGE ( 'NONE', *, *, #20, .F. ) ;
#2236 = LINE ( 'NONE', #2872, #2315 ) ;
#2237 = CARTESIAN_POINT ( 'NONE',  ( 41.37004520513910677, 60.19605783787654474, -123.7691962008042879 ) ) ;
#2238 = CARTESIAN_POINT ( 'NONE',  ( 24.21260865681960439, 81.99999999999998579, -183.9130217848419022 ) ) ;
#2239 = ADVANCED_FACE ( 'NONE', ( #1516 ), #2916, .F. ) ;
#2240 = B_SPLINE_CURVE_WITH_KNOTS ( 'NONE', 3,
 ( #3431, #2422, #1077, #1143, #1705, #3806, #2120, #4052, #2471, #2379, #762, #1772, #789, #3759, #3721, #724, #742, #2735, #4077, #3457, #2403, #415, #3739, #2072, #3409, #1748, #3109, #1443, #2777, #4115, #2444, #3783, #134, #563 ),
 .UNSPECIFIED., .F., .F.,
 ( 4, 2, 2, 2, 2, 2, 2, 2, 2, 2, 2, 2, 2, 2, 2, 2, 4 ),
 ( 0.000000000000000000, 0.0006457377875662743093, 0.001291475575132548619, 0.001937213362698822928, 0.002582951150265097237, 0.003228688937831371546, 0.003874426725397645856, 0.004520164512963919731, 0.005165902300530194474, 0.005811640088096469217, 0.006457377875662743093, 0.007103115663229016968, 0.007748853450795291711, 0.008394591238361566454, 0.009040329025927839462, 0.009686066813494114205, 0.01033180460106038895 ),
 .UNSPECIFIED. ) ;
#2241 = VERTEX_POINT ( 'NONE', #1928 ) ;
#2242 = CARTESIAN_POINT ( 'NONE',  ( 72.05641362678947814, 72.00000000000000000, -154.5254776897487830 ) ) ;
#2243 = AXIS2_PLACEMENT_3D ( 'NONE', #274, #2593, #2283 ) ;
#2244 = EDGE_CURVE ( 'NONE', #1926, #3708, #2524, .T. ) ;
#2245 = DIRECTION ( 'NONE',  ( -1.541976423090495880E-16, 0.000000000000000000, 1.000000000000000000 ) ) ;
#2246 = CIRCLE ( 'NONE', #4134, 170.5000000000000284 ) ;
#2247 = AXIS2_PLACEMENT_3D ( 'NONE', #3725, #3438, #3113 ) ;
#2248 = VERTEX_POINT ( 'NONE', #2521 ) ;
#2249 = CARTESIAN_POINT ( 'NONE',  ( 45.29537560312244437, 56.99999999999999289, -122.3870048206592287 ) ) ;
#2250 = CIRCLE ( 'NONE', #2383, 12.50000000000001066 ) ;
#2251 = AXIS2_PLACEMENT_3D ( 'NONE', #70, #48, #95 ) ;
#2252 = DIRECTION ( 'NONE',  ( -0.000000000000000000, 1.000000000000000000, -0.000000000000000000 ) ) ;
#2253 = ORIENTED_EDGE ( 'NONE', *, *, #1764, .F. ) ;
#2254 = VERTEX_POINT ( 'NONE', #1237 ) ;
#2255 = VECTOR ( 'NONE', #3811, 1000.000000000000114 ) ;
#2256 = CIRCLE ( 'NONE', #3862, 10.00000000000003730 ) ;
#2257 = DIRECTION ( 'NONE',  ( -0.000000000000000000, 1.000000000000000000, -0.000000000000000000 ) ) ;
#2258 = APPLICATION_PROTOCOL_DEFINITION ( 'draft international standard', 'automotive_design', 1998, #1304 ) ;
#2259 = CARTESIAN_POINT ( 'NONE',  ( -24.21260865681972518, 81.99999999999998579, -183.9130217848418738 ) ) ;
#2260 = AXIS2_PLACEMENT_3D ( 'NONE', #3701, #2329, #3967 ) ;
#2261 = ORIENTED_EDGE ( 'NONE', *, *, #4070, .F. ) ;
#2262 = ORIENTED_EDGE ( 'NONE', *, *, #1338, .T. ) ;
#2263 = LINE ( 'NONE', #3861, #1410 ) ;
#2264 = CARTESIAN_POINT ( 'NONE',  ( 43.18665657645605904, 60.13038804741719190, -123.1470772913434075 ) ) ;
#2265 = CARTESIAN_POINT ( 'NONE',  ( 0.000000000000000000, 81.99999999999998579, -120.5000000000000000 ) ) ;
#2266 = EDGE_LOOP ( 'NONE', ( #2405, #3451, #3658, #1927 ) ) ;
#2267 = EDGE_CURVE ( 'NONE', #1377, #1202, #3993, .T. ) ;
#2268 = CARTESIAN_POINT ( 'NONE',  ( 45.44029495540633690, 56.99999999999999289, -122.9278512063826838 ) ) ;
#2269 = CARTESIAN_POINT ( 'NONE',  ( 59.12955738187335442, 10.00000000000000000, -143.8191414375143324 ) ) ;
#2270 = ORIENTED_EDGE ( 'NONE', *, *, #1706, .T. ) ;
#2271 = EDGE_CURVE ( 'NONE', #2859, #401, #2852, .T. ) ;
#2272 = LINE ( 'NONE', #4298, #1677 ) ;
#2273 = CARTESIAN_POINT ( 'NONE',  ( -14.99999999999999645, 10.00000000000000000, -150.5000000000000284 ) ) ;
#2274 = ORIENTED_EDGE ( 'NONE', *, *, #2055, .F. ) ;
#2275 = CARTESIAN_POINT ( 'NONE',  ( 59.37786577456844128, 81.99999999999998579, -127.3362440786492442 ) ) ;
#2276 = DIRECTION ( 'NONE',  ( 0.000000000000000000, 0.000000000000000000, -1.000000000000000000 ) ) ;
#2277 = CARTESIAN_POINT ( 'NONE',  ( -14.99999999999999645, 5.025000000000002132, -150.5000000000000284 ) ) ;
#2278 = ORIENTED_EDGE ( 'NONE', *, *, #3741, .F. ) ;
#2279 = DIRECTION ( 'NONE',  ( 0.000000000000000000, 1.000000000000000000, 0.000000000000000000 ) ) ;
#2280 = CARTESIAN_POINT ( 'NONE',  ( 40.26851559244228440, 59.62823709997675081, -124.1319013306689101 ) ) ;
#2281 = FACE_OUTER_BOUND ( 'NONE', #103, .T. ) ;
#2282 = ORIENTED_EDGE ( 'NONE', *, *, #4168, .T. ) ;
#2283 = DIRECTION ( 'NONE',  ( 0.000000000000000000, 0.000000000000000000, -1.000000000000000000 ) ) ;
#2284 = FACE_OUTER_BOUND ( 'NONE', #3111, .T. ) ;
#2285 = EDGE_CURVE ( 'NONE', #3459, #1602, #2263, .T. ) ;
#2286 = CIRCLE ( 'NONE', #1313, 6.450000000000011724 ) ;
#2287 = ORIENTED_EDGE ( 'NONE', *, *, #1286, .T. ) ;
#2288 = LINE ( 'NONE', #1226, #3986 ) ;
#2289 = LINE ( 'NONE', #1310, #3227 ) ;
#2290 = FACE_OUTER_BOUND ( 'NONE', #3702, .T. ) ;
#2291 = EDGE_CURVE ( 'NONE', #2007, #754, #884, .T. ) ;
#2292 = EDGE_CURVE ( 'NONE', #1294, #122, #3906, .T. ) ;
#2293 = CIRCLE ( 'NONE', #410, 10.00000000000003730 ) ;
#2294 = ORIENTED_EDGE ( 'NONE', *, *, #2291, .F. ) ;
#2295 = DIRECTION ( 'NONE',  ( -0.2164396139381040973, -0.000000000000000000, -0.9762960071199330292 ) ) ;
#2296 = VECTOR ( 'NONE', #1514, 1000.000000000000000 ) ;
#2297 = CARTESIAN_POINT ( 'NONE',  ( -14.99999999999999645, 5.000000000000000000, -150.5000000000000284 ) ) ;
#2298 = DIRECTION ( 'NONE',  ( 0.000000000000000000, 0.000000000000000000, 1.000000000000000000 ) ) ;
#2299 = EDGE_CURVE ( 'NONE', #4292, #1923, #2143, .T. ) ;
#2300 = ORIENTED_EDGE ( 'NONE', *, *, #29, .T. ) ;
#2301 = ORIENTED_EDGE ( 'NONE', *, *, #2538, .T. ) ;
#2302 = FACE_OUTER_BOUND ( 'NONE', #2674, .T. ) ;
#2303 = CARTESIAN_POINT ( 'NONE',  ( 0.000000000000000000, 81.99999999999998579, 0.000000000000000000 ) ) ;
#2304 = CARTESIAN_POINT ( 'NONE',  ( 59.37786577456844128, 72.00000000000000000, -127.3362440786492442 ) ) ;
#2305 = ORIENTED_EDGE ( 'NONE', *, *, #2417, .T. ) ;
#2306 = CARTESIAN_POINT ( 'NONE',  ( -78.39568755290005697, 81.99999999999998579, -168.1200944952984742 ) ) ;
#2307 = CARTESIAN_POINT ( 'NONE',  ( -30.40976575830357476, 10.00000000000000000, -137.1695890003506122 ) ) ;
#2308 = CIRCLE ( 'NONE', #425, 185.5000000000000568 ) ;
#2309 = DIRECTION ( 'NONE',  ( -0.000000000000000000, -1.000000000000000000, -0.000000000000000000 ) ) ;
#2310 = VERTEX_POINT ( 'NONE', #1970 ) ;
#2311 = AXIS2_PLACEMENT_3D ( 'NONE', #3775, #4107, #2818 ) ;
#2312 = CARTESIAN_POINT ( 'NONE',  ( 39.81443195155257797, 54.81648092594073773, -124.2782535737901100 ) ) ;
#2313 = DIRECTION ( 'NONE',  ( -0.4226182617407012732, -0.000000000000000000, 0.9063077870366490485 ) ) ;
#2314 = CARTESIAN_POINT ( 'NONE',  ( 0.000000000000000000, 72.00000000000000000, 0.000000000000000000 ) ) ;
#2315 = VECTOR ( 'NONE', #1585, 1000.000000000000000 ) ;
#2316 = VERTEX_POINT ( 'NONE', #1713 ) ;
#2317 = ADVANCED_FACE ( 'NONE', ( #351 ), #964, .F. ) ;
#2318 = FACE_OUTER_BOUND ( 'NONE', #42, .T. ) ;
#2319 = DIRECTION ( 'NONE',  ( -0.000000000000000000, -1.000000000000000000, -0.000000000000000000 ) ) ;
#2320 = VECTOR ( 'NONE', #2210, 1000.000000000000000 ) ;
#2321 = VERTEX_POINT ( 'NONE', #54 ) ;
#2322 = VECTOR ( 'NONE', #1718, 1000.000000000000000 ) ;
#2323 = EDGE_LOOP ( 'NONE', ( #4287, #1080, #3780, #2349 ) ) ;
#2324 = ORIENTED_EDGE ( 'NONE', *, *, #1459, .T. ) ;
#2325 = ADVANCED_FACE ( 'NONE', ( #2302 ), #3015, .F. ) ;
#2326 = PLANE ( 'NONE',  #86 ) ;
#2327 = VECTOR ( 'NONE', #2630, 1000.000000000000000 ) ;
#2328 = CARTESIAN_POINT ( 'NONE',  ( 45.29537560312244437, 56.99999999999999289, -122.3870048206592287 ) ) ;
#2329 = DIRECTION ( 'NONE',  ( 0.000000000000000000, 1.000000000000000000, 0.000000000000000000 ) ) ;
#2330 = ORIENTED_EDGE ( 'NONE', *, *, #2131, .T. ) ;
#2331 = CARTESIAN_POINT ( 'NONE',  ( -36.76316597214761117, 23.53780903682200787, -114.7550714746286218 ) ) ;
#2332 = CARTESIAN_POINT ( 'NONE',  ( -68.76713373690311926, 44.19248842920672615, -195.1475510078744833 ) ) ;
#2333 = DIRECTION ( 'NONE',  ( 0.000000000000000000, 0.000000000000000000, -1.000000000000000000 ) ) ;
#2334 = ORIENTED_EDGE ( 'NONE', *, *, #3098, .T. ) ;
#2335 = ORIENTED_EDGE ( 'NONE', *, *, #524, .T. ) ;
#2336 = CARTESIAN_POINT ( 'NONE',  ( 33.65635996737503177, 10.00000000000000000, -151.8140291071496790 ) ) ;
#2337 = DIRECTION ( 'NONE',  ( 0.000000000000000000, 0.000000000000000000, -1.000000000000000000 ) ) ;
#2338 = ORIENTED_EDGE ( 'NONE', *, *, #3474, .T. ) ;
#2339 = CARTESIAN_POINT ( 'NONE',  ( -52.39463284441555402, 0.000000000000000000, -151.5996111077022022 ) ) ;
#2340 = DIRECTION ( 'NONE',  ( -0.000000000000000000, -1.000000000000000000, 0.000000000000000000 ) ) ;
#2341 = ADVANCED_FACE ( 'NONE', ( #3283 ), #2364, .F. ) ;
#2342 = ORIENTED_EDGE ( 'NONE', *, *, #2811, .T. ) ;
#2343 = EDGE_LOOP ( 'NONE', ( #3292, #700, #3328, #1431 ) ) ;
#2344 = CARTESIAN_POINT ( 'NONE',  ( 0.000000000000000000, 61.99999999999999289, 0.000000000000000000 ) ) ;
#2345 = CARTESIAN_POINT ( 'NONE',  ( 0.000000000000000000, 0.000000000000000000, 0.000000000000000000 ) ) ;
#2346 = CARTESIAN_POINT ( 'NONE',  ( -83.53727058558150986, 44.19248842920672615, -189.4008211795481600 ) ) ;
#2347 = EDGE_CURVE ( 'NONE', #1782, #1946, #3716, .T. ) ;
#2348 = EDGE_CURVE ( 'NONE', #3963, #3355, #2648, .T. ) ;
#2349 = ORIENTED_EDGE ( 'NONE', *, *, #3413, .T. ) ;
#2350 = FACE_BOUND ( 'NONE', #4232, .T. ) ;
#2351 = DIRECTION ( 'NONE',  ( 0.000000000000000000, 1.000000000000000000, 0.000000000000000000 ) ) ;
#2352 = CARTESIAN_POINT ( 'NONE',  ( -38.19843342690695209, 27.96818250390153793, -114.2854748479618507 ) ) ;
#2353 = EDGE_LOOP ( 'NONE', ( #458, #2031, #2631, #2378 ) ) ;
#2354 = ORIENTED_EDGE ( 'NONE', *, *, #2215, .F. ) ;
#2355 = DIRECTION ( 'NONE',  ( 0.000000000000000000, 1.000000000000000000, -0.000000000000000000 ) ) ;
#2356 = DIRECTION ( 'NONE',  ( -0.2588190451025250138, -0.000000000000000000, -0.9659258262890673130 ) ) ;
#2357 = ORIENTED_EDGE ( 'NONE', *, *, #2020, .T. ) ;
#2358 = DIRECTION ( 'NONE',  ( -0.000000000000000000, -1.000000000000000000, -0.000000000000000000 ) ) ;
#2359 = LINE ( 'NONE', #1658, #3682 ) ;
#2360 = ORIENTED_EDGE ( 'NONE', *, *, #2055, .T. ) ;
#2361 = ORIENTED_EDGE ( 'NONE', *, *, #4042, .T. ) ;
#2362 = AXIS2_PLACEMENT_3D ( 'NONE', #1669, #3602, #14 ) ;
#2363 = ADVANCED_FACE ( 'NONE', ( #638 ), #2326, .F. ) ;
#2364 = PLANE ( 'NONE',  #3851 ) ;
#2365 = DIRECTION ( 'NONE',  ( -0.000000000000000000, 1.000000000000000000, -0.000000000000000000 ) ) ;
#2366 = CARTESIAN_POINT ( 'NONE',  ( 0.000000000000000000, 0.000000000000000000, 0.000000000000000000 ) ) ;
#2367 = ORIENTED_EDGE ( 'NONE', *, *, #1332, .T. ) ;
#2368 = EDGE_CURVE ( 'NONE', #1165, #545, #3158, .T. ) ;
#2369 = CARTESIAN_POINT ( 'NONE',  ( -39.37553589616489802, 21.70002038411215395, -113.8853137820169650 ) ) ;
#2370 = CARTESIAN_POINT ( 'NONE',  ( 72.05641362678947814, 0.000000000000000000, -154.5254776897487830 ) ) ;
#2371 = FACE_BOUND ( 'NONE', #1537, .T. ) ;
#2372 = VERTEX_POINT ( 'NONE', #681 ) ;
#2373 = EDGE_LOOP ( 'NONE', ( #1792, #972 ) ) ;
#2374 = ADVANCED_FACE ( 'NONE', ( #2010 ), #3432, .F. ) ;
#2375 = LINE ( 'NONE', #2336, #2654 ) ;
#2376 = DIRECTION ( 'NONE',  ( -0.000000000000000000, 1.000000000000000000, -0.000000000000000000 ) ) ;
#2377 = AXIS2_PLACEMENT_3D ( 'NONE', #892, #2925, #1956 ) ;
#2378 = ORIENTED_EDGE ( 'NONE', *, *, #1942, .F. ) ;
#2379 = CARTESIAN_POINT ( 'NONE',  ( 37.51363021273733267, 59.48817710629571565, -114.5120119095048778 ) ) ;
#2380 = FACE_OUTER_BOUND ( 'NONE', #1866, .T. ) ;
#2381 = VERTEX_POINT ( 'NONE', #1470 ) ;
#2382 = ORIENTED_EDGE ( 'NONE', *, *, #206, .T. ) ;
#2383 = AXIS2_PLACEMENT_3D ( 'NONE', #3057, #954, #2638 ) ;
#2384 = MECHANICAL_DESIGN_GEOMETRIC_PRESENTATION_REPRESENTATION (  '', ( #1133 ), #2809 ) ;
#2385 = CARTESIAN_POINT ( 'NONE',  ( 36.52862896048283403, 56.12973116283725972, -114.8300337683580210 ) ) ;
#2386 = DIRECTION ( 'NONE',  ( -0.000000000000000000, -1.000000000000000000, 0.000000000000000000 ) ) ;
#2387 = DIRECTION ( 'NONE',  ( 0.5000000000000011102, 0.000000000000000000, -0.8660254037844380415 ) ) ;
#2388 = VECTOR ( 'NONE', #3067, 1000.000000000000000 ) ;
#2389 = CIRCLE ( 'NONE', #1761, 140.5000000000000000 ) ;
#2390 = ORIENTED_EDGE ( 'NONE', *, *, #2885, .T. ) ;
#2391 = CIRCLE ( 'NONE', #3296, 140.5000000000000000 ) ;
#2392 = CARTESIAN_POINT ( 'NONE',  ( -38.19476329874430576, 22.03372575900780816, -114.2867011145042682 ) ) ;
#2393 = CARTESIAN_POINT ( 'NONE',  ( 15.00000000000000355, 5.000000000000000000, -152.2000000000000171 ) ) ;
#2394 = LINE ( 'NONE', #2751, #2153 ) ;
#2395 = ORIENTED_EDGE ( 'NONE', *, *, #2368, .T. ) ;
#2396 = ADVANCED_FACE ( 'NONE', ( #1814, #464, #398, #2057, #1732, #1123, #2805, #2742, #73 ), #2124, .F. ) ;
#2397 = VERTEX_POINT ( 'NONE', #3154 ) ;
#2398 = DIRECTION ( 'NONE',  ( 0.000000000000000000, 0.000000000000000000, 1.000000000000000000 ) ) ;
#2399 = DIRECTION ( 'NONE',  ( -0.5000000000000002220, 0.000000000000000000, 0.8660254037844383745 ) ) ;
#2400 = DIRECTION ( 'NONE',  ( 0.000000000000000000, 1.000000000000000000, 0.000000000000000000 ) ) ;
#2401 = EDGE_CURVE ( 'NONE', #1003, #2924, #1824, .T. ) ;
#2402 = ORIENTED_EDGE ( 'NONE', *, *, #2046, .F. ) ;
#2403 = CARTESIAN_POINT ( 'NONE',  ( 40.58659630861023260, 60.13178472682156439, -113.4593242911507929 ) ) ;
#2404 = CARTESIAN_POINT ( 'NONE',  ( 0.000000000000000000, 10.00000000000000000, 0.000000000000000000 ) ) ;
#2405 = ORIENTED_EDGE ( 'NONE', *, *, #577, .T. ) ;
#2406 = VERTEX_POINT ( 'NONE', #3791 ) ;
#2407 = CARTESIAN_POINT ( 'NONE',  ( 42.59593457778098013, 56.14426029657919770, -112.7201763808036219 ) ) ;
#2408 = FACE_OUTER_BOUND ( 'NONE', #654, .T. ) ;
#2409 = CARTESIAN_POINT ( 'NONE',  ( 0.000000000000000000, 10.00000000000000000, 0.000000000000000000 ) ) ;
#2410 = B_SPLINE_CURVE_WITH_KNOTS ( 'NONE', 3,
 ( #3056, #2685, #3078, #3975, #1980, #4024, #973, #1021, #2312, #491, #2087, #2416, #87, #455, #780, #110, #3471, #1134, #2466, #173, #2791, #3802, #3752, #2176, #2114, #1768, #804, #3838, #3105, #1784, #1420, #2836, #4171, #843 ),
 .UNSPECIFIED., .F., .F.,
 ( 4, 2, 2, 2, 2, 2, 2, 2, 2, 2, 2, 2, 2, 2, 2, 2, 4 ),
 ( 6.938893903907227607E-18, 0.0006456036802710467606, 0.001291207360542086582, 0.001936811040813126404, 0.002582414721084166226, 0.003228018401355206048, 0.003873622081626245869, 0.004519225761897285691, 0.005164829442168325513, 0.005810433122439365335, 0.006456036802710405156, 0.007101640482981444978, 0.007747244163252484800, 0.008392847843523523754, 0.009038451523794564443, 0.009684055204065605132, 0.01032965888433664409 ),
 .UNSPECIFIED. ) ;
#2411 = ORIENTED_EDGE ( 'NONE', *, *, #1763, .T. ) ;
#2412 = CYLINDRICAL_SURFACE ( 'NONE', #3577, 185.5000000000000568 ) ;
#2413 = CARTESIAN_POINT ( 'NONE',  ( 52.39463284441546875, 81.99999999999998579, -154.3496111077022306 ) ) ;
#2414 = DIRECTION ( 'NONE',  ( -0.000000000000000000, -1.000000000000000000, 0.000000000000000000 ) ) ;
#2415 = ORIENTED_EDGE ( 'NONE', *, *, #1582, .T. ) ;
#2416 = CARTESIAN_POINT ( 'NONE',  ( 40.60746631919874972, 54.13456908695852121, -124.0214351832646429 ) ) ;
#2417 = EDGE_CURVE ( 'NONE', #2704, #2738, #1728, .T. ) ;
#2418 = CARTESIAN_POINT ( 'NONE',  ( -78.39568755290005697, 10.00000000000000000, -168.1200944952984742 ) ) ;
#2419 = CARTESIAN_POINT ( 'NONE',  ( 64.38717422483071573, 81.99999999999998579, -157.8750828830861224 ) ) ;
#2420 = VERTEX_POINT ( 'NONE', #100 ) ;
#2421 = EDGE_CURVE ( 'NONE', #3499, #321, #3085, .T. ) ;
#2422 = CARTESIAN_POINT ( 'NONE',  ( 36.44477503485185821, 57.21834568099540519, -114.8565556364068954 ) ) ;
#2423 = DIRECTION ( 'NONE',  ( -0.000000000000000000, 1.000000000000000000, -0.000000000000000000 ) ) ;
#2424 = ORIENTED_EDGE ( 'NONE', *, *, #1844, .T. ) ;
#2425 = AXIS2_PLACEMENT_3D ( 'NONE', #1964, #983, #1985 ) ;
#2426 = EDGE_LOOP ( 'NONE', ( #4250, #1327, #439, #2831 ) ) ;
#2427 = EDGE_CURVE ( 'NONE', #1979, #734, #358, .T. ) ;
#2428 = CARTESIAN_POINT ( 'NONE',  ( 42.05798217515755510, 54.98530029091854487, -112.9220565086088186 ) ) ;
#2429 = CIRCLE ( 'NONE', #63, 170.5000000000000284 ) ;
#2430 = DIRECTION ( 'NONE',  ( 0.000000000000000000, -1.000000000000000000, 0.000000000000000000 ) ) ;
#2431 = CARTESIAN_POINT ( 'NONE',  ( 0.000000000000000000, 81.99999999999998579, 0.000000000000000000 ) ) ;
#2432 = VERTEX_POINT ( 'NONE', #1407 ) ;
#2433 = VECTOR ( 'NONE', #2201, 1000.000000000000114 ) ;
#2434 = DIRECTION ( 'NONE',  ( 0.000000000000000000, 0.000000000000000000, 1.000000000000000000 ) ) ;
#2435 = LINE ( 'NONE', #2462, #1488 ) ;
#2436 = AXIS2_PLACEMENT_3D ( 'NONE', #1881, #1859, #2869 ) ;
#2437 = DIRECTION ( 'NONE',  ( 0.000000000000000000, 0.000000000000000000, -1.000000000000000000 ) ) ;
#2438 = ORIENTED_EDGE ( 'NONE', *, *, #3554, .T. ) ;
#2439 = LINE ( 'NONE', #3452, #354 ) ;
#2440 = CARTESIAN_POINT ( 'NONE',  ( 52.39463284441546165, 10.00000000000000178, -154.3496111077022590 ) ) ;
#2441 = LINE ( 'NONE', #1401, #1250 ) ;
#2442 = ORIENTED_EDGE ( 'NONE', *, *, #1059, .T. ) ;
#2443 = DIRECTION ( 'NONE',  ( 0.000000000000000000, 0.000000000000000000, 1.000000000000000000 ) ) ;
#2444 = CARTESIAN_POINT ( 'NONE',  ( 42.59528490685436708, 57.85799830836594282, -112.7204218782981968 ) ) ;
#2445 = CARTESIAN_POINT ( 'NONE',  ( -14.99999999999999645, 5.000000000000000000, -163.7750000000000341 ) ) ;
#2446 = AXIS2_PLACEMENT_3D ( 'NONE', #3528, #3805, #2508 ) ;
#2447 = B_SPLINE_CURVE_WITH_KNOTS ( 'NONE', 3,
 ( #1233, #2560, #3897, #546, #249, #3593, #593, #1187, #2513, #1924, #224, #1878, #525, #1494, #2827, #4161, #1579, #1166, #2494, #3502, #3213, #2164, #3829, #835, #1856, #858, #3852, #3544, #2542, #3878, #1839, #878, #2189, #3174 ),
 .UNSPECIFIED., .F., .F.,
 ( 4, 2, 2, 2, 2, 2, 2, 2, 2, 2, 2, 2, 2, 2, 2, 2, 4 ),
 ( 0.000000000000000000, 0.0006456025153362813553, 0.001291205030672562711, 0.001936807546008844066, 0.002582410061345125421, 0.003228012576681406776, 0.003873615092017688132, 0.004519217607353969920, 0.005164820122690250842, 0.005810422638026531764, 0.006456025153362813553, 0.007101627668699095342, 0.007747230184035376263, 0.008392832699371657185, 0.009038435214707939841, 0.009684037730044220763, 0.01032964024538050168 ),
 .UNSPECIFIED. ) ;
#2448 = ORIENTED_EDGE ( 'NONE', *, *, #186, .T. ) ;
#2449 = VERTEX_POINT ( 'NONE', #4099 ) ;
#2450 = ADVANCED_FACE ( 'NONE', ( #200 ), #3437, .F. ) ;
#2451 = CIRCLE ( 'NONE', #1477, 1.700000000000007061 ) ;
#2452 = DIRECTION ( 'NONE',  ( -0.000000000000000000, 1.000000000000000000, -0.000000000000000000 ) ) ;
#2453 = PLANE ( 'NONE',  #1691 ) ;
#2454 = DIRECTION ( 'NONE',  ( -0.000000000000000000, -1.000000000000000000, -0.000000000000000000 ) ) ;
#2455 = CIRCLE ( 'NONE', #2808, 12.50000000000001066 ) ;
#2456 = VECTOR ( 'NONE', #1192, 1000.000000000000114 ) ;
#2457 = ORIENTED_EDGE ( 'NONE', *, *, #342, .F. ) ;
#2458 = EDGE_CURVE ( 'NONE', #4304, #341, #4142, .T. ) ;
#2459 = VECTOR ( 'NONE', #3635, 1000.000000000000000 ) ;
#2460 = CARTESIAN_POINT ( 'NONE',  ( -52.39463284441555402, 81.99999999999998579, -151.5996111077022022 ) ) ;
#2461 = VECTOR ( 'NONE', #2295, 1000.000000000000227 ) ;
#2462 = CARTESIAN_POINT ( 'NONE',  ( 65.71713970067897037, 72.00000000000000000, -140.9308608841990065 ) ) ;
#2463 = ORIENTED_EDGE ( 'NONE', *, *, #1227, .F. ) ;
#2464 = CIRCLE ( 'NONE', #1557, 12.50000000000001066 ) ;
#2465 = AXIS2_PLACEMENT_3D ( 'NONE', #154, #4197, #4157 ) ;
#2466 = CARTESIAN_POINT ( 'NONE',  ( 42.58797212319129244, 53.72160271671777565, -123.3554194625314722 ) ) ;
#2467 = AXIS2_PLACEMENT_3D ( 'NONE', #1642, #2012, #1346 ) ;
#2468 = DIRECTION ( 'NONE',  ( 0.000000000000000000, 0.000000000000000000, 1.000000000000000000 ) ) ;
#2469 = ORIENTED_EDGE ( 'NONE', *, *, #1332, .F. ) ;
#2470 = CARTESIAN_POINT ( 'NONE',  ( -78.39568755290005697, 72.00000000000000000, -168.1200944952984742 ) ) ;
#2471 = CARTESIAN_POINT ( 'NONE',  ( 37.22324895772564446, 59.18384322745688308, -114.6067321771795946 ) ) ;
#2472 = DIRECTION ( 'NONE',  ( 0.2164396139381082329, -0.000000000000000000, 0.9762960071199321410 ) ) ;
#2473 = ORIENTED_EDGE ( 'NONE', *, *, #81, .F. ) ;
#2474 = ORIENTED_EDGE ( 'NONE', *, *, #3179, .T. ) ;
#2475 = CARTESIAN_POINT ( 'NONE',  ( 37.22422867803058466, 54.81497579025556632, -114.6064141849032580 ) ) ;
#2476 = CARTESIAN_POINT ( 'NONE',  ( -33.65635996737514546, 81.99999999999998579, -151.8140291071496506 ) ) ;
#2477 = DIRECTION ( 'NONE',  ( 0.000000000000000000, 0.000000000000000000, 1.000000000000000000 ) ) ;
#2478 = ADVANCED_FACE ( 'NONE', ( #4181 ), #2230, .T. ) ;
#2479 = ORIENTED_EDGE ( 'NONE', *, *, #3474, .F. ) ;
#2480 = CARTESIAN_POINT ( 'NONE',  ( 65.71713970067897037, 72.00000000000000000, -140.9308608841990065 ) ) ;
#2481 = CARTESIAN_POINT ( 'NONE',  ( -70.70261554818613092, 76.99999999999998579, -195.6514459951412732 ) ) ;
#2482 = EDGE_CURVE ( 'NONE', #4045, #596, #4277, .T. ) ;
#2483 = EDGE_CURVE ( 'NONE', #57, #515, #4247, .T. ) ;
#2484 = VERTEX_POINT ( 'NONE', #3564 ) ;
#2485 = DIRECTION ( 'NONE',  ( 0.000000000000000000, 1.000000000000000000, -0.000000000000000000 ) ) ;
#2486 = EDGE_CURVE ( 'NONE', #268, #2518, #2389, .T. ) ;
#2487 = DIRECTION ( 'NONE',  ( -0.2164396139381033757, 0.000000000000000000, 0.9762960071199331402 ) ) ;
#2488 = ORIENTED_EDGE ( 'NONE', *, *, #430, .T. ) ;
#2489 = CYLINDRICAL_SURFACE ( 'NONE', #628, 6.450000000000011724 ) ;
#2490 = FACE_BOUND ( 'NONE', #2603, .T. ) ;
#2491 = CARTESIAN_POINT ( 'NONE',  ( -36.90295417644663445, 81.99999999999998579, -166.4584692139486606 ) ) ;
#2492 = VERTEX_POINT ( 'NONE', #1510 ) ;
#2493 = EDGE_LOOP ( 'NONE', ( #2474, #1000 ) ) ;
#2494 = CARTESIAN_POINT ( 'NONE',  ( -41.76780729820524130, 21.72110692776761454, -123.6355336036425854 ) ) ;
#2495 = DIRECTION ( 'NONE',  ( -0.000000000000000000, 1.000000000000000000, -0.000000000000000000 ) ) ;
#2496 = CARTESIAN_POINT ( 'NONE',  ( 18.49999999999997868, 5.000000000000000000, -146.7500000000000284 ) ) ;
#2497 = AXIS2_PLACEMENT_3D ( 'NONE', #416, #4078, #3110 ) ;
#2498 = ORIENTED_EDGE ( 'NONE', *, *, #3936, .T. ) ;
#2499 = ADVANCED_FACE ( 'NONE', ( #1213 ), #3191, .F. ) ;
#2500 = LINE ( 'NONE', #1414, #779 ) ;
#2501 = CARTESIAN_POINT ( 'NONE',  ( -33.65635996737514546, 72.00000000000000000, -151.8140291071496506 ) ) ;
#2502 = ORIENTED_EDGE ( 'NONE', *, *, #2803, .F. ) ;
#2503 = EDGE_CURVE ( 'NONE', #1923, #4292, #2447, .T. ) ;
#2504 = DIRECTION ( 'NONE',  ( -0.000000000000000000, -1.000000000000000000, -0.000000000000000000 ) ) ;
#2505 = CARTESIAN_POINT ( 'NONE',  ( -52.39463284441555402, 9.999999999999994671, -154.3496111077021737 ) ) ;
#2506 = EDGE_LOOP ( 'NONE', ( #143, #3762, #2382, #3728 ) ) ;
#2507 = EDGE_CURVE ( 'NONE', #3083, #1165, #4208, .T. ) ;
#2508 = DIRECTION ( 'NONE',  ( 0.000000000000000000, 0.000000000000000000, 1.000000000000000000 ) ) ;
#2509 = FACE_BOUND ( 'NONE', #3717, .T. ) ;
#2510 = CARTESIAN_POINT ( 'NONE',  ( 0.000000000000000000, 10.00000000000000000, 0.000000000000000000 ) ) ;
#2511 = EDGE_LOOP ( 'NONE', ( #3732, #3999, #3809, #1103 ) ) ;
#2512 = VERTEX_POINT ( 'NONE', #2339 ) ;
#2513 = CARTESIAN_POINT ( 'NONE',  ( -44.52649030193822455, 22.81727155252367112, -122.6689243456801961 ) ) ;
#2514 = AXIS2_PLACEMENT_3D ( 'NONE', #3546, #4231, #203 ) ;
#2515 = DIRECTION ( 'NONE',  ( 0.000000000000000000, 0.000000000000000000, 1.000000000000000000 ) ) ;
#2516 = FACE_OUTER_BOUND ( 'NONE', #985, .T. ) ;
#2517 = LINE ( 'NONE', #3855, #1405 ) ;
#2518 = VERTEX_POINT ( 'NONE', #2275 ) ;
#2519 = CIRCLE ( 'NONE', #220, 185.5000000000000568 ) ;
#2520 = EDGE_LOOP ( 'NONE', ( #1910, #92, #1751, #2335 ) ) ;
#2521 = CARTESIAN_POINT ( 'NONE',  ( -64.38717422483078678, 72.00000000000000000, -157.8750828830860655 ) ) ;
#2522 = DIRECTION ( 'NONE',  ( -0.000000000000000000, -1.000000000000000000, -0.000000000000000000 ) ) ;
#2523 = DIRECTION ( 'NONE',  ( -0.000000000000000000, -1.000000000000000000, -0.000000000000000000 ) ) ;
#2524 = CIRCLE ( 'NONE', #501, 1.700000000000007061 ) ;
#2525 = ORIENTED_EDGE ( 'NONE', *, *, #4164, .T. ) ;
#2526 = CIRCLE ( 'NONE', #573, 1.700000000000007061 ) ;
#2527 = AXIS2_PLACEMENT_3D ( 'NONE', #2643, #4323, #2004 ) ;
#2528 = DIRECTION ( 'NONE',  ( -0.000000000000000000, -1.000000000000000000, -0.000000000000000000 ) ) ;
#2529 = DIRECTION ( 'NONE',  ( -0.000000000000000000, -1.000000000000000000, -0.000000000000000000 ) ) ;
#2530 = EDGE_CURVE ( 'NONE', #2118, #1256, #28, .T. ) ;
#2531 = VECTOR ( 'NONE', #1408, 1000.000000000000000 ) ;
#2532 = VECTOR ( 'NONE', #4273, 1000.000000000000000 ) ;
#2533 = VERTEX_POINT ( 'NONE', #1025 ) ;
#2534 = DIRECTION ( 'NONE',  ( -0.000000000000000000, 1.000000000000000000, -0.000000000000000000 ) ) ;
#2535 = CIRCLE ( 'NONE', #584, 140.5000000000000000 ) ;
#2536 = FACE_BOUND ( 'NONE', #944, .T. ) ;
#2537 = DIRECTION ( 'NONE',  ( 0.000000000000000000, 0.000000000000000000, 1.000000000000000000 ) ) ;
#2538 = EDGE_CURVE ( 'NONE', #3833, #1210, #4301, .T. ) ;
#2539 = EDGE_CURVE ( 'NONE', #2381, #1525, #17, .T. ) ;
#2540 = ORIENTED_EDGE ( 'NONE', *, *, #2151, .T. ) ;
#2541 = ORIENTED_EDGE ( 'NONE', *, *, #1303, .F. ) ;
#2542 = CARTESIAN_POINT ( 'NONE',  ( -39.35497367175415917, 23.53581031925460465, -124.4244467517423658 ) ) ;
#2543 = CARTESIAN_POINT ( 'NONE',  ( 40.64091420145725664, 10.00000000000000178, -150.0951901057119073 ) ) ;
#2544 = DIRECTION ( 'NONE',  ( 0.000000000000000000, -1.000000000000000000, 0.000000000000000000 ) ) ;
#2545 = CARTESIAN_POINT ( 'NONE',  ( 52.39463284441546875, 81.99999999999998579, -154.3496111077022306 ) ) ;
#2546 = DIRECTION ( 'NONE',  ( -0.000000000000000000, -1.000000000000000000, -0.000000000000000000 ) ) ;
#2547 = CARTESIAN_POINT ( 'NONE',  ( 36.90295417644658471, 10.00000000000000000, -166.4584692139487174 ) ) ;
#2548 = FACE_OUTER_BOUND ( 'NONE', #382, .T. ) ;
#2549 = VERTEX_POINT ( 'NONE', #3257 ) ;
#2550 = CARTESIAN_POINT ( 'NONE',  ( 0.000000000000000000, 72.00000000000000000, 0.000000000000000000 ) ) ;
#2551 = FACE_OUTER_BOUND ( 'NONE', #194, .T. ) ;
#2552 = EDGE_LOOP ( 'NONE', ( #1281, #1426, #1058, #708 ) ) ;
#2553 = EDGE_CURVE ( 'NONE', #2449, #2961, #3291, .T. ) ;
#2554 = CARTESIAN_POINT ( 'NONE',  ( 0.000000000000000000, 10.00000000000000000, 0.000000000000000000 ) ) ;
#2555 = DIRECTION ( 'NONE',  ( 0.000000000000000000, 1.000000000000000000, 0.000000000000000000 ) ) ;
#2556 = DIRECTION ( 'NONE',  ( 0.000000000000000000, 1.000000000000000000, 0.000000000000000000 ) ) ;
#2557 = ORIENTED_EDGE ( 'NONE', *, *, #3786, .F. ) ;
#2558 = ORIENTED_EDGE ( 'NONE', *, *, #3663, .F. ) ;
#2559 = EDGE_CURVE ( 'NONE', #2130, #3804, #676, .T. ) ;
#2560 = CARTESIAN_POINT ( 'NONE',  ( -45.29537560312247990, 24.78169416132308811, -122.3870048206592145 ) ) ;
#2561 = DIRECTION ( 'NONE',  ( -0.000000000000000000, -1.000000000000000000, -0.000000000000000000 ) ) ;
#2562 = CARTESIAN_POINT ( 'NONE',  ( 59.37786577456843418, 0.000000000000000000, -127.3362440786492442 ) ) ;
#2563 = CARTESIAN_POINT ( 'NONE',  ( 0.000000000000000000, 10.00000000000000000, 0.000000000000000000 ) ) ;
#2564 = ORIENTED_EDGE ( 'NONE', *, *, #2046, .T. ) ;
#2565 = EDGE_LOOP ( 'NONE', ( #952, #3675, #3984, #2571 ) ) ;
#2566 = EDGE_CURVE ( 'NONE', #3355, #419, #698, .T. ) ;
#2567 = DIRECTION ( 'NONE',  ( 0.000000000000000000, 1.000000000000000000, 0.000000000000000000 ) ) ;
#2568 = AXIS2_PLACEMENT_3D ( 'NONE', #3594, #3193, #3880 ) ;
#2569 = CARTESIAN_POINT ( 'NONE',  ( 42.38671570290378554, 60.29970243464220658, -123.4247293214118741 ) ) ;
#2570 = DIRECTION ( 'NONE',  ( -0.000000000000000000, -1.000000000000000000, -0.000000000000000000 ) ) ;
#2571 = ORIENTED_EDGE ( 'NONE', *, *, #2233, .T. ) ;
#2572 = DIRECTION ( 'NONE',  ( -0.000000000000000000, 1.000000000000000000, -0.000000000000000000 ) ) ;
#2573 = AXIS2_PLACEMENT_3D ( 'NONE', #2793, #89, #3454 ) ;
#2574 = CARTESIAN_POINT ( 'NONE',  ( 65.71713970067897037, 81.99999999999998579, -140.9308608841990065 ) ) ;
#2575 = ORIENTED_EDGE ( 'NONE', *, *, #3194, .T. ) ;
#2576 = AXIS2_PLACEMENT_3D ( 'NONE', #1217, #550, #2212 ) ;
#2577 = FACE_BOUND ( 'NONE', #77, .T. ) ;
#2578 = DIRECTION ( 'NONE',  ( -0.000000000000000000, -1.000000000000000000, -0.000000000000000000 ) ) ;
#2579 = DIRECTION ( 'NONE',  ( -0.9063077870366489375, 0.000000000000000000, 0.4226182617407016617 ) ) ;
#2580 = ORIENTED_EDGE ( 'NONE', *, *, #2590, .T. ) ;
#2581 = ORIENTED_EDGE ( 'NONE', *, *, #4108, .T. ) ;
#2582 = DIRECTION ( 'NONE',  ( 0.000000000000000000, -1.000000000000000000, 0.000000000000000000 ) ) ;
#2583 = DIRECTION ( 'NONE',  ( -0.000000000000000000, -1.000000000000000000, -0.000000000000000000 ) ) ;
#2584 = EDGE_CURVE ( 'NONE', #1736, #3770, #3720, .T. ) ;
#2585 = VERTEX_POINT ( 'NONE', #306 ) ;
#2586 = ORIENTED_EDGE ( 'NONE', *, *, #1152, .F. ) ;
#2587 = CARTESIAN_POINT ( 'NONE',  ( -52.39463284441555402, 72.00000000000000000, -154.3496111077021737 ) ) ;
#2588 = CARTESIAN_POINT ( 'NONE',  ( 44.52822021598010593, 59.18062944757525656, -122.6682961478389871 ) ) ;
#2589 = FACE_OUTER_BOUND ( 'NONE', #99, .T. ) ;
#2590 = EDGE_CURVE ( 'NONE', #2381, #3592, #2624, .T. ) ;
#2591 = AXIS2_PLACEMENT_3D ( 'NONE', #2545, #3568, #1535 ) ;
#2592 = ORIENTED_EDGE ( 'NONE', *, *, #2348, .F. ) ;
#2593 = DIRECTION ( 'NONE',  ( 0.000000000000000000, -1.000000000000000000, 0.000000000000000000 ) ) ;
#2594 = VECTOR ( 'NONE', #2528, 1000.000000000000000 ) ;
#2595 = CARTESIAN_POINT ( 'NONE',  ( 52.39463284441546875, 72.00000000000000000, -154.3496111077022306 ) ) ;
#2596 = CIRCLE ( 'NONE', #292, 155.5000000000000284 ) ;
#2597 = AXIS2_PLACEMENT_3D ( 'NONE', #3047, #5, #2695 ) ;
#2598 = VERTEX_POINT ( 'NONE', #1599 ) ;
#2599 = CYLINDRICAL_SURFACE ( 'NONE', #3633, 170.5000000000000853 ) ;
#2600 = AXIS2_PLACEMENT_3D ( 'NONE', #673, #2967, #1674 ) ;
#2601 = AXIS2_PLACEMENT_3D ( 'NONE', #3525, #3919, #163 ) ;
#2602 = CARTESIAN_POINT ( 'NONE',  ( -40.64091420145732059, 72.00000000000000000, -150.0951901057118789 ) ) ;
#2603 = EDGE_LOOP ( 'NONE', ( #1068, #4215, #2075, #3632, #4054, #903, #1690 ) ) ;
#2604 = AXIS2_PLACEMENT_3D ( 'NONE', #3114, #120, #1448 ) ;
#2605 = DIRECTION ( 'NONE',  ( -0.000000000000000000, -1.000000000000000000, -0.000000000000000000 ) ) ;
#2606 = SHAPE_DEFINITION_REPRESENTATION ( #2097, #3076 ) ;
#2607 = FACE_BOUND ( 'NONE', #2683, .T. ) ;
#2608 = VERTEX_POINT ( 'NONE', #3609 ) ;
#2609 = VERTEX_POINT ( 'NONE', #3341 ) ;
#2610 = ADVANCED_FACE ( 'NONE', ( #1636 ), #326, .F. ) ;
#2611 = CARTESIAN_POINT ( 'NONE',  ( -39.19680523995447885, 26.06443691678867935, -124.4743638390355045 ) ) ;
#2612 = LINE ( 'NONE', #4234, #3157 ) ;
#2613 = CARTESIAN_POINT ( 'NONE',  ( -69.91269102831874704, 72.00000000000000000, -193.5081308383985572 ) ) ;
#2614 = ORIENTED_EDGE ( 'NONE', *, *, #3383, .F. ) ;
#2615 = EDGE_CURVE ( 'NONE', #349, #158, #631, .T. ) ;
#2616 = EDGE_CURVE ( 'NONE', #2549, #1491, #3857, .T. ) ;
#2617 = DIRECTION ( 'NONE',  ( 0.000000000000000000, 1.000000000000000000, -0.000000000000000000 ) ) ;
#2618 = CARTESIAN_POINT ( 'NONE',  ( 0.000000000000000000, 10.00000000000000000, 0.000000000000000000 ) ) ;
#2619 = ORIENTED_EDGE ( 'NONE', *, *, #1538, .F. ) ;
#2620 = EDGE_CURVE ( 'NONE', #691, #2598, #4264, .T. ) ;
#2621 = DIRECTION ( 'NONE',  ( 0.000000000000000000, 1.000000000000000000, 0.000000000000000000 ) ) ;
#2622 = CARTESIAN_POINT ( 'NONE',  ( 72.05641362678947814, 10.00000000000000000, -154.5254776897487830 ) ) ;
#2623 = ORIENTED_EDGE ( 'NONE', *, *, #3680, .F. ) ;
#2624 = LINE ( 'NONE', #2690, #3090 ) ;
#2625 = DIRECTION ( 'NONE',  ( 0.000000000000000000, 0.000000000000000000, 1.000000000000000000 ) ) ;
#2626 = EDGE_LOOP ( 'NONE', ( #2939, #3788, #2469, #1515 ) ) ;
#2627 = ORIENTED_EDGE ( 'NONE', *, *, #2620, .F. ) ;
#2628 = CARTESIAN_POINT ( 'NONE',  ( -42.98433376615513168, 28.19515877965551454, -123.2178623923969809 ) ) ;
#2629 = CARTESIAN_POINT ( 'NONE',  ( 18.49999999999997868, 0.000000000000000000, -146.7500000000000284 ) ) ;
#2630 = DIRECTION ( 'NONE',  ( -0.000000000000000000, -1.000000000000000000, -0.000000000000000000 ) ) ;
#2631 = ORIENTED_EDGE ( 'NONE', *, *, #2421, .T. ) ;
#2632 = DIRECTION ( 'NONE',  ( 0.5000000000000008882, 0.000000000000000000, -0.8660254037844380415 ) ) ;
#2633 = CARTESIAN_POINT ( 'NONE',  ( -36.90295417644669840, 0.000000000000000000, -166.4584692139486322 ) ) ;
#2634 = AXIS2_PLACEMENT_3D ( 'NONE', #3241, #251, #4248 ) ;
#2635 = ADVANCED_FACE ( 'NONE', ( #347, #1275 ), #1314, .F. ) ;
#2636 = ORIENTED_EDGE ( 'NONE', *, *, #361, .T. ) ;
#2637 = DIRECTION ( 'NONE',  ( 0.000000000000000000, 1.000000000000000000, -0.000000000000000000 ) ) ;
#2638 = DIRECTION ( 'NONE',  ( 0.000000000000000000, 0.000000000000000000, -1.000000000000000000 ) ) ;
#2639 = DIRECTION ( 'NONE',  ( 0.4226182617407016617, 0.000000000000000000, 0.9063077870366488265 ) ) ;
#2640 = ADVANCED_FACE ( 'NONE', ( #2318 ), #1657, .F. ) ;
#2641 = AXIS2_PLACEMENT_3D ( 'NONE', #758, #2400, #2089 ) ;
#2642 = ORIENTED_EDGE ( 'NONE', *, *, #933, .F. ) ;
#2643 = CARTESIAN_POINT ( 'NONE',  ( -52.39463284441563218, 0.000000000000000000, -154.3496111077021737 ) ) ;
#2644 = CARTESIAN_POINT ( 'NONE',  ( 0.000000000000000000, 72.00000000000000000, 0.000000000000000000 ) ) ;
#2645 = ORIENTED_EDGE ( 'NONE', *, *, #3703, .T. ) ;
#2646 = EDGE_LOOP ( 'NONE', ( #1316, #108, #1381, #2498 ) ) ;
#2647 = ORIENTED_EDGE ( 'NONE', *, *, #1419, .T. ) ;
#2648 = LINE ( 'NONE', #3987, #1274 ) ;
#2649 = DIRECTION ( 'NONE',  ( 0.000000000000000000, 0.000000000000000000, 1.000000000000000000 ) ) ;
#2650 = LINE ( 'NONE', #3989, #2116 ) ;
#2651 = ORIENTED_EDGE ( 'NONE', *, *, #577, .F. ) ;
#2652 = CARTESIAN_POINT ( 'NONE',  ( -37.22149485576323968, 22.81826515102943276, -114.6073015821998524 ) ) ;
#2653 = PLANE ( 'NONE',  #3585 ) ;
#2654 = VECTOR ( 'NONE', #3712, 1000.000000000000000 ) ;
#2655 = DIRECTION ( 'NONE',  ( 0.000000000000000000, 1.000000000000000000, 0.000000000000000000 ) ) ;
#2656 = EDGE_LOOP ( 'NONE', ( #449, #2457, #2274, #253 ) ) ;
#2657 = ORIENTED_EDGE ( 'NONE', *, *, #4321, .T. ) ;
#2658 = VECTOR ( 'NONE', #38, 1000.000000000000000 ) ;
#2659 = LINE ( 'NONE', #1044, #1818 ) ;
#2660 = ADVANCED_FACE ( 'NONE', ( #1679 ), #3018, .F. ) ;
#2661 = CYLINDRICAL_SURFACE ( 'NONE', #961, 170.5000000000000284 ) ;
#2662 = VECTOR ( 'NONE', #3533, 1000.000000000000000 ) ;
#2663 = ORIENTED_EDGE ( 'NONE', *, *, #3800, .T. ) ;
#2664 = VECTOR ( 'NONE', #2976, 1000.000000000000000 ) ;
#2665 = VECTOR ( 'NONE', #1378, 1000.000000000000000 ) ;
#2666 = EDGE_CURVE ( 'NONE', #1960, #3043, #297, .T. ) ;
#2667 = CARTESIAN_POINT ( 'NONE',  ( -14.99999999999999645, 5.000000000000000000, -150.5000000000000284 ) ) ;
#2668 = EDGE_CURVE ( 'NONE', #4148, #443, #3228, .T. ) ;
#2669 = CARTESIAN_POINT ( 'NONE',  ( 0.000000000000000000, 72.00000000000000000, 0.000000000000000000 ) ) ;
#2670 = AXIS2_PLACEMENT_3D ( 'NONE', #2078, #3678, #4016 ) ;
#2671 = ORIENTED_EDGE ( 'NONE', *, *, #2539, .F. ) ;
#2672 = AXIS2_PLACEMENT_3D ( 'NONE', #80, #1038, #3684 ) ;
#2673 = ORIENTED_EDGE ( 'NONE', *, *, #3657, .F. ) ;
#2674 = EDGE_LOOP ( 'NONE', ( #3435, #1019, #3508, #4131, #826, #334 ) ) ;
#2675 = DIRECTION ( 'NONE',  ( -0.9762960071199333623, 0.000000000000000000, -0.2164396139381030426 ) ) ;
#2676 = CIRCLE ( 'NONE', #2260, 185.5000000000000568 ) ;
#2677 = CYLINDRICAL_SURFACE ( 'NONE', #993, 195.5000000000000000 ) ;
#2678 = CARTESIAN_POINT ( 'NONE',  ( -22.25471577351893515, 72.00000000000000000, -169.0413488642346920 ) ) ;
#2679 = ORIENTED_EDGE ( 'NONE', *, *, #169, .T. ) ;
#2680 = FACE_BOUND ( 'NONE', #1097, .T. ) ;
#2681 = LINE ( 'NONE', #3915, #2182 ) ;
#2682 = DIRECTION ( 'NONE',  ( -0.000000000000000000, 1.000000000000000000, -0.000000000000000000 ) ) ;
#2683 = EDGE_LOOP ( 'NONE', ( #1468, #3023 ) ) ;
#2684 = EDGE_LOOP ( 'NONE', ( #820, #1398, #4018, #362 ) ) ;
#2685 = CARTESIAN_POINT ( 'NONE',  ( 39.03543664284580927, 56.78169976343761505, -124.5250363826582856 ) ) ;
#2686 = CARTESIAN_POINT ( 'NONE',  ( -14.99999999999999645, 5.025000000000002132, -148.8000000000000114 ) ) ;
#2687 = CYLINDRICAL_SURFACE ( 'NONE', #1180, 2.749999999999974687 ) ;
#2688 = ORIENTED_EDGE ( 'NONE', *, *, #2955, .F. ) ;
#2689 = ADVANCED_FACE ( 'NONE', ( #393 ), #2053, .F. ) ;
#2690 = CARTESIAN_POINT ( 'NONE',  ( 0.000000000000000000, 10.00000000000000000, -195.5000000000000000 ) ) ;
#2691 = DIRECTION ( 'NONE',  ( 0.000000000000000000, 0.000000000000000000, -1.000000000000000000 ) ) ;
#2692 = ORIENTED_EDGE ( 'NONE', *, *, #588, .T. ) ;
#2693 = VERTEX_POINT ( 'NONE', #460 ) ;
#2694 = EDGE_CURVE ( 'NONE', #503, #1648, #115, .T. ) ;
#2695 = DIRECTION ( 'NONE',  ( 0.000000000000000000, 0.000000000000000000, 1.000000000000000000 ) ) ;
#2696 = LINE ( 'NONE', #3700, #166 ) ;
#2697 = CARTESIAN_POINT ( 'NONE',  ( 0.000000000000000000, 10.00000000000000000, 0.000000000000000000 ) ) ;
#2698 = ORIENTED_EDGE ( 'NONE', *, *, #2530, .F. ) ;
#2699 = EDGE_CURVE ( 'NONE', #2859, #2254, #1117, .T. ) ;
#2700 = CARTESIAN_POINT ( 'NONE',  ( -38.77293306358251357, 21.80498512114858656, -114.0918677258057272 ) ) ;
#2701 = CARTESIAN_POINT ( 'NONE',  ( 18.49999999999997868, 0.000000000000000000, -169.2500000000000000 ) ) ;
#2702 = CYLINDRICAL_SURFACE ( 'NONE', #338, 130.5000000000000000 ) ;
#2703 = ORIENTED_EDGE ( 'NONE', *, *, #3587, .F. ) ;
#2704 = VERTEX_POINT ( 'NONE', #3129 ) ;
#2705 = CARTESIAN_POINT ( 'NONE',  ( -78.39568755290005697, 10.00000000000000000, -168.1200944952984742 ) ) ;
#2706 = CARTESIAN_POINT ( 'NONE',  ( -14.99999999999999645, 5.000000000000000000, -148.7750000000000057 ) ) ;
#2707 = VECTOR ( 'NONE', #1925, 1000.000000000000114 ) ;
#2708 = DIRECTION ( 'NONE',  ( 1.000000000000000000, -0.000000000000000000, 0.000000000000000000 ) ) ;
#2709 = ORIENTED_EDGE ( 'NONE', *, *, #1757, .F. ) ;
#2710 = AXIS2_PLACEMENT_3D ( 'NONE', #1490, #2092, #2137 ) ;
#2711 = CARTESIAN_POINT ( 'NONE',  ( -45.02648131759492145, 81.99999999999998579, -164.4471525449932869 ) ) ;
#2712 = DIRECTION ( 'NONE',  ( 0.000000000000000000, 0.000000000000000000, 1.000000000000000000 ) ) ;
#2713 = CONICAL_SURFACE ( 'NONE', #1391, 1.725000000000004308, 0.7853981633974309595 ) ;
#2714 = ORIENTED_EDGE ( 'NONE', *, *, #1650, .F. ) ;
#2715 = EDGE_LOOP ( 'NONE', ( #2886, #3243, #3828, #685 ) ) ;
#2716 = FACE_OUTER_BOUND ( 'NONE', #1093, .T. ) ;
#2717 = VECTOR ( 'NONE', #1235, 1000.000000000000000 ) ;
#2718 = CARTESIAN_POINT ( 'NONE',  ( 41.92937928681936199, 54.81918921265434363, -112.9699095214245688 ) ) ;
#2719 = DIRECTION ( 'NONE',  ( 0.000000000000000000, 1.000000000000000000, 0.000000000000000000 ) ) ;
#2720 = CARTESIAN_POINT ( 'NONE',  ( 52.39463284441546875, 36.64466094067258695, -154.3496111077022306 ) ) ;
#2721 = ADVANCED_FACE ( 'NONE', ( #1403 ), #2107, .F. ) ;
#2722 = ORIENTED_EDGE ( 'NONE', *, *, #1360, .T. ) ;
#2723 = CARTESIAN_POINT ( 'NONE',  ( 97.75000000000019895, 10.00000000000000000, -169.3079664398576654 ) ) ;
#2724 = CARTESIAN_POINT ( 'NONE',  ( 52.39463284441546165, 45.35533905932756227, -154.3496111077022590 ) ) ;
#2725 = EDGE_CURVE ( 'NONE', #1377, #1445, #1790, .T. ) ;
#2726 = CARTESIAN_POINT ( 'NONE',  ( 0.000000000000000000, 10.00000000000000000, 0.000000000000000000 ) ) ;
#2727 = VERTEX_POINT ( 'NONE', #2711 ) ;
#2728 = ORIENTED_EDGE ( 'NONE', *, *, #3308, .T. ) ;
#2729 = DIRECTION ( 'NONE',  ( 0.000000000000000000, 0.000000000000000000, 1.000000000000000000 ) ) ;
#2730 = CIRCLE ( 'NONE', #3282, 12.50000000000006750 ) ;
#2731 = DIRECTION ( 'NONE',  ( 0.000000000000000000, 0.000000000000000000, 1.000000000000000000 ) ) ;
#2732 = CARTESIAN_POINT ( 'NONE',  ( 0.000000000000000000, 10.00000000000000000, 0.000000000000000000 ) ) ;
#2733 = VECTOR ( 'NONE', #2504, 1000.000000000000000 ) ;
#2734 = ORIENTED_EDGE ( 'NONE', *, *, #3470, .F. ) ;
#2735 = CARTESIAN_POINT ( 'NONE',  ( 39.78644581514902256, 60.29992356722955549, -113.7424072213298416 ) ) ;
#2736 = VECTOR ( 'NONE', #3927, 1000.000000000000000 ) ;
#2737 = DIRECTION ( 'NONE',  ( 0.000000000000000000, 0.000000000000000000, 1.000000000000000000 ) ) ;
#2738 = VERTEX_POINT ( 'NONE', #441 ) ;
#2739 = ORIENTED_EDGE ( 'NONE', *, *, #3040, .F. ) ;
#2740 = VECTOR ( 'NONE', #234, 1000.000000000000000 ) ;
#2741 = AXIS2_PLACEMENT_3D ( 'NONE', #1532, #2912, #2865 ) ;
#2742 = FACE_BOUND ( 'NONE', #2373, .T. ) ;
#2743 = DIRECTION ( 'NONE',  ( 0.000000000000000000, 0.000000000000000000, -1.000000000000000000 ) ) ;
#2744 = LINE ( 'NONE', #3769, #1908 ) ;
#2745 = AXIS2_PLACEMENT_3D ( 'NONE', #1833, #3169, #1809 ) ;
#2746 = ORIENTED_EDGE ( 'NONE', *, *, #4119, .F. ) ;
#2747 = ADVANCED_FACE ( 'NONE', ( #4135 ), #2028, .F. ) ;
#2748 = VECTOR ( 'NONE', #2351, 1000.000000000000000 ) ;
#2749 = FACE_OUTER_BOUND ( 'NONE', #3207, .T. ) ;
#2750 = CARTESIAN_POINT ( 'NONE',  ( 0.000000000000000000, 81.99999999999998579, 0.000000000000000000 ) ) ;
#2751 = CARTESIAN_POINT ( 'NONE',  ( -40.64091420145734190, 5.000000000000004441, -150.0951901057118505 ) ) ;
#2752 = ORIENTED_EDGE ( 'NONE', *, *, #4036, .T. ) ;
#2753 = EDGE_CURVE ( 'NONE', #2738, #2704, #2240, .T. ) ;
#2754 = CARTESIAN_POINT ( 'NONE',  ( -30.40976575830357476, 10.00000000000000000, -137.1695890003506122 ) ) ;
#2755 = DIRECTION ( 'NONE',  ( -0.000000000000000000, -1.000000000000000000, -0.000000000000000000 ) ) ;
#2756 = LINE ( 'NONE', #4092, #2006 ) ;
#2757 = ORIENTED_EDGE ( 'NONE', *, *, #549, .T. ) ;
#2758 = EDGE_CURVE ( 'NONE', #1202, #4281, #894, .T. ) ;
#2759 = CARTESIAN_POINT ( 'NONE',  ( 78.39568755290000013, 10.00000000000000000, -168.1200944952985310 ) ) ;
#2760 = CARTESIAN_POINT ( 'NONE',  ( -52.39463284441555402, 81.99999999999998579, -154.3496111077021737 ) ) ;
#2761 = VERTEX_POINT ( 'NONE', #2889 ) ;
#2762 = ORIENTED_EDGE ( 'NONE', *, *, #1360, .F. ) ;
#2763 = CARTESIAN_POINT ( 'NONE',  ( 42.69510015324293306, 56.78436157315444177, -112.6826447280350010 ) ) ;
#2764 = DIRECTION ( 'NONE',  ( 0.000000000000000000, 0.000000000000000000, 1.000000000000000000 ) ) ;
#2765 = CARTESIAN_POINT ( 'NONE',  ( 52.39463284441546165, 45.35533905932756227, -166.8496111077022590 ) ) ;
#2766 = ORIENTED_EDGE ( 'NONE', *, *, #1838, .T. ) ;
#2767 = DIRECTION ( 'NONE',  ( 0.000000000000000000, 0.000000000000000000, -1.000000000000000000 ) ) ;
#2768 = DIRECTION ( 'NONE',  ( 0.000000000000000000, 1.000000000000000000, 0.000000000000000000 ) ) ;
#2769 = ORIENTED_EDGE ( 'NONE', *, *, #3013, .T. ) ;
#2770 = VERTEX_POINT ( 'NONE', #1852 ) ;
#2771 = DIRECTION ( 'NONE',  ( 0.000000000000000000, 0.000000000000000000, 1.000000000000000000 ) ) ;
#2772 = DIRECTION ( 'NONE',  ( 0.000000000000000000, 0.000000000000000000, -1.000000000000000000 ) ) ;
#2773 = FACE_BOUND ( 'NONE', #1497, .T. ) ;
#2774 = EDGE_CURVE ( 'NONE', #735, #3239, #196, .T. ) ;
#2775 = VERTEX_POINT ( 'NONE', #3494 ) ;
#2776 = AXIS2_PLACEMENT_3D ( 'NONE', #3042, #942, #2625 ) ;
#2777 = CARTESIAN_POINT ( 'NONE',  ( 42.38044834036546860, 58.46414561079632932, -112.8013942800607765 ) ) ;
#2778 = DIRECTION ( 'NONE',  ( 8.659560562354782482E-17, -0.7071067811865597852, 0.7071067811865352493 ) ) ;
#2779 = EDGE_CURVE ( 'NONE', #1648, #1294, #1205, .T. ) ;
#2780 = ORIENTED_EDGE ( 'NONE', *, *, #1995, .T. ) ;
#2781 = AXIS2_PLACEMENT_3D ( 'NONE', #2991, #2950, #1939 ) ;
#2782 = VERTEX_POINT ( 'NONE', #3845 ) ;
#2783 = CARTESIAN_POINT ( 'NONE',  ( 37.67690802457376265, 54.37147447558126601, -114.4584330726776784 ) ) ;
#2784 = DIRECTION ( 'NONE',  ( 0.5000000000000012212, 0.000000000000000000, 0.8660254037844380415 ) ) ;
#2785 = DIRECTION ( 'NONE',  ( 0.000000000000000000, 0.000000000000000000, -1.000000000000000000 ) ) ;
#2786 = VERTEX_POINT ( 'NONE', #1528 ) ;
#2787 = AXIS2_PLACEMENT_3D ( 'NONE', #4259, #2682, #587 ) ;
#2788 = LINE ( 'NONE', #2460, #4075 ) ;
#2789 = CYLINDRICAL_SURFACE ( 'NONE', #3164, 12.50000000000006750 ) ;
#2790 = ORIENTED_EDGE ( 'NONE', *, *, #342, .T. ) ;
#2791 = CARTESIAN_POINT ( 'NONE',  ( 43.18269217767308277, 53.86817856960346518, -123.1484678803267627 ) ) ;
#2792 = DIRECTION ( 'NONE',  ( 0.000000000000000000, 0.000000000000000000, -1.000000000000000000 ) ) ;
#2793 = CARTESIAN_POINT ( 'NONE',  ( 0.000000000000000000, 81.99999999999998579, 0.000000000000000000 ) ) ;
#2794 = ORIENTED_EDGE ( 'NONE', *, *, #603, .T. ) ;
#2795 = EDGE_CURVE ( 'NONE', #2693, #2096, #1898, .T. ) ;
#2796 = CARTESIAN_POINT ( 'NONE',  ( 18.49999999999997868, 5.000000000000000000, -169.2500000000000000 ) ) ;
#2797 = DIRECTION ( 'NONE',  ( -0.000000000000000000, -1.000000000000000000, -0.000000000000000000 ) ) ;
#2798 = CARTESIAN_POINT ( 'NONE',  ( -36.90295417644663445, 0.000000000000000000, -166.4584692139486606 ) ) ;
#2799 = AXIS2_PLACEMENT_3D ( 'NONE', #322, #2355, #1651 ) ;
#2800 = ORIENTED_EDGE ( 'NONE', *, *, #375, .T. ) ;
#2801 = VERTEX_POINT ( 'NONE', #1873 ) ;
#2802 = EDGE_CURVE ( 'NONE', #2449, #1960, #244, .T. ) ;
#2803 = EDGE_CURVE ( 'NONE', #2213, #2512, #1899, .T. ) ;
#2804 = VECTOR ( 'NONE', #3556, 1000.000000000000000 ) ;
#2805 = FACE_BOUND ( 'NONE', #3137, .T. ) ;
#2806 = PLANE ( 'NONE',  #3860 ) ;
#2807 = DIRECTION ( 'NONE',  ( 0.4226182617407007736, 0.000000000000000000, -0.9063077870366492705 ) ) ;
#2808 = AXIS2_PLACEMENT_3D ( 'NONE', #1688, #1715, #36 ) ;
#2809 =( GEOMETRIC_REPRESENTATION_CONTEXT ( 3 ) GLOBAL_UNCERTAINTY_ASSIGNED_CONTEXT ( ( #660 ) ) GLOBAL_UNIT_ASSIGNED_CONTEXT ( ( #4085, #4103, #3771 ) ) REPRESENTATION_CONTEXT ( 'NONE', 'WORKASPACE' ) );
#2810 = EDGE_LOOP ( 'NONE', ( #3569, #3697, #629, #1697 ) ) ;
#2811 = EDGE_CURVE ( 'NONE', #807, #2761, #505, .T. ) ;
#2812 = AXIS2_PLACEMENT_3D ( 'NONE', #3753, #1072, #435 ) ;
#2813 = CARTESIAN_POINT ( 'NONE',  ( -70.70261554818613092, 81.99999999999998579, -195.6514459951412732 ) ) ;
#2814 = AXIS2_PLACEMENT_3D ( 'NONE', #282, #3629, #1963 ) ;
#2815 = DIRECTION ( 'NONE',  ( 0.000000000000000000, 1.000000000000000000, 0.000000000000000000 ) ) ;
#2816 = VERTEX_POINT ( 'NONE', #3209 ) ;
#2817 = CIRCLE ( 'NONE', #927, 185.5000000000000568 ) ;
#2818 = DIRECTION ( 'NONE',  ( 0.000000000000000000, 0.000000000000000000, 1.000000000000000000 ) ) ;
#2819 = CARTESIAN_POINT ( 'NONE',  ( 40.14954838551813054, 10.00000000000000000, -181.1029093207476706 ) ) ;
#2820 = ORIENTED_EDGE ( 'NONE', *, *, #1915, .F. ) ;
#2821 = DIRECTION ( 'NONE',  ( 0.4226182617407007736, 0.000000000000000000, 0.9063077870366492705 ) ) ;
#2822 = DIRECTION ( 'NONE',  ( 0.000000000000000000, 0.000000000000000000, 1.000000000000000000 ) ) ;
#2823 = CARTESIAN_POINT ( 'NONE',  ( 52.39463284441546875, 0.000000000000000000, -154.3496111077022306 ) ) ;
#2824 = EDGE_CURVE ( 'NONE', #2007, #735, #1828, .T. ) ;
#2825 = EDGE_LOOP ( 'NONE', ( #97, #4097, #2863, #1583 ) ) ;
#2826 = ORIENTED_EDGE ( 'NONE', *, *, #335, .F. ) ;
#2827 = CARTESIAN_POINT ( 'NONE',  ( -42.98847531682300627, 21.80586681833110774, -123.2164211182523417 ) ) ;
#2828 = DIRECTION ( 'NONE',  ( 0.000000000000000000, 0.000000000000000000, 1.000000000000000000 ) ) ;
#2829 = DIRECTION ( 'NONE',  ( 0.000000000000000000, 0.000000000000000000, -1.000000000000000000 ) ) ;
#2830 = ADVANCED_FACE ( 'NONE', ( #1247 ), #2159, .F. ) ;
#2831 = ORIENTED_EDGE ( 'NONE', *, *, #4132, .T. ) ;
#2832 = DIRECTION ( 'NONE',  ( -0.000000000000000000, -1.000000000000000000, -0.000000000000000000 ) ) ;
#2833 = DIRECTION ( 'NONE',  ( -0.000000000000000000, -1.000000000000000000, -0.000000000000000000 ) ) ;
#2834 = ADVANCED_FACE ( 'NONE', ( #3520 ), #3477, .F. ) ;
#2835 = ORIENTED_EDGE ( 'NONE', *, *, #3936, .F. ) ;
#2836 = CARTESIAN_POINT ( 'NONE',  ( 45.27499433135173490, 56.56535297659909389, -122.3945533473406897 ) ) ;
#2837 = DIRECTION ( 'NONE',  ( -0.000000000000000000, -1.000000000000000000, -0.000000000000000000 ) ) ;
#2838 = ORIENTED_EDGE ( 'NONE', *, *, #3194, .F. ) ;
#2839 = DIRECTION ( 'NONE',  ( 0.000000000000000000, 1.000000000000000000, 0.000000000000000000 ) ) ;
#2840 = DIRECTION ( 'NONE',  ( 0.000000000000000000, -0.000000000000000000, 1.000000000000000000 ) ) ;
#2841 = DIRECTION ( 'NONE',  ( -0.000000000000000000, -1.000000000000000000, -0.000000000000000000 ) ) ;
#2842 = ORIENTED_EDGE ( 'NONE', *, *, #3006, .T. ) ;
#2843 = ORIENTED_EDGE ( 'NONE', *, *, #179, .T. ) ;
#2844 = DIRECTION ( 'NONE',  ( -0.000000000000000000, -1.000000000000000000, -0.000000000000000000 ) ) ;
#2845 = DIRECTION ( 'NONE',  ( -0.000000000000000000, 1.000000000000000000, -0.000000000000000000 ) ) ;
#2846 = FACE_BOUND ( 'NONE', #125, .T. ) ;
#2847 = DIRECTION ( 'NONE',  ( 0.1305261922200515179, -0.000000000000000000, -0.9914448613738104932 ) ) ;
#2848 = CIRCLE ( 'NONE', #3128, 170.5000000000000284 ) ;
#2849 = ORIENTED_EDGE ( 'NONE', *, *, #361, .F. ) ;
#2850 = AXIS2_PLACEMENT_3D ( 'NONE', #4223, #542, #875 ) ;
#2851 = EDGE_CURVE ( 'NONE', #2085, #691, #2042, .T. ) ;
#2852 = LINE ( 'NONE', #207, #2456 ) ;
#2853 = DIRECTION ( 'NONE',  ( 0.000000000000000000, 0.000000000000000000, -1.000000000000000000 ) ) ;
#2854 = AXIS2_PLACEMENT_3D ( 'NONE', #68, #1724, #2468 ) ;
#2855 = ORIENTED_EDGE ( 'NONE', *, *, #2161, .F. ) ;
#2856 = ADVANCED_FACE ( 'NONE', ( #1506 ), #3147, .T. ) ;
#2857 = LINE ( 'NONE', #2268, #1198 ) ;
#2858 = CARTESIAN_POINT ( 'NONE',  ( -52.39463284441555402, 81.99999999999998579, -154.3496111077021737 ) ) ;
#2859 = VERTEX_POINT ( 'NONE', #1162 ) ;
#2860 = CARTESIAN_POINT ( 'NONE',  ( 70.25000000000014211, 72.00000000000000000, -121.6765692317135290 ) ) ;
#2861 = CARTESIAN_POINT ( 'NONE',  ( 0.000000000000000000, 81.99999999999998579, 0.000000000000000000 ) ) ;
#2862 = DIRECTION ( 'NONE',  ( 0.000000000000000000, 0.000000000000000000, 1.000000000000000000 ) ) ;
#2863 = ORIENTED_EDGE ( 'NONE', *, *, #3441, .F. ) ;
#2864 = ORIENTED_EDGE ( 'NONE', *, *, #2559, .F. ) ;
#2865 = DIRECTION ( 'NONE',  ( 0.000000000000000000, 0.000000000000000000, -1.000000000000000000 ) ) ;
#2866 = AXIS2_PLACEMENT_3D ( 'NONE', #217, #913, #4282 ) ;
#2867 = CARTESIAN_POINT ( 'NONE',  ( 52.39463284441546165, 0.000000000000000000, -154.3496111077022590 ) ) ;
#2868 = CARTESIAN_POINT ( 'NONE',  ( 59.12955738187334020, 5.000000000000004441, -143.8191414375143040 ) ) ;
#2869 = DIRECTION ( 'NONE',  ( 0.000000000000000000, 0.000000000000000000, 1.000000000000000000 ) ) ;
#2870 = ORIENTED_EDGE ( 'NONE', *, *, #417, .T. ) ;
#2871 = CIRCLE ( 'NONE', #632, 2.749999999999974687 ) ;
#2872 = CARTESIAN_POINT ( 'NONE',  ( -52.39463284441555402, 36.64466094067258695, -141.8496111077021737 ) ) ;
#2873 = DIRECTION ( 'NONE',  ( 0.000000000000000000, 0.000000000000000000, 1.000000000000000000 ) ) ;
#2874 = CARTESIAN_POINT ( 'NONE',  ( -52.39463284441555402, 81.99999999999998579, -157.0996111077021453 ) ) ;
#2875 = CIRCLE ( 'NONE', #98, 170.5000000000000284 ) ;
#2876 = AXIS2_PLACEMENT_3D ( 'NONE', #597, #4233, #4187 ) ;
#2877 = ORIENTED_EDGE ( 'NONE', *, *, #3233, .T. ) ;
#2878 = ADVANCED_FACE ( 'NONE', ( #1182, #2509, #874, #3539, #2204, #2490, #2536, #4222, #830 ), #3824, .T. ) ;
#2879 = CIRCLE ( 'NONE', #709, 195.5000000000000284 ) ;
#2880 = VECTOR ( 'NONE', #1465, 1000.000000000000000 ) ;
#2881 = CARTESIAN_POINT ( 'NONE',  ( -73.60711329313414808, 44.19248842920672615, -188.2210007918386623 ) ) ;
#2882 = CARTESIAN_POINT ( 'NONE',  ( 0.000000000000000000, 10.00000000000000000, 0.000000000000000000 ) ) ;
#2883 = CIRCLE ( 'NONE', #1211, 2.749999999999974687 ) ;
#2884 = VECTOR ( 'NONE', #2523, 1000.000000000000000 ) ;
#2885 = EDGE_CURVE ( 'NONE', #2609, #1979, #2681, .T. ) ;
#2886 = ORIENTED_EDGE ( 'NONE', *, *, #4219, .F. ) ;
#2887 = CYLINDRICAL_SURFACE ( 'NONE', #279, 185.5000000000000568 ) ;
#2888 = AXIS2_PLACEMENT_3D ( 'NONE', #2697, #291, #2059 ) ;
#2889 = CARTESIAN_POINT ( 'NONE',  ( -20.29682289021815222, 81.99999999999998579, -154.1696759436275386 ) ) ;
#2890 = CARTESIAN_POINT ( 'NONE',  ( 59.37786577456843418, 72.00000000000000000, -127.3362440786492442 ) ) ;
#2891 = EDGE_CURVE ( 'NONE', #2961, #3043, #2982, .T. ) ;
#2892 = ORIENTED_EDGE ( 'NONE', *, *, #1603, .F. ) ;
#2893 = ORIENTED_EDGE ( 'NONE', *, *, #2021, .F. ) ;
#2894 = DIRECTION ( 'NONE',  ( 0.000000000000000000, 1.000000000000000000, 0.000000000000000000 ) ) ;
#2895 = CARTESIAN_POINT ( 'NONE',  ( 59.37786577456843418, 0.000000000000000000, -127.3362440786492442 ) ) ;
#2896 = ORIENTED_EDGE ( 'NONE', *, *, #1015, .F. ) ;
#2897 = DIRECTION ( 'NONE',  ( -0.000000000000000000, 1.000000000000000000, -0.000000000000000000 ) ) ;
#2898 = DIRECTION ( 'NONE',  ( 1.000000000000000000, 0.000000000000000000, 0.000000000000000000 ) ) ;
#2899 = CARTESIAN_POINT ( 'NONE',  ( 15.00000000000000355, 5.000000000000000000, -165.5000000000000284 ) ) ;
#2900 = EDGE_LOOP ( 'NONE', ( #483, #2581, #3407, #3763 ) ) ;
#2901 = CARTESIAN_POINT ( 'NONE',  ( 15.00000000000000355, 5.025000000000002132, -165.5000000000000284 ) ) ;
#2902 = PRODUCT_DEFINITION ( 'UNKNOWN', '', #93, #1710 ) ;
#2903 = DIRECTION ( 'NONE',  ( -0.9762960071199332512, 0.000000000000000000, -0.2164396139381034034 ) ) ;
#2904 = VERTEX_POINT ( 'NONE', #3640 ) ;
#2905 = DIRECTION ( 'NONE',  ( -0.000000000000000000, -1.000000000000000000, -0.000000000000000000 ) ) ;
#2906 = ADVANCED_FACE ( 'NONE', ( #404 ), #3730, .T. ) ;
#2907 = DIRECTION ( 'NONE',  ( 0.000000000000000000, 1.000000000000000000, 0.000000000000000000 ) ) ;
#2908 = CYLINDRICAL_SURFACE ( 'NONE', #129, 195.5000000000000284 ) ;
#2909 = ORIENTED_EDGE ( 'NONE', *, *, #3674, .T. ) ;
#2910 = ORIENTED_EDGE ( 'NONE', *, *, #3685, .T. ) ;
#2911 = ADVANCED_FACE ( 'NONE', ( #3665 ), #4020, .T. ) ;
#2912 = DIRECTION ( 'NONE',  ( -0.000000000000000000, -1.000000000000000000, -0.000000000000000000 ) ) ;
#2913 = FACE_BOUND ( 'NONE', #604, .T. ) ;
#2914 = EDGE_LOOP ( 'NONE', ( #3801, #834, #3386, #811, #2193, #3314, #1251, #1578, #2013, #252, #3529, #3808, #3251, #3513, #221 ) ) ;
#2915 = ORIENTED_EDGE ( 'NONE', *, *, #1860, .T. ) ;
#2916 = CYLINDRICAL_SURFACE ( 'NONE', #3784, 2.749999999999974687 ) ;
#2917 = AXIS2_PLACEMENT_3D ( 'NONE', #1277, #880, #3854 ) ;
#2918 = CARTESIAN_POINT ( 'NONE',  ( 45.27566932783381048, 57.42983689911567780, -122.3943036613450346 ) ) ;
#2919 = DIRECTION ( 'NONE',  ( 0.000000000000000000, 0.000000000000000000, -1.000000000000000000 ) ) ;
#2920 = ORIENTED_EDGE ( 'NONE', *, *, #1122, .T. ) ;
#2921 = DIRECTION ( 'NONE',  ( -0.000000000000000000, -1.000000000000000000, -0.000000000000000000 ) ) ;
#2922 = AXIS2_PLACEMENT_3D ( 'NONE', #193, #3472, #910 ) ;
#2923 = FACE_OUTER_BOUND ( 'NONE', #3821, .T. ) ;
#2924 = VERTEX_POINT ( 'NONE', #732 ) ;
#2925 = DIRECTION ( 'NONE',  ( 0.000000000000000000, 1.000000000000000000, 0.000000000000000000 ) ) ;
#2926 = LINE ( 'NONE', #1311, #3687 ) ;
#2927 = ORIENTED_EDGE ( 'NONE', *, *, #1152, .T. ) ;
#2928 = ADVANCED_FACE ( 'NONE', ( #1668 ), #668, .F. ) ;
#2929 = CARTESIAN_POINT ( 'NONE',  ( -33.65635996737514546, 72.00000000000000000, -151.8140291071496506 ) ) ;
#2930 = CARTESIAN_POINT ( 'NONE',  ( -97.75000000000027001, 81.99999999999998579, -169.3079664398576369 ) ) ;
#2931 = VERTEX_POINT ( 'NONE', #2701 ) ;
#2932 = EDGE_CURVE ( 'NONE', #744, #3016, #337, .T. ) ;
#2933 = ADVANCED_FACE ( 'NONE', ( #3073 ), #2653, .F. ) ;
#2934 = ORIENTED_EDGE ( 'NONE', *, *, #1208, .T. ) ;
#2935 = DIRECTION ( 'NONE',  ( -0.000000000000000000, -1.000000000000000000, -0.000000000000000000 ) ) ;
#2936 = CARTESIAN_POINT ( 'NONE',  ( 43.56368718839912191, 59.96485790652202752, -123.0142069445808346 ) ) ;
#2937 = FACE_OUTER_BOUND ( 'NONE', #2511, .T. ) ;
#2938 = AXIS2_PLACEMENT_3D ( 'NONE', #4071, #409, #1309 ) ;
#2939 = ORIENTED_EDGE ( 'NONE', *, *, #2932, .T. ) ;
#2940 = EDGE_CURVE ( 'NONE', #2420, #3708, #3994, .T. ) ;
#2941 = CYLINDRICAL_SURFACE ( 'NONE', #3082, 2.000000000000001776 ) ;
#2942 = AXIS2_PLACEMENT_3D ( 'NONE', #344, #3036, #2729 ) ;
#2943 = CYLINDRICAL_SURFACE ( 'NONE', #3138, 1.700000000000007061 ) ;
#2944 = CIRCLE ( 'NONE', #2105, 12.50000000000001066 ) ;
#2945 = VECTOR ( 'NONE', #1453, 1000.000000000000000 ) ;
#2946 = ORIENTED_EDGE ( 'NONE', *, *, #3800, .F. ) ;
#2947 = FACE_OUTER_BOUND ( 'NONE', #1622, .T. ) ;
#2948 = AXIS2_PLACEMENT_3D ( 'NONE', #2297, #1276, #2231 ) ;
#2949 = AXIS2_PLACEMENT_3D ( 'NONE', #3277, #3672, #3320 ) ;
#2950 = DIRECTION ( 'NONE',  ( 0.000000000000000000, 1.000000000000000000, 0.000000000000000000 ) ) ;
#2951 = EDGE_LOOP ( 'NONE', ( #18, #2438, #3562, #1730, #2619, #3108, #487 ) ) ;
#2952 = AXIS2_PLACEMENT_3D ( 'NONE', #1864, #3598, #906 ) ;
#2953 = DIRECTION ( 'NONE',  ( 0.000000000000000000, 0.000000000000000000, -1.000000000000000000 ) ) ;
#2954 = LINE ( 'NONE', #3478, #1934 ) ;
#2955 = EDGE_CURVE ( 'NONE', #1911, #3911, #167, .T. ) ;
#2956 = ORIENTED_EDGE ( 'NONE', *, *, #1991, .T. ) ;
#2957 = CARTESIAN_POINT ( 'NONE',  ( -40.78693702517126241, 27.96605287787672722, -123.9625577895843946 ) ) ;
#2958 = CARTESIAN_POINT ( 'NONE',  ( 45.13621970082314760, 58.06433074398164251, -122.4458186337824372 ) ) ;
#2959 = DIRECTION ( 'NONE',  ( 0.000000000000000000, 1.000000000000000000, 0.000000000000000000 ) ) ;
#2960 = EDGE_CURVE ( 'NONE', #1035, #4026, #2016, .T. ) ;
#2961 = VERTEX_POINT ( 'NONE', #1976 ) ;
#2962 = LINE ( 'NONE', #3331, #3286 ) ;
#2963 = EDGE_CURVE ( 'NONE', #1911, #1368, #233, .T. ) ;
#2964 = CARTESIAN_POINT ( 'NONE',  ( -22.25471577351893515, 81.99999999999998579, -169.0413488642346920 ) ) ;
#2965 = ORIENTED_EDGE ( 'NONE', *, *, #1258, .F. ) ;
#2966 = CARTESIAN_POINT ( 'NONE',  ( -45.02648131759489303, 0.000000000000000000, -164.4471525449932869 ) ) ;
#2967 = DIRECTION ( 'NONE',  ( -0.000000000000000000, 1.000000000000000000, -0.000000000000000000 ) ) ;
#2968 = CARTESIAN_POINT ( 'NONE',  ( 0.000000000000000000, 72.00000000000000000, 0.000000000000000000 ) ) ;
#2969 = ORIENTED_EDGE ( 'NONE', *, *, #314, .F. ) ;
#2970 = DIRECTION ( 'NONE',  ( -0.000000000000000000, -1.000000000000000000, -0.000000000000000000 ) ) ;
#2971 = CARTESIAN_POINT ( 'NONE',  ( -14.99999999999999645, 5.000000000000000000, -165.5000000000000284 ) ) ;
#2972 = CARTESIAN_POINT ( 'NONE',  ( 52.39463284441546165, 45.35533905932756227, -154.3496111077022590 ) ) ;
#2973 = ORIENTED_EDGE ( 'NONE', *, *, #1650, .T. ) ;
#2974 = VERTEX_POINT ( 'NONE', #3350 ) ;
#2975 = CARTESIAN_POINT ( 'NONE',  ( -42.38187816147731724, 28.30004444402169383, -123.4263906080985151 ) ) ;
#2976 = DIRECTION ( 'NONE',  ( 8.659560562354782482E-17, -0.7071067811865597852, 0.7071067811865352493 ) ) ;
#2977 = FACE_BOUND ( 'NONE', #3656, .T. ) ;
#2978 = ORIENTED_EDGE ( 'NONE', *, *, #2233, .F. ) ;
#2979 = EDGE_CURVE ( 'NONE', #968, #3894, #1416, .T. ) ;
#2980 = AXIS2_PLACEMENT_3D ( 'NONE', #2669, #3301, #348 ) ;
#2981 = CARTESIAN_POINT ( 'NONE',  ( -40.64091420145732769, 76.99999999999998579, -150.0951901057118505 ) ) ;
#2982 = LINE ( 'NONE', #2393, #23 ) ;
#2983 = DIRECTION ( 'NONE',  ( -1.000000000000000000, 0.000000000000000000, -1.541976423090495880E-16 ) ) ;
#2984 = AXIS2_PLACEMENT_3D ( 'NONE', #2644, #1637, #2298 ) ;
#2985 = ORIENTED_EDGE ( 'NONE', *, *, #1671, .F. ) ;
#2986 = EDGE_LOOP ( 'NONE', ( #3189, #777, #2139, #962, #679, #3054, #1954, #2199, #3280, #2111, #325 ) ) ;
#2987 = ADVANCED_FACE ( 'NONE', ( #970 ), #39, .F. ) ;
#2988 = EDGE_CURVE ( 'NONE', #401, #4031, #3794, .T. ) ;
#2989 = CARTESIAN_POINT ( 'NONE',  ( 0.000000000000000000, 10.00000000000000000, 0.000000000000000000 ) ) ;
#2990 = CARTESIAN_POINT ( 'NONE',  ( 52.39463284441546875, 81.99999999999998579, -154.3496111077022306 ) ) ;
#2991 = CARTESIAN_POINT ( 'NONE',  ( 52.39463284441546875, 36.64466094067258695, -154.3496111077022306 ) ) ;
#2992 = VECTOR ( 'NONE', #1893, 1000.000000000000000 ) ;
#2993 = ORIENTED_EDGE ( 'NONE', *, *, #2960, .F. ) ;
#2994 = DIRECTION ( 'NONE',  ( 0.000000000000000000, 1.000000000000000000, -0.000000000000000000 ) ) ;
#2995 = DIRECTION ( 'NONE',  ( 0.000000000000000000, 0.000000000000000000, -1.000000000000000000 ) ) ;
#2996 = VERTEX_POINT ( 'NONE', #2370 ) ;
#2997 = ORIENTED_EDGE ( 'NONE', *, *, #1620, .F. ) ;
#2998 = CARTESIAN_POINT ( 'NONE',  ( -43.18207713225814359, 28.13206187443522666, -123.1486840020121889 ) ) ;
#2999 = DIRECTION ( 'NONE',  ( -0.000000000000000000, -1.000000000000000000, -0.000000000000000000 ) ) ;
#3000 = CARTESIAN_POINT ( 'NONE',  ( -30.40976575830352147, 72.00000000000000000, -137.1695890003506122 ) ) ;
#3001 = ORIENTED_EDGE ( 'NONE', *, *, #2753, .F. ) ;
#3002 = CARTESIAN_POINT ( 'NONE',  ( 64.38717422483071573, 72.00000000000000000, -157.8750828830861224 ) ) ;
#3003 = DIRECTION ( 'NONE',  ( 0.9063077870366493816, -0.000000000000000000, 0.4226182617407008291 ) ) ;
#3004 = AXIS2_PLACEMENT_3D ( 'NONE', #4241, #3293, #1632 ) ;
#3005 = CARTESIAN_POINT ( 'NONE',  ( -59.12955738187344679, 76.99999999999998579, -143.8191414375142472 ) ) ;
#3006 = EDGE_CURVE ( 'NONE', #1372, #2484, #2044, .T. ) ;
#3007 = VERTEX_POINT ( 'NONE', #3052 ) ;
#3008 = ORIENTED_EDGE ( 'NONE', *, *, #4036, .F. ) ;
#3009 = CIRCLE ( 'NONE', #3925, 130.5000000000000000 ) ;
#3010 = DIRECTION ( 'NONE',  ( -0.000000000000000000, -1.000000000000000000, 0.000000000000000000 ) ) ;
#3011 = CARTESIAN_POINT ( 'NONE',  ( -18.50000000000001776, 5.000000000000000000, -169.2500000000000000 ) ) ;
#3012 = DIRECTION ( 'NONE',  ( -0.2164396139381040973, 0.000000000000000000, -0.9762960071199330292 ) ) ;
#3013 = EDGE_CURVE ( 'NONE', #309, #2372, #4064, .T. ) ;
#3014 = AXIS2_PLACEMENT_3D ( 'NONE', #56, #2959, #3375 ) ;
#3015 = TOROIDAL_SURFACE ( 'NONE', #223, 140.5000000000000000, 10.00000000000000000 ) ;
#3016 = VERTEX_POINT ( 'NONE', #4124 ) ;
#3017 = AXIS2_PLACEMENT_3D ( 'NONE', #3384, #303, #44 ) ;
#3018 = CONICAL_SURFACE ( 'NONE', #438, 1.725000000000004308, 0.7853981633974309595 ) ;
#3019 = CARTESIAN_POINT ( 'NONE',  ( -40.14954838551826555, 72.00000000000000000, -181.1029093207476706 ) ) ;
#3020 = CARTESIAN_POINT ( 'NONE',  ( 15.00000000000000355, 10.00000000000000000, -165.5000000000000284 ) ) ;
#3021 = ADVANCED_FACE ( 'NONE', ( #3486 ), #3369, .F. ) ;
#3022 = CIRCLE ( 'NONE', #1140, 170.5000000000000568 ) ;
#3023 = ORIENTED_EDGE ( 'NONE', *, *, #3064, .T. ) ;
#3024 = VECTOR ( 'NONE', #3835, 1000.000000000000000 ) ;
#3025 = ORIENTED_EDGE ( 'NONE', *, *, #1968, .F. ) ;
#3026 = CARTESIAN_POINT ( 'NONE',  ( -41.16654329447605676, 28.13141736703689588, -123.8370125560825983 ) ) ;
#3027 = VECTOR ( 'NONE', #3746, 1000.000000000000000 ) ;
#3028 = LINE ( 'NONE', #3768, #296 ) ;
#3029 = DIRECTION ( 'NONE',  ( 0.4226182617407008291, 0.000000000000000000, 0.9063077870366492705 ) ) ;
#3030 = EDGE_LOOP ( 'NONE', ( #1531, #1340, #675, #1978 ) ) ;
#3031 = LINE ( 'NONE', #2981, #2658 ) ;
#3032 = DIRECTION ( 'NONE',  ( -0.9659258262890674240, 0.000000000000000000, 0.2588190451025242922 ) ) ;
#3033 = CARTESIAN_POINT ( 'NONE',  ( -40.58907935621454044, 28.13080424255842971, -113.4584338833345782 ) ) ;
#3034 = ORIENTED_EDGE ( 'NONE', *, *, #1175, .T. ) ;
#3035 = ORIENTED_EDGE ( 'NONE', *, *, #1575, .T. ) ;
#3036 = DIRECTION ( 'NONE',  ( -0.000000000000000000, 1.000000000000000000, -0.000000000000000000 ) ) ;
#3037 = DIRECTION ( 'NONE',  ( -0.000000000000000000, 1.000000000000000000, -0.000000000000000000 ) ) ;
#3038 = CARTESIAN_POINT ( 'NONE',  ( -59.37786577456848391, 0.000000000000000000, -127.3362440786491874 ) ) ;
#3039 = ORIENTED_EDGE ( 'NONE', *, *, #2101, .F. ) ;
#3040 = EDGE_CURVE ( 'NONE', #3060, #2104, #4104, .T. ) ;
#3041 = CARTESIAN_POINT ( 'NONE',  ( -18.50000000000002132, 5.000000000000000000, -146.7500000000000284 ) ) ;
#3042 = CARTESIAN_POINT ( 'NONE',  ( -81.55123912709203182, 44.19248842920672615, -189.1648571020062661 ) ) ;
#3043 = VERTEX_POINT ( 'NONE', #3421 ) ;
#3044 = ORIENTED_EDGE ( 'NONE', *, *, #1543, .T. ) ;
#3045 = ADVANCED_FACE ( 'NONE', ( #3100 ), #3512, .T. ) ;
#3046 = DIRECTION ( 'NONE',  ( 0.1305261922200524061, 0.000000000000000000, 0.9914448613738102711 ) ) ;
#3047 = CARTESIAN_POINT ( 'NONE',  ( 0.000000000000000000, 72.00000000000000000, 0.000000000000000000 ) ) ;
#3048 = DIRECTION ( 'NONE',  ( 0.2164396139381033757, -0.000000000000000000, -0.9762960071199331402 ) ) ;
#3049 = DIRECTION ( 'NONE',  ( 0.000000000000000000, 0.000000000000000000, 1.000000000000000000 ) ) ;
#3050 = ORIENTED_EDGE ( 'NONE', *, *, #585, .T. ) ;
#3051 = CARTESIAN_POINT ( 'NONE',  ( -42.37952076354098097, 23.53409481037508044, -112.8017424802480519 ) ) ;
#3052 = CARTESIAN_POINT ( 'NONE',  ( -72.05641362678954920, 10.00000000000000000, -154.5254776897487261 ) ) ;
#3053 = CARTESIAN_POINT ( 'NONE',  ( -38.77314789854838040, 28.19512223478569268, -114.0917960104259663 ) ) ;
#3054 = ORIENTED_EDGE ( 'NONE', *, *, #237, .T. ) ;
#3055 = VERTEX_POINT ( 'NONE', #4152 ) ;
#3056 = CARTESIAN_POINT ( 'NONE',  ( 39.03543664284581638, 56.99999999999998579, -124.5250363826583140 ) ) ;
#3057 = CARTESIAN_POINT ( 'NONE',  ( 52.39463284441546165, 0.000000000000000000, -154.3496111077022590 ) ) ;
#3058 = CIRCLE ( 'NONE', #958, 2.000000000000001776 ) ;
#3059 = CARTESIAN_POINT ( 'NONE',  ( 36.90295417644660603, 72.00000000000000000, -166.4584692139486890 ) ) ;
#3060 = VERTEX_POINT ( 'NONE', #1155 ) ;
#3061 = AXIS2_PLACEMENT_3D ( 'NONE', #2968, #3670, #3359 ) ;
#3062 = CARTESIAN_POINT ( 'NONE',  ( 78.39568755290000013, 72.00000000000000000, -168.1200944952985310 ) ) ;
#3063 = DIRECTION ( 'NONE',  ( 0.1305261922200517677, -0.000000000000000000, -0.9914448613738104932 ) ) ;
#3064 = EDGE_CURVE ( 'NONE', #3541, #723, #4280, .T. ) ;
#3065 = ORIENTED_EDGE ( 'NONE', *, *, #1145, .T. ) ;
#3066 = DIRECTION ( 'NONE',  ( 0.000000000000000000, 0.000000000000000000, 1.000000000000000000 ) ) ;
#3067 = DIRECTION ( 'NONE',  ( -0.000000000000000000, -1.000000000000000000, -0.000000000000000000 ) ) ;
#3068 = CARTESIAN_POINT ( 'NONE',  ( 45.02648131759479355, 5.000000000000004441, -164.4471525449933438 ) ) ;
#3069 = EDGE_CURVE ( 'NONE', #2138, #898, #2435, .T. ) ;
#3070 = EDGE_CURVE ( 'NONE', #2585, #4139, #819, .T. ) ;
#3071 = VERTEX_POINT ( 'NONE', #1085 ) ;
#3072 = DIRECTION ( 'NONE',  ( -0.000000000000000000, -1.000000000000000000, -0.000000000000000000 ) ) ;
#3073 = FACE_OUTER_BOUND ( 'NONE', #523, .T. ) ;
#3074 = CARTESIAN_POINT ( 'NONE',  ( -39.17422819750959206, 28.27894050381374669, -113.9547048610841955 ) ) ;
#3075 = ADVANCED_FACE ( 'NONE', ( #189 ), #2108, .F. ) ;
#3076 = ADVANCED_BREP_SHAPE_REPRESENTATION ( 'AroMotoresPh', ( #2060, #1965 ), #3294 ) ;
#3077 = ORIENTED_EDGE ( 'NONE', *, *, #1441, .F. ) ;
#3078 = CARTESIAN_POINT ( 'NONE',  ( 39.05592191147795234, 56.56705568992310162, -124.5186200223398458 ) ) ;
#3079 = AXIS2_PLACEMENT_3D ( 'NONE', #478, #1527, #1808 ) ;
#3080 = CARTESIAN_POINT ( 'NONE',  ( -52.39463284441555402, 81.99999999999998579, -154.3496111077021737 ) ) ;
#3081 = DIRECTION ( 'NONE',  ( -0.000000000000000000, -1.000000000000000000, -0.000000000000000000 ) ) ;
#3082 = AXIS2_PLACEMENT_3D ( 'NONE', #3183, #3912, #3535 ) ;
#3083 = VERTEX_POINT ( 'NONE', #514 ) ;
#3084 = DIRECTION ( 'NONE',  ( -0.9914448613738103822, 0.000000000000000000, 0.1305261922200524061 ) ) ;
#3085 = CIRCLE ( 'NONE', #2247, 170.5000000000000284 ) ;
#3086 = CYLINDRICAL_SURFACE ( 'NONE', #2003, 155.5000000000000284 ) ;
#3087 = ORIENTED_EDGE ( 'NONE', *, *, #1513, .T. ) ;
#3088 = ORIENTED_EDGE ( 'NONE', *, *, #2128, .T. ) ;
#3089 = CIRCLE ( 'NONE', #783, 1.700000000000007061 ) ;
#3090 = VECTOR ( 'NONE', #266, 1000.000000000000000 ) ;
#3091 = DIRECTION ( 'NONE',  ( 0.000000000000000000, 0.000000000000000000, -1.000000000000000000 ) ) ;
#3092 = CARTESIAN_POINT ( 'NONE',  ( -14.99999999999999645, 5.000000000000000000, -165.5000000000000284 ) ) ;
#3093 = DIRECTION ( 'NONE',  ( -0.000000000000000000, -1.000000000000000000, -0.000000000000000000 ) ) ;
#3094 = AXIS2_PLACEMENT_3D ( 'NONE', #3092, #3374, #3726 ) ;
#3095 = CIRCLE ( 'NONE', #1212, 155.5000000000000284 ) ;
#3096 = ORIENTED_EDGE ( 'NONE', *, *, #2988, .T. ) ;
#3097 = VECTOR ( 'NONE', #1033, 1000.000000000000000 ) ;
#3098 = EDGE_CURVE ( 'NONE', #3190, #236, #1692, .T. ) ;
#3099 = PLANE ( 'NONE',  #1057 ) ;
#3100 = FACE_OUTER_BOUND ( 'NONE', #2646, .T. ) ;
#3101 = FACE_OUTER_BOUND ( 'NONE', #3681, .T. ) ;
#3102 = ORIENTED_EDGE ( 'NONE', *, *, #1232, .T. ) ;
#3103 = VERTEX_POINT ( 'NONE', #1172 ) ;
#3104 = EDGE_CURVE ( 'NONE', #2598, #4165, #3799, .T. ) ;
#3105 = CARTESIAN_POINT ( 'NONE',  ( 44.98015786195652055, 55.53607229585597338, -122.5032339898122586 ) ) ;
#3106 = DIRECTION ( 'NONE',  ( 0.000000000000000000, 0.000000000000000000, 1.000000000000000000 ) ) ;
#3107 = DIRECTION ( 'NONE',  ( 0.000000000000000000, 0.000000000000000000, 1.000000000000000000 ) ) ;
#3108 = ORIENTED_EDGE ( 'NONE', *, *, #4288, .F. ) ;
#3109 = CARTESIAN_POINT ( 'NONE',  ( 42.05815235527121132, 59.01422079145139321, -112.9219918746391897 ) ) ;
#3110 = DIRECTION ( 'NONE',  ( 0.000000000000000000, 0.000000000000000000, 1.000000000000000000 ) ) ;
#3111 = EDGE_LOOP ( 'NONE', ( #191, #1148, #1272, #470 ) ) ;
#3112 = ORIENTED_EDGE ( 'NONE', *, *, #2553, .T. ) ;
#3113 = DIRECTION ( 'NONE',  ( 0.000000000000000000, 0.000000000000000000, -1.000000000000000000 ) ) ;
#3114 = CARTESIAN_POINT ( 'NONE',  ( 15.00000000000000355, 5.025000000000002132, -165.5000000000000284 ) ) ;
#3115 = DIRECTION ( 'NONE',  ( -0.5000000000000013323, 0.000000000000000000, -0.8660254037844378194 ) ) ;
#3116 = VERTEX_POINT ( 'NONE', #1454 ) ;
#3117 = CARTESIAN_POINT ( 'NONE',  ( -14.99999999999999645, 5.000000000000000000, -165.5000000000000284 ) ) ;
#3118 = DIRECTION ( 'NONE',  ( 0.000000000000000000, 0.000000000000000000, -1.000000000000000000 ) ) ;
#3119 = ORIENTED_EDGE ( 'NONE', *, *, #4119, .T. ) ;
#3120 = EDGE_CURVE ( 'NONE', #4026, #1359, #4147, .T. ) ;
#3121 = DIRECTION ( 'NONE',  ( 0.2164396139381040973, -0.000000000000000000, 0.9762960071199330292 ) ) ;
#3122 = DIRECTION ( 'NONE',  ( -0.000000000000000000, -1.000000000000000000, -0.000000000000000000 ) ) ;
#3123 = DIRECTION ( 'NONE',  ( -0.9762960071199333623, 0.000000000000000000, -0.2164396139381030426 ) ) ;
#3124 = EDGE_CURVE ( 'NONE', #803, #1485, #2391, .T. ) ;
#3125 = ADVANCED_FACE ( 'NONE', ( #3181 ), #2789, .T. ) ;
#3126 = ORIENTED_EDGE ( 'NONE', *, *, #2666, .F. ) ;
#3127 = CARTESIAN_POINT ( 'NONE',  ( -52.39463284441555402, 72.00000000000000000, -157.0996111077021453 ) ) ;
#3128 = AXIS2_PLACEMENT_3D ( 'NONE', #184, #1512, #900 ) ;
#3129 = CARTESIAN_POINT ( 'NONE',  ( 42.69510015324293306, 56.99999999999999289, -112.6826447280350010 ) ) ;
#3130 = CARTESIAN_POINT ( 'NONE',  ( -18.50000000000001776, 0.000000000000000000, -169.2500000000000000 ) ) ;
#3131 = EDGE_LOOP ( 'NONE', ( #4180, #3225, #1660, #3904 ) ) ;
#3132 = ORIENTED_EDGE ( 'NONE', *, *, #3330, .F. ) ;
#3133 = CARTESIAN_POINT ( 'NONE',  ( 38.01816069135738019, 54.13283380879428819, -114.3455366745504449 ) ) ;
#3134 = AXIS2_PLACEMENT_3D ( 'NONE', #782, #3778, #3107 ) ;
#3135 = CARTESIAN_POINT ( 'NONE',  ( 0.000000000000000000, 81.99999999999998579, 0.000000000000000000 ) ) ;
#3136 = DIRECTION ( 'NONE',  ( 0.000000000000000000, -1.000000000000000000, 0.000000000000000000 ) ) ;
#3137 = EDGE_LOOP ( 'NONE', ( #1871, #3112 ) ) ;
#3138 = AXIS2_PLACEMENT_3D ( 'NONE', #1590, #1933, #2333 ) ;
#3139 = CARTESIAN_POINT ( 'NONE',  ( 0.000000000000000000, 20.00000000000000355, 0.000000000000000000 ) ) ;
#3140 = ORIENTED_EDGE ( 'NONE', *, *, #3413, .F. ) ;
#3141 = CARTESIAN_POINT ( 'NONE',  ( -59.12955738187360311, 10.00000000000000178, -143.8191414375142188 ) ) ;
#3142 = EDGE_CURVE ( 'NONE', #1643, #2123, #4212, .T. ) ;
#3143 = CARTESIAN_POINT ( 'NONE',  ( 60.25000000000011369, 0.000000000000000000, -104.3560611560247793 ) ) ;
#3144 = ORIENTED_EDGE ( 'NONE', *, *, #2244, .F. ) ;
#3145 = CARTESIAN_POINT ( 'NONE',  ( -73.60711329313414808, 81.99999999999998579, -188.2210007918386623 ) ) ;
#3146 = EDGE_CURVE ( 'NONE', #3473, #3499, #2082, .T. ) ;
#3147 = CYLINDRICAL_SURFACE ( 'NONE', #2465, 170.5000000000000568 ) ;
#3148 = CYLINDRICAL_SURFACE ( 'NONE', #3329, 155.5000000000000284 ) ;
#3149 = VECTOR ( 'NONE', #497, 1000.000000000000227 ) ;
#3150 = ORIENTED_EDGE ( 'NONE', *, *, #1922, .F. ) ;
#3151 = ORIENTED_EDGE ( 'NONE', *, *, #3226, .T. ) ;
#3152 = VECTOR ( 'NONE', #2632, 1000.000000000000227 ) ;
#3153 = EDGE_CURVE ( 'NONE', #658, #2145, #2256, .T. ) ;
#3154 = CARTESIAN_POINT ( 'NONE',  ( -14.99999999999999645, 10.00000000000000000, -152.2000000000000171 ) ) ;
#3155 = CARTESIAN_POINT ( 'NONE',  ( -39.03543664284585191, 25.00000000000000000, -124.5250363826582714 ) ) ;
#3156 = CARTESIAN_POINT ( 'NONE',  ( -40.14954838551825844, 0.000000000000000000, -181.1029093207476706 ) ) ;
#3157 = VECTOR ( 'NONE', #3907, 1000.000000000000114 ) ;
#3158 = CIRCLE ( 'NONE', #1959, 130.5000000000000000 ) ;
#3159 = EDGE_LOOP ( 'NONE', ( #2300, #2855, #2997, #204 ) ) ;
#3160 = AXIS2_PLACEMENT_3D ( 'NONE', #2861, #2907, #3873 ) ;
#3161 = DIRECTION ( 'NONE',  ( -0.000000000000000000, -1.000000000000000000, -0.000000000000000000 ) ) ;
#3162 = ORIENTED_EDGE ( 'NONE', *, *, #2615, .F. ) ;
#3163 = AXIS2_PLACEMENT_3D ( 'NONE', #164, #3566, #3921 ) ;
#3164 = AXIS2_PLACEMENT_3D ( 'NONE', #3749, #452, #3118 ) ;
#3165 = CARTESIAN_POINT ( 'NONE',  ( -97.75000000000027001, 72.00000000000000000, -169.3079664398576369 ) ) ;
#3166 = CARTESIAN_POINT ( 'NONE',  ( 33.65635996737503177, 0.000000000000000000, -151.8140291071496790 ) ) ;
#3167 = ORIENTED_EDGE ( 'NONE', *, *, #1069, .F. ) ;
#3168 = CARTESIAN_POINT ( 'NONE',  ( 0.000000000000000000, 20.00000000000000355, -130.5000000000000000 ) ) ;
#3169 = DIRECTION ( 'NONE',  ( 0.9762960071199322520, 0.000000000000000000, -0.2164396139381082051 ) ) ;
#3170 = CARTESIAN_POINT ( 'NONE',  ( -81.04734413982525609, 72.00000000000000000, -191.1003389132892778 ) ) ;
#3171 = EDGE_LOOP ( 'NONE', ( #3932, #32, #534, #4160 ) ) ;
#3172 = ORIENTED_EDGE ( 'NONE', *, *, #3737, .F. ) ;
#3173 = EDGE_CURVE ( 'NONE', #46, #1368, #1966, .T. ) ;
#3174 = CARTESIAN_POINT ( 'NONE',  ( -39.03543664284585191, 25.00000000000000000, -124.5250363826582714 ) ) ;
#3175 = CARTESIAN_POINT ( 'NONE',  ( -97.75000000000027001, 0.000000000000000000, -169.3079664398576654 ) ) ;
#3176 = DIRECTION ( 'NONE',  ( -0.9659258262890674240, 0.000000000000000000, -0.2588190451025242922 ) ) ;
#3177 = CARTESIAN_POINT ( 'NONE',  ( -37.51545988028055234, 27.49008003033953429, -114.5114149345575498 ) ) ;
#3178 = ORIENTED_EDGE ( 'NONE', *, *, #2458, .F. ) ;
#3179 = EDGE_CURVE ( 'NONE', #2096, #891, #369, .T. ) ;
#3180 = CARTESIAN_POINT ( 'NONE',  ( -40.14954838551826555, 72.00000000000000000, -181.1029093207476706 ) ) ;
#3181 = FACE_OUTER_BOUND ( 'NONE', #2207, .T. ) ;
#3182 = EDGE_LOOP ( 'NONE', ( #3696, #2909, #3747, #3924, #3955, #84 ) ) ;
#3183 = CARTESIAN_POINT ( 'NONE',  ( -68.93530563985072490, 44.19248842920672615, -194.7151684252403925 ) ) ;
#3184 = DIRECTION ( 'NONE',  ( 0.000000000000000000, 0.000000000000000000, -1.000000000000000000 ) ) ;
#3185 = VERTEX_POINT ( 'NONE', #1541 ) ;
#3186 = DIRECTION ( 'NONE',  ( -0.000000000000000000, -1.000000000000000000, -0.000000000000000000 ) ) ;
#3187 = CARTESIAN_POINT ( 'NONE',  ( -18.50000000000001776, 5.000000000000000000, -169.2500000000000000 ) ) ;
#3188 = DIRECTION ( 'NONE',  ( 0.000000000000000000, 1.000000000000000000, 0.000000000000000000 ) ) ;
#3189 = ORIENTED_EDGE ( 'NONE', *, *, #3814, .F. ) ;
#3190 = VERTEX_POINT ( 'NONE', #2238 ) ;
#3191 = CYLINDRICAL_SURFACE ( 'NONE', #851, 1.700000000000007061 ) ;
#3192 = LINE ( 'NONE', #1511, #4210 ) ;
#3193 = DIRECTION ( 'NONE',  ( 0.000000000000000000, 1.000000000000000000, 0.000000000000000000 ) ) ;
#3194 = EDGE_CURVE ( 'NONE', #2213, #3951, #3575, .T. ) ;
#3195 = CARTESIAN_POINT ( 'NONE',  ( 40.14954838551813765, 72.00000000000000000, -181.1029093207476990 ) ) ;
#3196 = VECTOR ( 'NONE', #960, 1000.000000000000000 ) ;
#3197 = EDGE_LOOP ( 'NONE', ( #854, #72, #3008, #396 ) ) ;
#3198 = CIRCLE ( 'NONE', #1594, 2.749999999999974687 ) ;
#3199 = DIRECTION ( 'NONE',  ( 0.000000000000000000, 0.000000000000000000, 1.000000000000000000 ) ) ;
#3200 = DIRECTION ( 'NONE',  ( 0.000000000000000000, 1.000000000000000000, 0.000000000000000000 ) ) ;
#3201 = DIRECTION ( 'NONE',  ( -0.000000000000000000, -1.000000000000000000, -0.000000000000000000 ) ) ;
#3202 = EDGE_CURVE ( 'NONE', #908, #4251, #3095, .T. ) ;
#3203 = ORIENTED_EDGE ( 'NONE', *, *, #498, .T. ) ;
#3204 = DIRECTION ( 'NONE',  ( 0.2588190451025244587, -0.000000000000000000, -0.9659258262890672020 ) ) ;
#3205 = ADVANCED_FACE ( 'NONE', ( #1285 ), #272, .T. ) ;
#3206 = DIRECTION ( 'NONE',  ( 0.000000000000000000, -1.000000000000000000, 0.000000000000000000 ) ) ;
#3207 = EDGE_LOOP ( 'NONE', ( #4079, #4088, #1079, #2301 ) ) ;
#3208 = FACE_BOUND ( 'NONE', #4118, .T. ) ;
#3209 = CARTESIAN_POINT ( 'NONE',  ( 33.65635996737503888, 72.00000000000000000, -151.8140291071497074 ) ) ;
#3210 = CYLINDRICAL_SURFACE ( 'NONE', #3267, 140.5000000000000000 ) ;
#3211 = VERTEX_POINT ( 'NONE', #2613 ) ;
#3212 = ORIENTED_EDGE ( 'NONE', *, *, #612, .T. ) ;
#3213 = CARTESIAN_POINT ( 'NONE',  ( -41.17064224230666269, 21.86711372072011983, -123.8356502384605875 ) ) ;
#3214 = VECTOR ( 'NONE', #3519, 1000.000000000000000 ) ;
#3215 = DIRECTION ( 'NONE',  ( 0.000000000000000000, 0.000000000000000000, 1.000000000000000000 ) ) ;
#3216 = EDGE_LOOP ( 'NONE', ( #3423, #3901, #1348, #2956 ) ) ;
#3217 = LINE ( 'NONE', #227, #2717 ) ;
#3218 = ORIENTED_EDGE ( 'NONE', *, *, #3603, .F. ) ;
#3219 = CIRCLE ( 'NONE', #1680, 140.5000000000000000 ) ;
#3220 = CARTESIAN_POINT ( 'NONE',  ( -52.39463284441555402, 0.000000000000000000, -157.0996111077021453 ) ) ;
#3221 = DIRECTION ( 'NONE',  ( -0.000000000000000000, -1.000000000000000000, -0.000000000000000000 ) ) ;
#3222 = DIRECTION ( 'NONE',  ( 0.9063077870366492705, 0.000000000000000000, 0.4226182617407008846 ) ) ;
#3223 = AXIS2_PLACEMENT_3D ( 'NONE', #966, #4308, #333 ) ;
#3224 = CIRCLE ( 'NONE', #2876, 170.5000000000000284 ) ;
#3225 = ORIENTED_EDGE ( 'NONE', *, *, #3466, .F. ) ;
#3226 = EDGE_CURVE ( 'NONE', #210, #2248, #1239, .T. ) ;
#3227 = VECTOR ( 'NONE', #1330, 1000.000000000000114 ) ;
#3228 = CIRCLE ( 'NONE', #2251, 10.00000000000003730 ) ;
#3229 = DIRECTION ( 'NONE',  ( -0.000000000000000000, -1.000000000000000000, -0.000000000000000000 ) ) ;
#3230 = DIRECTION ( 'NONE',  ( 0.000000000000000000, -1.000000000000000000, 0.000000000000000000 ) ) ;
#3231 = VECTOR ( 'NONE', #4204, 1000.000000000000000 ) ;
#3232 = VECTOR ( 'NONE', #2833, 1000.000000000000000 ) ;
#3233 = EDGE_CURVE ( 'NONE', #4031, #1478, #1558, .T. ) ;
#3234 = FACE_BOUND ( 'NONE', #2951, .T. ) ;
#3235 = AXIS2_PLACEMENT_3D ( 'NONE', #3307, #1990, #1626 ) ;
#3236 = CARTESIAN_POINT ( 'NONE',  ( 40.14954838551813765, 72.00000000000000000, -181.1029093207476990 ) ) ;
#3237 = CARTESIAN_POINT ( 'NONE',  ( 0.000000000000000000, 81.99999999999998579, 0.000000000000000000 ) ) ;
#3238 = ORIENTED_EDGE ( 'NONE', *, *, #585, .F. ) ;
#3239 = VERTEX_POINT ( 'NONE', #582 ) ;
#3240 = DIRECTION ( 'NONE',  ( 0.000000000000000000, 0.000000000000000000, 1.000000000000000000 ) ) ;
#3241 = CARTESIAN_POINT ( 'NONE',  ( 0.000000000000000000, 81.99999999999998579, 0.000000000000000000 ) ) ;
#3242 = ORIENTED_EDGE ( 'NONE', *, *, #2824, .F. ) ;
#3243 = ORIENTED_EDGE ( 'NONE', *, *, #1737, .F. ) ;
#3244 = CARTESIAN_POINT ( 'NONE',  ( 24.21260865681960439, 72.00000000000000000, -183.9130217848419022 ) ) ;
#3245 = CARTESIAN_POINT ( 'NONE',  ( 40.79065965699497553, 59.96801330304571565, -123.9613337838686675 ) ) ;
#3246 = CYLINDRICAL_SURFACE ( 'NONE', #238, 1.700000000000007061 ) ;
#3247 = VERTEX_POINT ( 'NONE', #1221 ) ;
#3248 = CYLINDRICAL_SURFACE ( 'NONE', #1130, 10.00000000000003730 ) ;
#3249 = CARTESIAN_POINT ( 'NONE',  ( -42.69510015324296148, 25.21835225174710615, -112.6826447280350010 ) ) ;
#3250 = ADVANCED_FACE ( 'NONE', ( #1262 ), #619, .F. ) ;
#3251 = ORIENTED_EDGE ( 'NONE', *, *, #933, .T. ) ;
#3252 = CARTESIAN_POINT ( 'NONE',  ( -14.99999999999999645, 5.000000000000000000, -163.8000000000000398 ) ) ;
#3253 = CARTESIAN_POINT ( 'NONE',  ( 0.000000000000000000, 10.00000000000000000, 0.000000000000000000 ) ) ;
#3254 = EDGE_CURVE ( 'NONE', #3083, #3055, #3909, .T. ) ;
#3255 = ADVANCED_FACE ( 'NONE', ( #533 ), #3864, .F. ) ;
#3256 = ORIENTED_EDGE ( 'NONE', *, *, #877, .T. ) ;
#3257 = CARTESIAN_POINT ( 'NONE',  ( -52.39463284441563218, 0.000000000000000000, -166.8496111077022306 ) ) ;
#3258 = CARTESIAN_POINT ( 'NONE',  ( 0.000000000000000000, 72.00000000000000000, 0.000000000000000000 ) ) ;
#3259 = ADVANCED_FACE ( 'NONE', ( #2548 ), #256, .F. ) ;
#3260 = ORIENTED_EDGE ( 'NONE', *, *, #737, .T. ) ;
#3261 = VERTEX_POINT ( 'NONE', #3950 ) ;
#3262 = DIRECTION ( 'NONE',  ( -0.000000000000000000, -1.000000000000000000, -0.000000000000000000 ) ) ;
#3263 = AXIS2_PLACEMENT_3D ( 'NONE', #30, #2340, #49 ) ;
#3264 = DIRECTION ( 'NONE',  ( 0.000000000000000000, -0.7071067811865597852, -0.7071067811865352493 ) ) ;
#3265 = DIRECTION ( 'NONE',  ( 0.8660254037844380415, 0.000000000000000000, -0.5000000000000012212 ) ) ;
#3266 = ORIENTED_EDGE ( 'NONE', *, *, #3449, .T. ) ;
#3267 = AXIS2_PLACEMENT_3D ( 'NONE', #245, #1248, #1921 ) ;
#3268 = DIRECTION ( 'NONE',  ( 0.000000000000000000, 0.000000000000000000, 1.000000000000000000 ) ) ;
#3269 = DIRECTION ( 'NONE',  ( 0.000000000000000000, 0.000000000000000000, 1.000000000000000000 ) ) ;
#3270 = ORIENTED_EDGE ( 'NONE', *, *, #4252, .T. ) ;
#3271 = AXIS2_PLACEMENT_3D ( 'NONE', #2563, #4185, #901 ) ;
#3272 = ADVANCED_FACE ( 'NONE', ( #3886 ), #1546, .F. ) ;
#3273 = DIRECTION ( 'NONE',  ( 0.000000000000000000, -1.000000000000000000, 0.000000000000000000 ) ) ;
#3274 = CYLINDRICAL_SURFACE ( 'NONE', #824, 140.5000000000000000 ) ;
#3275 = ORIENTED_EDGE ( 'NONE', *, *, #1860, .F. ) ;
#3276 = ADVANCED_FACE ( 'NONE', ( #2281 ), #3246, .F. ) ;
#3277 = CARTESIAN_POINT ( 'NONE',  ( 0.000000000000000000, 10.00000000000000000, 0.000000000000000000 ) ) ;
#3278 = LINE ( 'NONE', #284, #1653 ) ;
#3279 = ORIENTED_EDGE ( 'NONE', *, *, #58, .F. ) ;
#3280 = ORIENTED_EDGE ( 'NONE', *, *, #179, .F. ) ;
#3281 = ADVANCED_FACE ( 'NONE', ( #2589 ), #3615, .T. ) ;
#3282 = AXIS2_PLACEMENT_3D ( 'NONE', #1399, #2637, #736 ) ;
#3283 = FACE_OUTER_BOUND ( 'NONE', #1683, .T. ) ;
#3284 = FACE_OUTER_BOUND ( 'NONE', #187, .T. ) ;
#3285 = CARTESIAN_POINT ( 'NONE',  ( -64.38717422483075836, 76.99999999999998579, -157.8750828830861508 ) ) ;
#3286 = VECTOR ( 'NONE', #336, 1000.000000000000000 ) ;
#3287 = VERTEX_POINT ( 'NONE', #2265 ) ;
#3288 = CARTESIAN_POINT ( 'NONE',  ( -42.69510015324296859, 24.56339097639538593, -112.6826447280350010 ) ) ;
#3289 = CARTESIAN_POINT ( 'NONE',  ( 97.75000000000022737, 72.00000000000000000, -169.3079664398576654 ) ) ;
#3290 = CIRCLE ( 'NONE', #1483, 170.5000000000000568 ) ;
#3291 = CIRCLE ( 'NONE', #91, 1.700000000000007061 ) ;
#3292 = ORIENTED_EDGE ( 'NONE', *, *, #2417, .F. ) ;
#3293 = DIRECTION ( 'NONE',  ( 0.000000000000000000, 1.000000000000000000, 0.000000000000000000 ) ) ;
#3294 =( GEOMETRIC_REPRESENTATION_CONTEXT ( 3 ) GLOBAL_UNCERTAINTY_ASSIGNED_CONTEXT ( ( #3371 ) ) GLOBAL_UNIT_ASSIGNED_CONTEXT ( ( #3945, #982, #1906 ) ) REPRESENTATION_CONTEXT ( 'NONE', 'WORKASPACE' ) );
#3295 = LINE ( 'NONE', #368, #16 ) ;
#3296 = AXIS2_PLACEMENT_3D ( 'NONE', #2171, #469, #1433 ) ;
#3297 = DIRECTION ( 'NONE',  ( 0.000000000000000000, 0.000000000000000000, -1.000000000000000000 ) ) ;
#3298 = ORIENTED_EDGE ( 'NONE', *, *, #665, .F. ) ;
#3299 = AXIS2_PLACEMENT_3D ( 'NONE', #4167, #3161, #2767 ) ;
#3300 = CARTESIAN_POINT ( 'NONE',  ( 59.37786577456843418, 10.00000000000000000, -127.3362440786492442 ) ) ;
#3301 = DIRECTION ( 'NONE',  ( -0.000000000000000000, -1.000000000000000000, -0.000000000000000000 ) ) ;
#3302 = ADVANCED_FACE ( 'NONE', ( #2937 ), #1949, .T. ) ;
#3303 = EDGE_LOOP ( 'NONE', ( #4201, #2395, #2663, #4044 ) ) ;
#3304 = ORIENTED_EDGE ( 'NONE', *, *, #1278, .T. ) ;
#3305 = CARTESIAN_POINT ( 'NONE',  ( -42.58547537532289340, 28.27869198875449896, -123.3562801357502110 ) ) ;
#3306 = CARTESIAN_POINT ( 'NONE',  ( 24.21260865681960439, 72.00000000000000000, -183.9130217848419022 ) ) ;
#3307 = CARTESIAN_POINT ( 'NONE',  ( -68.93530563985072490, 81.99999999999998579, -194.7151684252403925 ) ) ;
#3308 = EDGE_CURVE ( 'NONE', #2608, #3459, #706, .T. ) ;
#3309 = EDGE_CURVE ( 'NONE', #596, #3247, #3327, .T. ) ;
#3310 = ORIENTED_EDGE ( 'NONE', *, *, #3737, .T. ) ;
#3311 = LINE ( 'NONE', #995, #3152 ) ;
#3312 = DIRECTION ( 'NONE',  ( 0.4226182617407007736, 0.000000000000000000, -0.9063077870366492705 ) ) ;
#3313 = FACE_OUTER_BOUND ( 'NONE', #264, .T. ) ;
#3314 = ORIENTED_EDGE ( 'NONE', *, *, #3441, .T. ) ;
#3315 = EDGE_LOOP ( 'NONE', ( #3336, #138, #2229, #2985 ) ) ;
#3316 = DIRECTION ( 'NONE',  ( -0.000000000000000000, 1.000000000000000000, -0.000000000000000000 ) ) ;
#3317 = FACE_OUTER_BOUND ( 'NONE', #3, .T. ) ;
#3318 = FACE_OUTER_BOUND ( 'NONE', #917, .T. ) ;
#3319 = ORIENTED_EDGE ( 'NONE', *, *, #715, .T. ) ;
#3320 = DIRECTION ( 'NONE',  ( 0.000000000000000000, 0.000000000000000000, -1.000000000000000000 ) ) ;
#3321 = LINE ( 'NONE', #1006, #4245 ) ;
#3322 = ORIENTED_EDGE ( 'NONE', *, *, #190, .T. ) ;
#3323 = VERTEX_POINT ( 'NONE', #2678 ) ;
#3324 = ADVANCED_FACE ( 'NONE', ( #1321 ), #3679, .T. ) ;
#3325 = CARTESIAN_POINT ( 'NONE',  ( -18.50000000000001776, 5.000000000000000000, -169.2500000000000000 ) ) ;
#3326 = CARTESIAN_POINT ( 'NONE',  ( 44.65707875111455394, 59.01449637176901319, -122.6214092499221664 ) ) ;
#3327 = LINE ( 'NONE', #2346, #2327 ) ;
#3328 = ORIENTED_EDGE ( 'NONE', *, *, #1704, .F. ) ;
#3329 = AXIS2_PLACEMENT_3D ( 'NONE', #2404, #1078, #480 ) ;
#3330 = EDGE_CURVE ( 'NONE', #1035, #931, #778, .T. ) ;
#3331 = CARTESIAN_POINT ( 'NONE',  ( 64.38717422483070152, 5.000000000000004441, -157.8750828830861508 ) ) ;
#3332 = CARTESIAN_POINT ( 'NONE',  ( -42.25273972865245753, 25.00000000000000000, -123.7819540552209645 ) ) ;
#3333 = CYLINDRICAL_SURFACE ( 'NONE', #2362, 2.749999999999974687 ) ;
#3334 = VECTOR ( 'NONE', #3063, 999.9999999999998863 ) ;
#3335 = ORIENTED_EDGE ( 'NONE', *, *, #902, .T. ) ;
#3336 = ORIENTED_EDGE ( 'NONE', *, *, #1389, .F. ) ;
#3337 = ADVANCED_FACE ( 'NONE', ( #313, #2977 ), #989, .T. ) ;
#3338 = CARTESIAN_POINT ( 'NONE',  ( -40.64091420145733480, 0.000000000000000000, -150.0951901057118789 ) ) ;
#3339 = LINE ( 'NONE', #2622, #331 ) ;
#3340 = VECTOR ( 'NONE', #2847, 1000.000000000000000 ) ;
#3341 = CARTESIAN_POINT ( 'NONE',  ( -52.39463284441555402, 72.00000000000000000, -151.5996111077022022 ) ) ;
#3342 = CARTESIAN_POINT ( 'NONE',  ( 39.03543664284581638, 56.99999999999998579, -124.5250363826583140 ) ) ;
#3343 = ORIENTED_EDGE ( 'NONE', *, *, #4029, .F. ) ;
#3344 = ORIENTED_EDGE ( 'NONE', *, *, #3657, .T. ) ;
#3345 = CARTESIAN_POINT ( 'NONE',  ( 15.00000000000000355, 5.000000000000000000, -150.5000000000000284 ) ) ;
#3346 = CARTESIAN_POINT ( 'NONE',  ( 52.39463284441546875, 0.000000000000000000, -154.3496111077022306 ) ) ;
#3347 = DIRECTION ( 'NONE',  ( 0.000000000000000000, 0.000000000000000000, 1.000000000000000000 ) ) ;
#3348 = ORIENTED_EDGE ( 'NONE', *, *, #4219, .T. ) ;
#3349 = CARTESIAN_POINT ( 'NONE',  ( -37.67308009134645630, 22.37452133374635821, -114.4596932745476465 ) ) ;
#3350 = CARTESIAN_POINT ( 'NONE',  ( -78.03057567203165945, 81.99999999999998579, -179.2525571931718673 ) ) ;
#3351 = AXIS2_PLACEMENT_3D ( 'NONE', #2989, #3690, #4318 ) ;
#3352 = DIRECTION ( 'NONE',  ( 0.000000000000000000, -1.000000000000000000, 0.000000000000000000 ) ) ;
#3353 = ORIENTED_EDGE ( 'NONE', *, *, #3758, .T. ) ;
#3354 = EDGE_CURVE ( 'NONE', #2254, #2996, #2650, .T. ) ;
#3355 = VERTEX_POINT ( 'NONE', #353 ) ;
#3356 = CIRCLE ( 'NONE', #3990, 2.749999999999974687 ) ;
#3357 = CARTESIAN_POINT ( 'NONE',  ( 15.00000000000000355, 5.025000000000002132, -150.5000000000000284 ) ) ;
#3358 = DIRECTION ( 'NONE',  ( 0.000000000000000000, 0.000000000000000000, 1.000000000000000000 ) ) ;
#3359 = DIRECTION ( 'NONE',  ( 0.000000000000000000, 0.000000000000000000, 1.000000000000000000 ) ) ;
#3360 = AXIS2_PLACEMENT_3D ( 'NONE', #796, #3417, #3115 ) ;
#3361 = VECTOR ( 'NONE', #1912, 1000.000000000000000 ) ;
#3362 = EDGE_CURVE ( 'NONE', #1051, #1491, #2875, .T. ) ;
#3363 = ORIENTED_EDGE ( 'NONE', *, *, #4008, .T. ) ;
#3364 = AXIS2_PLACEMENT_3D ( 'NONE', #323, #1652, #1375 ) ;
#3365 = DIRECTION ( 'NONE',  ( 0.000000000000000000, 0.000000000000000000, -1.000000000000000000 ) ) ;
#3366 = CYLINDRICAL_SURFACE ( 'NONE', #2776, 2.000000000000001776 ) ;
#3367 = AXIS2_PLACEMENT_3D ( 'NONE', #2867, #508, #1857 ) ;
#3368 = ORIENTED_EDGE ( 'NONE', *, *, #637, .F. ) ;
#3369 = CONICAL_SURFACE ( 'NONE', #3299, 1.725000000000004308, 0.7853981633974309595 ) ;
#3370 = ORIENTED_EDGE ( 'NONE', *, *, #555, .F. ) ;
#3371 = UNCERTAINTY_MEASURE_WITH_UNIT (LENGTH_MEASURE( 1.000000000000000082E-05 ), #3945, 'distance_accuracy_value', 'NONE');
#3372 = LINE ( 'NONE', #378, #3920 ) ;
#3373 = CARTESIAN_POINT ( 'NONE',  ( -45.29537560312247990, 25.00000000000000000, -122.3870048206592003 ) ) ;
#3374 = DIRECTION ( 'NONE',  ( -0.000000000000000000, -1.000000000000000000, -0.000000000000000000 ) ) ;
#3375 = DIRECTION ( 'NONE',  ( 0.000000000000000000, 0.000000000000000000, 1.000000000000000000 ) ) ;
#3376 = ORIENTED_EDGE ( 'NONE', *, *, #3600, .F. ) ;
#3377 = CARTESIAN_POINT ( 'NONE',  ( 59.12955738187334020, 0.000000000000000000, -143.8191414375143040 ) ) ;
#3378 = CARTESIAN_POINT ( 'NONE',  ( -80.00101616733748244, 44.19248842920672615, -189.0698270610212717 ) ) ;
#3379 = CARTESIAN_POINT ( 'NONE',  ( -40.39269747206019190, 28.19410615076036564, -113.5285226117342035 ) ) ;
#3380 = EDGE_LOOP ( 'NONE', ( #2752, #4159, #1029, #924 ) ) ;
#3381 = ORIENTED_EDGE ( 'NONE', *, *, #3142, .T. ) ;
#3382 = CARTESIAN_POINT ( 'NONE',  ( 30.40976575830350015, 72.00000000000000000, -137.1695890003506406 ) ) ;
#3383 = EDGE_CURVE ( 'NONE', #957, #2492, #2455, .T. ) ;
#3384 = CARTESIAN_POINT ( 'NONE',  ( 15.00000000000000355, 5.000000000000000000, -165.5000000000000284 ) ) ;
#3385 = CARTESIAN_POINT ( 'NONE',  ( 0.000000000000000000, 10.00000000000000000, 0.000000000000000000 ) ) ;
#3386 = ORIENTED_EDGE ( 'NONE', *, *, #822, .T. ) ;
#3387 = EDGE_CURVE ( 'NONE', #443, #2104, #918, .T. ) ;
#3388 = DIRECTION ( 'NONE',  ( -0.000000000000000000, -1.000000000000000000, -0.000000000000000000 ) ) ;
#3389 = EDGE_CURVE ( 'NONE', #2996, #4170, #356, .T. ) ;
#3390 = LINE ( 'NONE', #2445, #1177 ) ;
#3391 = ORIENTED_EDGE ( 'NONE', *, *, #745, .T. ) ;
#3392 = EDGE_LOOP ( 'NONE', ( #2334, #1456, #3542, #4013 ) ) ;
#3393 = EDGE_CURVE ( 'NONE', #1997, #2381, #1132, .T. ) ;
#3394 = DIRECTION ( 'NONE',  ( -0.000000000000000000, 1.000000000000000000, -0.000000000000000000 ) ) ;
#3395 = CARTESIAN_POINT ( 'NONE',  ( 52.39463284441546875, 81.99999999999998579, -141.8496111077022306 ) ) ;
#3396 = CARTESIAN_POINT ( 'NONE',  ( -64.38717422483094310, 0.000000000000000000, -157.8750828830860087 ) ) ;
#3397 = EDGE_LOOP ( 'NONE', ( #2586, #2479, #2463, #1672 ) ) ;
#3398 = DIRECTION ( 'NONE',  ( 0.1305261922200524061, 0.000000000000000000, 0.9914448613738102711 ) ) ;
#3399 = DIRECTION ( 'NONE',  ( 0.9762960071199331402, 0.000000000000000000, -0.2164396139381041251 ) ) ;
#3400 = CARTESIAN_POINT ( 'NONE',  ( -36.44477503485189374, 25.21566369367693383, -114.8565556364069380 ) ) ;
#3401 = ORIENTED_EDGE ( 'NONE', *, *, #3581, .F. ) ;
#3402 = EDGE_LOOP ( 'NONE', ( #1334, #621, #3256, #3817 ) ) ;
#3403 = DIRECTION ( 'NONE',  ( -0.000000000000000000, -1.000000000000000000, -0.000000000000000000 ) ) ;
#3404 = CARTESIAN_POINT ( 'NONE',  ( 33.65635996737503177, 81.99999999999998579, -151.8140291071496790 ) ) ;
#3405 = AXIS2_PLACEMENT_3D ( 'NONE', #1315, #3981, #1707 ) ;
#3406 = DIRECTION ( 'NONE',  ( 0.000000000000000000, 0.000000000000000000, -1.000000000000000000 ) ) ;
#3407 = ORIENTED_EDGE ( 'NONE', *, *, #2694, .T. ) ;
#3408 = VECTOR ( 'NONE', #4025, 1000.000000000000000 ) ;
#3409 = CARTESIAN_POINT ( 'NONE',  ( 41.63917706363072568, 59.48876640214533751, -113.0771986502715833 ) ) ;
#3410 = FACE_OUTER_BOUND ( 'NONE', #896, .T. ) ;
#3411 = EDGE_LOOP ( 'NONE', ( #1703, #1446, #301, #3611 ) ) ;
#3412 = ORIENTED_EDGE ( 'NONE', *, *, #1200, .T. ) ;
#3413 = EDGE_CURVE ( 'NONE', #463, #2518, #4034, .T. ) ;
#3414 = AXIS2_PLACEMENT_3D ( 'NONE', #4295, #299, #3269 ) ;
#3415 = CARTESIAN_POINT ( 'NONE',  ( 36.44477503485187242, 56.56341260101491741, -114.8565556364069522 ) ) ;
#3416 = DIRECTION ( 'NONE',  ( 0.000000000000000000, 1.000000000000000000, 0.000000000000000000 ) ) ;
#3417 = DIRECTION ( 'NONE',  ( 0.8660254037844379305, 0.000000000000000000, -0.5000000000000012212 ) ) ;
#3418 = ORIENTED_EDGE ( 'NONE', *, *, #3603, .T. ) ;
#3419 = EDGE_CURVE ( 'NONE', #1210, #3185, #2676, .T. ) ;
#3420 = FILL_AREA_STYLE_COLOUR ( '', #775 ) ;
#3421 = CARTESIAN_POINT ( 'NONE',  ( 15.00000000000000355, 5.025000000000002132, -152.2000000000000171 ) ) ;
#3422 = LINE ( 'NONE', #107, #2296 ) ;
#3423 = ORIENTED_EDGE ( 'NONE', *, *, #1890, .T. ) ;
#3424 = DIRECTION ( 'NONE',  ( 0.000000000000000000, 0.000000000000000000, -1.000000000000000000 ) ) ;
#3425 = CIRCLE ( 'NONE', #702, 155.5000000000000284 ) ;
#3426 = CARTESIAN_POINT ( 'NONE',  ( -18.33893000691735864, 72.00000000000000000, -139.2980030230203283 ) ) ;
#3427 = CARTESIAN_POINT ( 'NONE',  ( -70.25000000000018474, 10.00000000000000000, -121.6765692317135290 ) ) ;
#3428 = VECTOR ( 'NONE', #1241, 1000.000000000000227 ) ;
#3429 = ORIENTED_EDGE ( 'NONE', *, *, #493, .T. ) ;
#3430 = CIRCLE ( 'NONE', #2102, 12.50000000000001066 ) ;
#3431 = CARTESIAN_POINT ( 'NONE',  ( 36.44477503485185821, 56.99999999999999289, -114.8565556364069096 ) ) ;
#3432 = CONICAL_SURFACE ( 'NONE', #1547, 1.725000000000004308, 0.7853981633974309595 ) ;
#3433 = CARTESIAN_POINT ( 'NONE',  ( -72.05641362678954920, 0.000000000000000000, -154.5254776897487261 ) ) ;
#3434 = VERTEX_POINT ( 'NONE', #2037 ) ;
#3435 = ORIENTED_EDGE ( 'NONE', *, *, #2963, .F. ) ;
#3436 = CIRCLE ( 'NONE', #990, 10.00000000000000355 ) ;
#3437 = CONICAL_SURFACE ( 'NONE', #2741, 1.725000000000004308, 0.7853981633974309595 ) ;
#3438 = DIRECTION ( 'NONE',  ( -0.000000000000000000, 1.000000000000000000, -0.000000000000000000 ) ) ;
#3439 = CARTESIAN_POINT ( 'NONE',  ( 64.38717422483070152, 10.00000000000000178, -157.8750828830861508 ) ) ;
#3440 = PLANE ( 'NONE',  #1696 ) ;
#3441 = EDGE_CURVE ( 'NONE', #2484, #4045, #3797, .T. ) ;
#3442 = AXIS2_PLACEMENT_3D ( 'NONE', #3745, #74, #2743 ) ;
#3443 = AXIS2_PLACEMENT_3D ( 'NONE', #2307, #3399, #647 ) ;
#3444 = ORIENTED_EDGE ( 'NONE', *, *, #3518, .F. ) ;
#3445 = AXIS2_PLACEMENT_3D ( 'NONE', #4235, #3929, #930 ) ;
#3446 = FACE_OUTER_BOUND ( 'NONE', #3402, .T. ) ;
#3447 = CARTESIAN_POINT ( 'NONE',  ( 0.000000000000000000, 81.99999999999998579, 0.000000000000000000 ) ) ;
#3448 = EDGE_CURVE ( 'NONE', #1373, #999, #1387, .T. ) ;
#3449 = EDGE_CURVE ( 'NONE', #2118, #2008, #2535, .T. ) ;
#3450 = ORIENTED_EDGE ( 'NONE', *, *, #2482, .F. ) ;
#3451 = ORIENTED_EDGE ( 'NONE', *, *, #3607, .F. ) ;
#3452 = CARTESIAN_POINT ( 'NONE',  ( 15.00000000000000355, 5.000000000000000000, -167.2250000000000512 ) ) ;
#3453 = DIRECTION ( 'NONE',  ( -0.8660254037844381525, 0.000000000000000000, -0.5000000000000008882 ) ) ;
#3454 = DIRECTION ( 'NONE',  ( 0.000000000000000000, 0.000000000000000000, 1.000000000000000000 ) ) ;
#3455 = ORIENTED_EDGE ( 'NONE', *, *, #4240, .T. ) ;
#3456 = LINE ( 'NONE', #3844, #3149 ) ;
#3457 = CARTESIAN_POINT ( 'NONE',  ( 40.39253451873119616, 60.19406284014814190, -113.5285781277180348 ) ) ;
#3458 = CARTESIAN_POINT ( 'NONE',  ( -97.75000000000027001, 81.99999999999998579, -169.3079664398576369 ) ) ;
#3459 = VERTEX_POINT ( 'NONE', #729 ) ;
#3460 = ORIENTED_EDGE ( 'NONE', *, *, #286, .T. ) ;
#3461 = B_SPLINE_CURVE_WITH_KNOTS ( 'NONE', 3,
 ( #1917, #3249, #259, #3937, #935, #3706, #4041, #1742, #1719, #360, #713, #4105, #776, #3033, #3379, #1842, #2045, #1041, #3074, #3053, #1695, #2352, #3773, #2109, #3177, #1018, #40, #3686, #2064, #733, #1064, #1371, #3400, #1417 ),
 .UNSPECIFIED., .F., .F.,
 ( 4, 2, 2, 2, 2, 2, 2, 2, 2, 2, 2, 2, 2, 2, 2, 2, 4 ),
 ( 3.469446951953613804E-18, 0.0006457363791848142430, 0.001291472758369625017, 0.001937209137554435790, 0.002582945516739246564, 0.003228681895924057337, 0.003874418275108868111, 0.004520154654293678451, 0.005165891033478489658, 0.005811627412663300865, 0.006457363791848111205, 0.007103100171032921545, 0.007748836550217732752, 0.008394572929402543959, 0.009040309308587353432, 0.009686045687772164639, 0.01033178206695697585 ),
 .UNSPECIFIED. ) ;
#3462 = CARTESIAN_POINT ( 'NONE',  ( 38.57862797269209665, 53.86670312597972554, -114.1576965231511167 ) ) ;
#3463 = CARTESIAN_POINT ( 'NONE',  ( 33.65635996737503888, 10.00000000000000000, -151.8140291071497074 ) ) ;
#3464 = LINE ( 'NONE', #4145, #2033 ) ;
#3465 = ORIENTED_EDGE ( 'NONE', *, *, #392, .T. ) ;
#3466 = EDGE_CURVE ( 'NONE', #691, #2775, #4291, .T. ) ;
#3467 = DIRECTION ( 'NONE',  ( 0.000000000000000000, 0.000000000000000000, -1.000000000000000000 ) ) ;
#3468 = DIRECTION ( 'NONE',  ( -0.000000000000000000, -1.000000000000000000, -0.000000000000000000 ) ) ;
#3469 = ORIENTED_EDGE ( 'NONE', *, *, #3741, .T. ) ;
#3470 = EDGE_CURVE ( 'NONE', #3043, #1418, #3636, .T. ) ;
#3471 = CARTESIAN_POINT ( 'NONE',  ( 41.97310585039972608, 53.69994646149461914, -123.5659938456565783 ) ) ;
#3472 = DIRECTION ( 'NONE',  ( -0.000000000000000000, 1.000000000000000000, -0.000000000000000000 ) ) ;
#3473 = VERTEX_POINT ( 'NONE', #422 ) ;
#3474 = EDGE_CURVE ( 'NONE', #1716, #1771, #4216, .T. ) ;
#3475 = DIRECTION ( 'NONE',  ( -0.000000000000000000, 1.000000000000000000, -0.000000000000000000 ) ) ;
#3476 = VECTOR ( 'NONE', #3673, 1000.000000000000227 ) ;
#3477 = PLANE ( 'NONE',  #2745 ) ;
#3478 = CARTESIAN_POINT ( 'NONE',  ( -97.75000000000027001, 10.00000000000000000, -169.3079664398576654 ) ) ;
#3479 = ORIENTED_EDGE ( 'NONE', *, *, #612, .F. ) ;
#3480 = CIRCLE ( 'NONE', #2850, 2.000000000000001776 ) ;
#3481 = ORIENTED_EDGE ( 'NONE', *, *, #2851, .T. ) ;
#3482 = CARTESIAN_POINT ( 'NONE',  ( -40.14954838551826555, 81.99999999999998579, -181.1029093207476706 ) ) ;
#3483 = CARTESIAN_POINT ( 'NONE',  ( 52.39463284441546875, 72.00000000000000000, -157.0996111077022022 ) ) ;
#3484 = ORIENTED_EDGE ( 'NONE', *, *, #136, .F. ) ;
#3485 = CARTESIAN_POINT ( 'NONE',  ( -78.03057567203191525, 72.00000000000000000, -179.2525571931713557 ) ) ;
#3486 = FACE_OUTER_BOUND ( 'NONE', #1935, .T. ) ;
#3487 = VERTEX_POINT ( 'NONE', #4121 ) ;
#3488 = LINE ( 'NONE', #4237, #3428 ) ;
#3489 = DIRECTION ( 'NONE',  ( 0.000000000000000000, 0.000000000000000000, -1.000000000000000000 ) ) ;
#3490 = EDGE_CURVE ( 'NONE', #968, #2859, #432, .T. ) ;
#3491 = EDGE_LOOP ( 'NONE', ( #1164, #560, #328, #2973 ) ) ;
#3492 = AXIS2_PLACEMENT_3D ( 'NONE', #1872, #302, #243 ) ;
#3493 = CARTESIAN_POINT ( 'NONE',  ( -80.00101616733748244, 72.00000000000000000, -189.0698270610212717 ) ) ;
#3494 = CARTESIAN_POINT ( 'NONE',  ( -30.40976575830352147, 81.99999999999998579, -137.1695890003506122 ) ) ;
#3495 = DIRECTION ( 'NONE',  ( 0.000000000000000000, 0.000000000000000000, 1.000000000000000000 ) ) ;
#3496 = EDGE_CURVE ( 'NONE', #2816, #1670, #769, .T. ) ;
#3497 = CIRCLE ( 'NONE', #3079, 155.5000000000000284 ) ;
#3498 = ORIENTED_EDGE ( 'NONE', *, *, #3069, .T. ) ;
#3499 = VERTEX_POINT ( 'NONE', #3396 ) ;
#3500 = AXIS2_PLACEMENT_3D ( 'NONE', #3117, #2062, #468 ) ;
#3501 = PRODUCT ( 'AroMotoresPh', 'AroMotoresPh', '', ( #250 ) ) ;
#3502 = CARTESIAN_POINT ( 'NONE',  ( -41.36610583022090282, 21.80499080622330155, -123.7705141962349842 ) ) ;
#3503 = CARTESIAN_POINT ( 'NONE',  ( 0.000000000000000000, 72.00000000000000000, 0.000000000000000000 ) ) ;
#3504 = LINE ( 'NONE', #2868, #1729 ) ;
#3505 = CARTESIAN_POINT ( 'NONE',  ( 0.000000000000000000, 10.00000000000000000, 0.000000000000000000 ) ) ;
#3506 = CIRCLE ( 'NONE', #3017, 1.725000000000004308 ) ;
#3507 = CIRCLE ( 'NONE', #1062, 170.5000000000000284 ) ;
#3508 = ORIENTED_EDGE ( 'NONE', *, *, #1620, .T. ) ;
#3509 = AXIS2_PLACEMENT_3D ( 'NONE', #2971, #2561, #2276 ) ;
#3510 = CARTESIAN_POINT ( 'NONE',  ( 0.000000000000000000, 72.00000000000000000, 0.000000000000000000 ) ) ;
#3511 = VECTOR ( 'NONE', #3694, 1000.000000000000000 ) ;
#3512 = CYLINDRICAL_SURFACE ( 'NONE', #788, 195.5000000000000284 ) ;
#3513 = ORIENTED_EDGE ( 'NONE', *, *, #4172, .T. ) ;
#3514 = AXIS2_PLACEMENT_3D ( 'NONE', #1105, #1820, #3816 ) ;
#3515 = CARTESIAN_POINT ( 'NONE',  ( 59.37786577456844128, 72.00000000000000000, -127.3362440786492442 ) ) ;
#3516 = CARTESIAN_POINT ( 'NONE',  ( 0.000000000000000000, 0.000000000000000000, 0.000000000000000000 ) ) ;
#3517 = VERTEX_POINT ( 'NONE', #1449 ) ;
#3518 = EDGE_CURVE ( 'NONE', #1478, #3261, #4163, .T. ) ;
#3519 = DIRECTION ( 'NONE',  ( 8.659560562354782482E-17, -0.7071067811865597852, 0.7071067811865352493 ) ) ;
#3520 = FACE_OUTER_BOUND ( 'NONE', #3968, .T. ) ;
#3521 = DIRECTION ( 'NONE',  ( 0.000000000000000000, 0.000000000000000000, 1.000000000000000000 ) ) ;
#3522 = EDGE_LOOP ( 'NONE', ( #1353, #1339, #1467, #2766 ) ) ;
#3523 = ORIENTED_EDGE ( 'NONE', *, *, #1070, .F. ) ;
#3524 = EDGE_CURVE ( 'NONE', #2518, #898, #2744, .T. ) ;
#3525 = CARTESIAN_POINT ( 'NONE',  ( 0.000000000000000000, 72.00000000000000000, 0.000000000000000000 ) ) ;
#3526 = DIRECTION ( 'NONE',  ( 0.000000000000000000, 0.000000000000000000, -1.000000000000000000 ) ) ;
#3527 = DIRECTION ( 'NONE',  ( -0.000000000000000000, -1.000000000000000000, -0.000000000000000000 ) ) ;
#3528 = CARTESIAN_POINT ( 'NONE',  ( 0.000000000000000000, 72.00000000000000000, 0.000000000000000000 ) ) ;
#3529 = ORIENTED_EDGE ( 'NONE', *, *, #805, .T. ) ;
#3530 = ADVANCED_FACE ( 'NONE', ( #2100 ), #3440, .F. ) ;
#3531 = CARTESIAN_POINT ( 'NONE',  ( -45.02648131759492145, 72.00000000000000000, -164.4471525449932869 ) ) ;
#3532 = LINE ( 'NONE', #2217, #1551 ) ;
#3533 = DIRECTION ( 'NONE',  ( -0.000000000000000000, -1.000000000000000000, -0.000000000000000000 ) ) ;
#3534 = ORIENTED_EDGE ( 'NONE', *, *, #206, .F. ) ;
#3535 = DIRECTION ( 'NONE',  ( 0.000000000000000000, 0.000000000000000000, 1.000000000000000000 ) ) ;
#3536 = CARTESIAN_POINT ( 'NONE',  ( 0.000000000000000000, 72.00000000000000000, 0.000000000000000000 ) ) ;
#3537 = ORIENTED_EDGE ( 'NONE', *, *, #1338, .F. ) ;
#3538 = FACE_BOUND ( 'NONE', #3182, .T. ) ;
#3539 = FACE_BOUND ( 'NONE', #1298, .T. ) ;
#3540 = DIRECTION ( 'NONE',  ( -0.000000000000000000, -0.000000000000000000, 1.000000000000000000 ) ) ;
#3541 = VERTEX_POINT ( 'NONE', #3483 ) ;
#3542 = ORIENTED_EDGE ( 'NONE', *, *, #1961, .F. ) ;
#3543 = CIRCLE ( 'NONE', #3823, 12.50000000000001066 ) ;
#3544 = CARTESIAN_POINT ( 'NONE',  ( -39.45373456664464129, 23.34282928141495361, -124.3931959173206110 ) ) ;
#3545 = CYLINDRICAL_SURFACE ( 'NONE', #402, 3.299999999999993161 ) ;
#3546 = CARTESIAN_POINT ( 'NONE',  ( -14.99999999999999645, 5.000000000000000000, -150.5000000000000284 ) ) ;
#3547 = VECTOR ( 'NONE', #1118, 1000.000000000000000 ) ;
#3548 = EDGE_CURVE ( 'NONE', #1042, #1914, #986, .T. ) ;
#3549 = ORIENTED_EDGE ( 'NONE', *, *, #1441, .T. ) ;
#3550 = CIRCLE ( 'NONE', #893, 1.725000000000004308 ) ;
#3551 = LINE ( 'NONE', #2196, #2736 ) ;
#3552 = CYLINDRICAL_SURFACE ( 'NONE', #228, 1.700000000000007061 ) ;
#3553 = DIRECTION ( 'NONE',  ( 0.4226182617407008846, 0.000000000000000000, -0.9063077870366492705 ) ) ;
#3554 = EDGE_CURVE ( 'NONE', #3261, #4170, #3430, .T. ) ;
#3555 = ORIENTED_EDGE ( 'NONE', *, *, #1436, .T. ) ;
#3556 = DIRECTION ( 'NONE',  ( -0.000000000000000000, 1.000000000000000000, -0.000000000000000000 ) ) ;
#3557 = CYLINDRICAL_SURFACE ( 'NONE', #2922, 2.749999999999974687 ) ;
#3558 = ORIENTED_EDGE ( 'NONE', *, *, #1918, .F. ) ;
#3559 = DIRECTION ( 'NONE',  ( -0.000000000000000000, -1.000000000000000000, -0.000000000000000000 ) ) ;
#3560 = DIRECTION ( 'NONE',  ( 1.000000000000000000, 0.000000000000000000, 0.000000000000000000 ) ) ;
#3561 = CARTESIAN_POINT ( 'NONE',  ( 0.000000000000000000, 81.99999999999998579, 0.000000000000000000 ) ) ;
#3562 = ORIENTED_EDGE ( 'NONE', *, *, #3389, .F. ) ;
#3563 = ORIENTED_EDGE ( 'NONE', *, *, #4190, .T. ) ;
#3564 = CARTESIAN_POINT ( 'NONE',  ( -80.00101616733748244, 81.99999999999998579, -189.0698270610212717 ) ) ;
#3565 = CIRCLE ( 'NONE', #2799, 12.50000000000006750 ) ;
#3566 = DIRECTION ( 'NONE',  ( 0.000000000000000000, 1.000000000000000000, 0.000000000000000000 ) ) ;
#3567 = CARTESIAN_POINT ( 'NONE',  ( -59.37786577456848391, 72.00000000000000000, -127.3362440786491874 ) ) ;
#3568 = DIRECTION ( 'NONE',  ( 0.000000000000000000, 1.000000000000000000, 0.000000000000000000 ) ) ;
#3569 = ORIENTED_EDGE ( 'NONE', *, *, #169, .F. ) ;
#3570 = AXIS2_PLACEMENT_3D ( 'NONE', #1722, #3316, #3645 ) ;
#3571 = ORIENTED_EDGE ( 'NONE', *, *, #3923, .T. ) ;
#3572 = ADVANCED_FACE ( 'NONE', ( #1496 ), #3812, .F. ) ;
#3573 = CARTESIAN_POINT ( 'NONE',  ( -52.39463284441555402, 81.99999999999998579, -154.3496111077021737 ) ) ;
#3574 = CARTESIAN_POINT ( 'NONE',  ( -18.50000000000001776, 0.000000000000000000, -169.2500000000000000 ) ) ;
#3575 = LINE ( 'NONE', #2874, #2532 ) ;
#3576 = CIRCLE ( 'NONE', #3360, 10.00000000000001066 ) ;
#3577 = AXIS2_PLACEMENT_3D ( 'NONE', #403, #3815, #2434 ) ;
#3578 = ORIENTED_EDGE ( 'NONE', *, *, #1070, .T. ) ;
#3579 = AXIS2_PLACEMENT_3D ( 'NONE', #3306, #290, #4307 ) ;
#3580 = EDGE_CURVE ( 'NONE', #3055, #803, #3576, .T. ) ;
#3581 = EDGE_CURVE ( 'NONE', #1997, #168, #448, .T. ) ;
#3582 = LINE ( 'NONE', #2242, #4199 ) ;
#3583 = CARTESIAN_POINT ( 'NONE',  ( -14.99999999999999645, 5.025000000000002132, -163.8000000000000398 ) ) ;
#3584 = AXIS2_PLACEMENT_3D ( 'NONE', #2166, #1124, #2515 ) ;
#3585 = AXIS2_PLACEMENT_3D ( 'NONE', #359, #3003, #3312 ) ;
#3586 = ORIENTED_EDGE ( 'NONE', *, *, #287, .F. ) ;
#3587 = EDGE_CURVE ( 'NONE', #3599, #3724, #3464, .T. ) ;
#3588 = CARTESIAN_POINT ( 'NONE',  ( 52.39463284441546165, 10.00000000000000178, -166.8496111077022590 ) ) ;
#3589 = AXIS2_PLACEMENT_3D ( 'NONE', #1193, #3222, #3553 ) ;
#3590 = DIRECTION ( 'NONE',  ( 0.000000000000000000, 0.000000000000000000, -1.000000000000000000 ) ) ;
#3591 = ORIENTED_EDGE ( 'NONE', *, *, #1576, .F. ) ;
#3592 = VERTEX_POINT ( 'NONE', #466 ) ;
#3593 = CARTESIAN_POINT ( 'NONE',  ( -44.97976327097796911, 23.53525367521735134, -122.5033788676853987 ) ) ;
#3594 = CARTESIAN_POINT ( 'NONE',  ( 0.000000000000000000, 72.00000000000000000, 0.000000000000000000 ) ) ;
#3595 = ORIENTED_EDGE ( 'NONE', *, *, #2051, .T. ) ;
#3596 = CARTESIAN_POINT ( 'NONE',  ( -39.13617088213601392, 25.85568359989160925, -124.4934211904029269 ) ) ;
#3597 = CARTESIAN_POINT ( 'NONE',  ( 39.45444934016853011, 58.65867464763578454, -124.3929702597744864 ) ) ;
#3598 = DIRECTION ( 'NONE',  ( -0.000000000000000000, -1.000000000000000000, 0.000000000000000000 ) ) ;
#3599 = VERTEX_POINT ( 'NONE', #1796 ) ;
#3600 = EDGE_CURVE ( 'NONE', #2727, #583, #2246, .T. ) ;
#3601 = CARTESIAN_POINT ( 'NONE',  ( -45.29537560312247990, 25.00000000000000000, -122.3870048206592003 ) ) ;
#3602 = DIRECTION ( 'NONE',  ( -0.000000000000000000, 1.000000000000000000, -0.000000000000000000 ) ) ;
#3603 = EDGE_CURVE ( 'NONE', #2609, #1363, #3931, .T. ) ;
#3604 = EDGE_LOOP ( 'NONE', ( #2502, #2575, #1173, #3039 ) ) ;
#3605 = CARTESIAN_POINT ( 'NONE',  ( 0.000000000000000000, 0.000000000000000000, 0.000000000000000000 ) ) ;
#3606 = DIRECTION ( 'NONE',  ( -0.000000000000000000, 1.000000000000000000, -0.000000000000000000 ) ) ;
#3607 = EDGE_CURVE ( 'NONE', #122, #3963, #815, .T. ) ;
#3608 = ORIENTED_EDGE ( 'NONE', *, *, #3153, .F. ) ;
#3609 = CARTESIAN_POINT ( 'NONE',  ( -78.39568755290005697, 72.00000000000000000, -168.1200944952984742 ) ) ;
#3610 = DIRECTION ( 'NONE',  ( -0.000000000000000000, -1.000000000000000000, -0.000000000000000000 ) ) ;
#3611 = ORIENTED_EDGE ( 'NONE', *, *, #2244, .T. ) ;
#3612 = DIRECTION ( 'NONE',  ( 0.000000000000000000, 0.000000000000000000, 1.000000000000000000 ) ) ;
#3613 = AXIS2_PLACEMENT_3D ( 'NONE', #3258, #1907, #1880 ) ;
#3614 = CARTESIAN_POINT ( 'NONE',  ( 39.35594041322376313, 58.46601156959705747, -124.4241407210401462 ) ) ;
#3615 = CYLINDRICAL_SURFACE ( 'NONE', #3445, 170.5000000000000284 ) ;
#3616 = ORIENTED_EDGE ( 'NONE', *, *, #1469, .F. ) ;
#3617 = AXIS2_PLACEMENT_3D ( 'NONE', #3626, #653, #3012 ) ;
#3618 = DIRECTION ( 'NONE',  ( 0.000000000000000000, 0.000000000000000000, 1.000000000000000000 ) ) ;
#3619 = CIRCLE ( 'NONE', #3134, 195.5000000000000284 ) ;
#3620 = CARTESIAN_POINT ( 'NONE',  ( -18.50000000000002132, 5.000000000000000000, -146.7500000000000284 ) ) ;
#3621 = VERTEX_POINT ( 'NONE', #3156 ) ;
#3622 = AXIS2_PLACEMENT_3D ( 'NONE', #2505, #1224, #4154 ) ;
#3623 = CARTESIAN_POINT ( 'NONE',  ( 78.39568755290000013, 81.99999999999998579, -168.1200944952985310 ) ) ;
#3624 = EDGE_CURVE ( 'NONE', #754, #3239, #3290, .T. ) ;
#3625 = CARTESIAN_POINT ( 'NONE',  ( 33.65635996737503888, 10.00000000000000000, -151.8140291071497074 ) ) ;
#3626 = CARTESIAN_POINT ( 'NONE',  ( -33.65635996737514546, 72.00000000000000000, -151.8140291071496506 ) ) ;
#3627 = ORIENTED_EDGE ( 'NONE', *, *, #3872, .T. ) ;
#3628 = EDGE_CURVE ( 'NONE', #1736, #3116, #837, .T. ) ;
#3629 = DIRECTION ( 'NONE',  ( -0.000000000000000000, 1.000000000000000000, -0.000000000000000000 ) ) ;
#3630 = CARTESIAN_POINT ( 'NONE',  ( -65.71713970067911248, 10.00000000000000000, -140.9308608841989212 ) ) ;
#3631 = VERTEX_POINT ( 'NONE', #2079 ) ;
#3632 = ORIENTED_EDGE ( 'NONE', *, *, #3524, .F. ) ;
#3633 = AXIS2_PLACEMENT_3D ( 'NONE', #2554, #2905, #953 ) ;
#3634 = DIRECTION ( 'NONE',  ( 0.000000000000000000, 0.000000000000000000, -1.000000000000000000 ) ) ;
#3635 = DIRECTION ( 'NONE',  ( 0.000000000000000000, 1.000000000000000000, 0.000000000000000000 ) ) ;
#3636 = LINE ( 'NONE', #640, #3782 ) ;
#3637 = CIRCLE ( 'NONE', #2311, 2.749999999999974687 ) ;
#3638 = ORIENTED_EDGE ( 'NONE', *, *, #3764, .F. ) ;
#3639 = LINE ( 'NONE', #646, #1271 ) ;
#3640 = CARTESIAN_POINT ( 'NONE',  ( 59.12955738187338994, 72.00000000000000000, -143.8191414375143040 ) ) ;
#3641 = LINE ( 'NONE', #3005, #759 ) ;
#3642 = CIRCLE ( 'NONE', #2812, 10.00000000000000355 ) ;
#3643 = VECTOR ( 'NONE', #1943, 1000.000000000000000 ) ;
#3644 = ORIENTED_EDGE ( 'NONE', *, *, #1576, .T. ) ;
#3645 = DIRECTION ( 'NONE',  ( 0.000000000000000000, 0.000000000000000000, 1.000000000000000000 ) ) ;
#3646 = AXIS2_PLACEMENT_3D ( 'NONE', #683, #2999, #1055 ) ;
#3647 = LINE ( 'NONE', #3011, #3789 ) ;
#3648 = AXIS2_PLACEMENT_3D ( 'NONE', #106, #171, #427 ) ;
#3649 = DIRECTION ( 'NONE',  ( 0.000000000000000000, 0.000000000000000000, 1.000000000000000000 ) ) ;
#3650 = ORIENTED_EDGE ( 'NONE', *, *, #4268, .F. ) ;
#3651 = EDGE_CURVE ( 'NONE', #2761, #2310, #2289, .T. ) ;
#3652 = AXIS2_PLACEMENT_3D ( 'NONE', #121, #3793, #1472 ) ;
#3653 = CARTESIAN_POINT ( 'NONE',  ( -14.99999999999999645, 5.000000000000000000, -150.5000000000000284 ) ) ;
#3654 = DIRECTION ( 'NONE',  ( -0.000000000000000000, -1.000000000000000000, -0.000000000000000000 ) ) ;
#3655 = ORIENTED_EDGE ( 'NONE', *, *, #4240, .F. ) ;
#3656 = EDGE_LOOP ( 'NONE', ( #1536, #1941 ) ) ;
#3657 = EDGE_CURVE ( 'NONE', #1648, #419, #3647, .T. ) ;
#3658 = ORIENTED_EDGE ( 'NONE', *, *, #2292, .F. ) ;
#3659 = CARTESIAN_POINT ( 'NONE',  ( 0.000000000000000000, 81.99999999999998579, 0.000000000000000000 ) ) ;
#3660 = DIRECTION ( 'NONE',  ( 0.000000000000000000, 1.000000000000000000, 0.000000000000000000 ) ) ;
#3661 = CARTESIAN_POINT ( 'NONE',  ( 60.25000000000012790, 72.00000000000000000, -104.3560611560247793 ) ) ;
#3662 = ORIENTED_EDGE ( 'NONE', *, *, #3309, .F. ) ;
#3663 = EDGE_CURVE ( 'NONE', #158, #3517, #1760, .T. ) ;
#3664 = CARTESIAN_POINT ( 'NONE',  ( -42.28249780744668129, 23.34155320550853929, -112.8381809182705950 ) ) ;
#3665 = FACE_OUTER_BOUND ( 'NONE', #2080, .T. ) ;
#3666 = DIRECTION ( 'NONE',  ( 0.000000000000000000, 0.000000000000000000, 1.000000000000000000 ) ) ;
#3667 = ORIENTED_EDGE ( 'NONE', *, *, #3587, .T. ) ;
#3668 = ORIENTED_EDGE ( 'NONE', *, *, #2774, .F. ) ;
#3669 = DIRECTION ( 'NONE',  ( 0.000000000000000000, 0.000000000000000000, -1.000000000000000000 ) ) ;
#3670 = DIRECTION ( 'NONE',  ( -0.000000000000000000, -1.000000000000000000, -0.000000000000000000 ) ) ;
#3671 = ORIENTED_EDGE ( 'NONE', *, *, #3040, .T. ) ;
#3672 = DIRECTION ( 'NONE',  ( -0.000000000000000000, 1.000000000000000000, -0.000000000000000000 ) ) ;
#3673 = DIRECTION ( 'NONE',  ( -0.2588190451025249583, -0.000000000000000000, -0.9659258262890670910 ) ) ;
#3674 = EDGE_CURVE ( 'NONE', #1987, #4251, #2250, .T. ) ;
#3675 = ORIENTED_EDGE ( 'NONE', *, *, #47, .F. ) ;
#3676 = ORIENTED_EDGE ( 'NONE', *, *, #4070, .T. ) ;
#3677 = DIRECTION ( 'NONE',  ( -0.000000000000000000, -1.000000000000000000, -0.000000000000000000 ) ) ;
#3678 = DIRECTION ( 'NONE',  ( 0.000000000000000000, 1.000000000000000000, 0.000000000000000000 ) ) ;
#3679 = CYLINDRICAL_SURFACE ( 'NONE', #1341, 12.50000000000001066 ) ;
#3680 = EDGE_CURVE ( 'NONE', #1835, #2118, #1045, .T. ) ;
#3681 = EDGE_LOOP ( 'NONE', ( #2688, #395, #315, #2557, #576, #3644 ) ) ;
#3682 = VECTOR ( 'NONE', #4286, 1000.000000000000000 ) ;
#3683 = CARTESIAN_POINT ( 'NONE',  ( -39.78733597029822278, 21.69997964485409625, -113.7421004673522020 ) ) ;
#3684 = DIRECTION ( 'NONE',  ( 0.000000000000000000, 0.000000000000000000, 1.000000000000000000 ) ) ;
#3685 = EDGE_CURVE ( 'NONE', #3911, #1007, #4003, .T. ) ;
#3686 = CARTESIAN_POINT ( 'NONE',  ( -36.86281869209287976, 26.65745825128772495, -114.7231318173977286 ) ) ;
#3687 = VECTOR ( 'NONE', #2639, 1000.000000000000227 ) ;
#3688 = VERTEX_POINT ( 'NONE', #2706 ) ;
#3689 = ORIENTED_EDGE ( 'NONE', *, *, #2779, .F. ) ;
#3690 = DIRECTION ( 'NONE',  ( -0.000000000000000000, 1.000000000000000000, -0.000000000000000000 ) ) ;
#3691 = CYLINDRICAL_SURFACE ( 'NONE', #1962, 155.5000000000000284 ) ;
#3692 = CARTESIAN_POINT ( 'NONE',  ( -67.76735372652986200, 72.00000000000000000, -196.3387103335908250 ) ) ;
#3693 = EDGE_LOOP ( 'NONE', ( #529, #2262, #3469, #2026 ) ) ;
#3694 = DIRECTION ( 'NONE',  ( -0.000000000000000000, 1.000000000000000000, -0.000000000000000000 ) ) ;
#3695 = CARTESIAN_POINT ( 'NONE',  ( 97.75000000000019895, 0.000000000000000000, -169.3079664398576654 ) ) ;
#3696 = ORIENTED_EDGE ( 'NONE', *, *, #877, .F. ) ;
#3697 = ORIENTED_EDGE ( 'NONE', *, *, #1757, .T. ) ;
#3698 = CARTESIAN_POINT ( 'NONE',  ( 78.39568755290000013, 72.00000000000000000, -168.1200944952985310 ) ) ;
#3699 = CARTESIAN_POINT ( 'NONE',  ( 0.000000000000000000, 20.00000000000000355, 0.000000000000000000 ) ) ;
#3700 = CARTESIAN_POINT ( 'NONE',  ( -65.71713970067911248, 10.00000000000000000, -140.9308608841989212 ) ) ;
#3701 = CARTESIAN_POINT ( 'NONE',  ( 0.000000000000000000, 81.99999999999998579, 0.000000000000000000 ) ) ;
#3702 = EDGE_LOOP ( 'NONE', ( #1813, #490, #2627, #3883 ) ) ;
#3703 = EDGE_CURVE ( 'NONE', #911, #2801, #3089, .T. ) ;
#3704 = CARTESIAN_POINT ( 'NONE',  ( -41.14187909890127770, 22.13431585448694605, -113.2591192908245432 ) ) ;
#3705 = DIRECTION ( 'NONE',  ( 0.000000000000000000, 1.000000000000000000, 0.000000000000000000 ) ) ;
#3706 = CARTESIAN_POINT ( 'NONE',  ( -42.38005443381911874, 26.46496292374214576, -112.8015422650013875 ) ) ;
#3707 = EDGE_LOOP ( 'NONE', ( #365, #2305 ) ) ;
#3708 = VERTEX_POINT ( 'NONE', #2686 ) ;
#3709 = ADVANCED_FACE ( 'NONE', ( #3713 ), #3691, .F. ) ;
#3710 = ADVANCED_FACE ( 'NONE', ( #3317 ), #695, .F. ) ;
#3711 = VECTOR ( 'NONE', #357, 1000.000000000000114 ) ;
#3712 = DIRECTION ( 'NONE',  ( -0.000000000000000000, -1.000000000000000000, -0.000000000000000000 ) ) ;
#3713 = FACE_OUTER_BOUND ( 'NONE', #2065, .T. ) ;
#3714 = CARTESIAN_POINT ( 'NONE',  ( 0.000000000000000000, 81.99999999999998579, 0.000000000000000000 ) ) ;
#3715 = CIRCLE ( 'NONE', #1060, 185.5000000000000568 ) ;
#3716 = CIRCLE ( 'NONE', #1201, 155.5000000000000284 ) ;
#3717 = EDGE_LOOP ( 'NONE', ( #538, #1317 ) ) ;
#3718 = EDGE_CURVE ( 'NONE', #754, #3599, #4141, .T. ) ;
#3719 = AXIS2_PLACEMENT_3D ( 'NONE', #921, #4266, #1580 ) ;
#3720 = CIRCLE ( 'NONE', #2949, 170.5000000000000853 ) ;
#3721 = CARTESIAN_POINT ( 'NONE',  ( 38.77286064387354259, 60.19513328077250947, -114.0918961488087859 ) ) ;
#3722 = DIRECTION ( 'NONE',  ( 0.000000000000000000, 1.000000000000000000, 0.000000000000000000 ) ) ;
#3723 = VERTEX_POINT ( 'NONE', #1957 ) ;
#3724 = VERTEX_POINT ( 'NONE', #4319 ) ;
#3725 = CARTESIAN_POINT ( 'NONE',  ( 0.000000000000000000, 0.000000000000000000, 0.000000000000000000 ) ) ;
#3726 = DIRECTION ( 'NONE',  ( 0.000000000000000000, 0.000000000000000000, -1.000000000000000000 ) ) ;
#3727 = CARTESIAN_POINT ( 'NONE',  ( 0.000000000000000000, 10.00000000000000000, 0.000000000000000000 ) ) ;
#3728 = ORIENTED_EDGE ( 'NONE', *, *, #246, .T. ) ;
#3729 = CARTESIAN_POINT ( 'NONE',  ( -39.17269361108149894, 21.72131800928053025, -113.9552310987439085 ) ) ;
#3730 = CYLINDRICAL_SURFACE ( 'NONE', #4004, 2.000000000000001776 ) ;
#3731 = CARTESIAN_POINT ( 'NONE',  ( 0.000000000000000000, 20.00000000000000355, 0.000000000000000000 ) ) ;
#3732 = ORIENTED_EDGE ( 'NONE', *, *, #3226, .F. ) ;
#3733 = ORIENTED_EDGE ( 'NONE', *, *, #2347, .F. ) ;
#3734 = CARTESIAN_POINT ( 'NONE',  ( -73.60711329313414808, 81.99999999999998579, -188.2210007918386623 ) ) ;
#3735 = DIRECTION ( 'NONE',  ( 0.000000000000000000, 0.000000000000000000, -1.000000000000000000 ) ) ;
#3736 = CARTESIAN_POINT ( 'NONE',  ( -14.99999999999999645, 10.00000000000000000, -165.5000000000000284 ) ) ;
#3737 = EDGE_CURVE ( 'NONE', #1525, #803, #3295, .T. ) ;
#3738 = ORIENTED_EDGE ( 'NONE', *, *, #2699, .F. ) ;
#3739 = CARTESIAN_POINT ( 'NONE',  ( 41.14537968579463723, 59.86351288484848254, -113.2578468583176203 ) ) ;
#3740 = DIRECTION ( 'NONE',  ( 0.000000000000000000, 0.000000000000000000, 1.000000000000000000 ) ) ;
#3741 = EDGE_CURVE ( 'NONE', #310, #1847, #3506, .T. ) ;
#3742 = ORIENTED_EDGE ( 'NONE', *, *, #3868, .T. ) ;
#3743 = ORIENTED_EDGE ( 'NONE', *, *, #1942, .T. ) ;
#3744 = CARTESIAN_POINT ( 'NONE',  ( 39.99448692079243273, 53.72189331200975460, -113.6694136981199108 ) ) ;
#3745 = CARTESIAN_POINT ( 'NONE',  ( 15.00000000000000355, 5.000000000000000000, -150.5000000000000284 ) ) ;
#3746 = DIRECTION ( 'NONE',  ( 0.000000000000000000, -1.000000000000000000, 0.000000000000000000 ) ) ;
#3747 = ORIENTED_EDGE ( 'NONE', *, *, #3202, .F. ) ;
#3748 = CARTESIAN_POINT ( 'NONE',  ( -59.12955738187360311, 0.000000000000000000, -143.8191414375142188 ) ) ;
#3749 = CARTESIAN_POINT ( 'NONE',  ( -52.39463284441563218, 45.35533905932756227, -154.3496111077021737 ) ) ;
#3750 = DIRECTION ( 'NONE',  ( 0.000000000000000000, 0.000000000000000000, -1.000000000000000000 ) ) ;
#3751 = ORIENTED_EDGE ( 'NONE', *, *, #3580, .T. ) ;
#3752 = CARTESIAN_POINT ( 'NONE',  ( 43.74260427277704366, 54.13650669771795521, -122.9506677130454335 ) ) ;
#3753 = CARTESIAN_POINT ( 'NONE',  ( 70.25000000000012790, 20.00000000000000355, -121.6765692317135716 ) ) ;
#3754 = VECTOR ( 'NONE', #3898, 1000.000000000000000 ) ;
#3755 = DIRECTION ( 'NONE',  ( -0.000000000000000000, -1.000000000000000000, -0.000000000000000000 ) ) ;
#3756 = ORIENTED_EDGE ( 'NONE', *, *, #588, .F. ) ;
#3757 = CIRCLE ( 'NONE', #4249, 6.450000000000011724 ) ;
#3758 = EDGE_CURVE ( 'NONE', #734, #1979, #1823, .T. ) ;
#3759 = CARTESIAN_POINT ( 'NONE',  ( 38.57536237642233345, 60.13202363598649924, -114.1587973756973042 ) ) ;
#3760 = LINE ( 'NONE', #2798, #682 ) ;
#3761 = AXIS2_PLACEMENT_3D ( 'NONE', #1112, #3081, #3406 ) ;
#3762 = ORIENTED_EDGE ( 'NONE', *, *, #805, .F. ) ;
#3763 = ORIENTED_EDGE ( 'NONE', *, *, #2779, .T. ) ;
#3764 = EDGE_CURVE ( 'NONE', #2085, #2310, #1633, .T. ) ;
#3765 = ADVANCED_FACE ( 'NONE', ( #2088 ), #1090, .F. ) ;
#3766 = AXIS2_PLACEMENT_3D ( 'NONE', #3505, #2017, #528 ) ;
#3767 = CARTESIAN_POINT ( 'NONE',  ( 41.48326883727614955, 54.37583171642943825, -113.1345250697440719 ) ) ;
#3768 = CARTESIAN_POINT ( 'NONE',  ( 40.14954838551813765, 10.00000000000000000, -181.1029093207476990 ) ) ;
#3769 = CARTESIAN_POINT ( 'NONE',  ( 59.37786577456844128, 81.99999999999998579, -127.3362440786492442 ) ) ;
#3770 = VERTEX_POINT ( 'NONE', #2547 ) ;
#3771 =( NAMED_UNIT ( * ) SI_UNIT ( $, .STERADIAN. ) SOLID_ANGLE_UNIT ( ) );
#3772 = DIRECTION ( 'NONE',  ( -0.000000000000000000, 1.000000000000000000, -0.000000000000000000 ) ) ;
#3773 = CARTESIAN_POINT ( 'NONE',  ( -38.01465621055670141, 27.86501556376579103, -114.3467010824042660 ) ) ;
#3774 = VERTEX_POINT ( 'NONE', #866 ) ;
#3775 = CARTESIAN_POINT ( 'NONE',  ( 52.39463284441546875, 72.00000000000000000, -154.3496111077022306 ) ) ;
#3776 = AXIS2_PLACEMENT_3D ( 'NONE', #703, #4133, #133 ) ;
#3777 = DIRECTION ( 'NONE',  ( 0.000000000000000000, 1.000000000000000000, -0.000000000000000000 ) ) ;
#3778 = DIRECTION ( 'NONE',  ( 0.000000000000000000, 1.000000000000000000, 0.000000000000000000 ) ) ;
#3779 = AXIS2_PLACEMENT_3D ( 'NONE', #1437, #4126, #2771 ) ;
#3780 = ORIENTED_EDGE ( 'NONE', *, *, #1706, .F. ) ;
#3781 = CARTESIAN_POINT ( 'NONE',  ( 0.000000000000000000, 10.00000000000000000, 0.000000000000000000 ) ) ;
#3782 = VECTOR ( 'NONE', #1972, 1000.000000000000000 ) ;
#3783 = CARTESIAN_POINT ( 'NONE',  ( 42.67475290414929390, 57.43474141913096531, -112.6903601435696487 ) ) ;
#3784 = AXIS2_PLACEMENT_3D ( 'NONE', #3573, #531, #3199 ) ;
#3785 = FACE_OUTER_BOUND ( 'NONE', #2426, .T. ) ;
#3786 = EDGE_CURVE ( 'NONE', #2008, #46, #3642, .T. ) ;
#3787 = ORIENTED_EDGE ( 'NONE', *, *, #558, .T. ) ;
#3788 = ORIENTED_EDGE ( 'NONE', *, *, #4132, .F. ) ;
#3789 = VECTOR ( 'NONE', #1723, 1000.000000000000000 ) ;
#3790 = AXIS2_PLACEMENT_3D ( 'NONE', #1048, #373, #4095 ) ;
#3791 = CARTESIAN_POINT ( 'NONE',  ( -30.40976575830357476, 10.00000000000000000, -137.1695890003506122 ) ) ;
#3792 = CARTESIAN_POINT ( 'NONE',  ( 52.39463284441546165, 45.35533905932756227, -154.3496111077022590 ) ) ;
#3793 = DIRECTION ( 'NONE',  ( 0.000000000000000000, 1.000000000000000000, -0.000000000000000000 ) ) ;
#3794 = CIRCLE ( 'NONE', #3939, 170.5000000000000853 ) ;
#3795 = ADVANCED_FACE ( 'NONE', ( #411 ), #781, .F. ) ;
#3796 = ORIENTED_EDGE ( 'NONE', *, *, #1015, .T. ) ;
#3797 = CIRCLE ( 'NONE', #3014, 2.000000000000001776 ) ;
#3798 = CARTESIAN_POINT ( 'NONE',  ( 59.37786577456843418, 10.00000000000000000, -127.3362440786492442 ) ) ;
#3799 = LINE ( 'NONE', #2501, #3024 ) ;
#3800 = EDGE_CURVE ( 'NONE', #545, #46, #757, .T. ) ;
#3801 = ORIENTED_EDGE ( 'NONE', *, *, #2668, .T. ) ;
#3802 = CARTESIAN_POINT ( 'NONE',  ( 43.56016696606165794, 54.03329548747814215, -123.0154539026392797 ) ) ;
#3803 = CARTESIAN_POINT ( 'NONE',  ( 20.29682289021804920, 81.99999999999998579, -154.1696759436275670 ) ) ;
#3804 = VERTEX_POINT ( 'NONE', #553 ) ;
#3805 = DIRECTION ( 'NONE',  ( 0.000000000000000000, 1.000000000000000000, 0.000000000000000000 ) ) ;
#3806 = CARTESIAN_POINT ( 'NONE',  ( 36.76453212236215506, 58.46530083348198303, -114.7546342798776919 ) ) ;
#3807 = CARTESIAN_POINT ( 'NONE',  ( -20.29682289021814867, 72.00000000000000000, -154.1696759436275102 ) ) ;
#3808 = ORIENTED_EDGE ( 'NONE', *, *, #1918, .T. ) ;
#3809 = ORIENTED_EDGE ( 'NONE', *, *, #549, .F. ) ;
#3810 = CARTESIAN_POINT ( 'NONE',  ( 41.14531807988340262, 54.13639416034528296, -113.2578701737212299 ) ) ;
#3811 = DIRECTION ( 'NONE',  ( 0.2164396139381033757, -0.000000000000000000, -0.9762960071199331402 ) ) ;
#3812 = CYLINDRICAL_SURFACE ( 'NONE', #1684, 185.5000000000000568 ) ;
#3813 = EDGE_LOOP ( 'NONE', ( #3858, #671, #1759, #180 ) ) ;
#3814 = EDGE_CURVE ( 'NONE', #545, #1373, #3436, .T. ) ;
#3815 = DIRECTION ( 'NONE',  ( -0.000000000000000000, 1.000000000000000000, -0.000000000000000000 ) ) ;
#3816 = DIRECTION ( 'NONE',  ( 0.000000000000000000, 0.000000000000000000, 1.000000000000000000 ) ) ;
#3817 = ORIENTED_EDGE ( 'NONE', *, *, #1208, .F. ) ;
#3818 = EDGE_CURVE ( 'NONE', #2904, #1035, #2944, .T. ) ;
#3819 = DIRECTION ( 'NONE',  ( 0.000000000000000000, -0.7071067811865597852, -0.7071067811865352493 ) ) ;
#3820 = CYLINDRICAL_SURFACE ( 'NONE', #413, 195.5000000000000000 ) ;
#3821 = EDGE_LOOP ( 'NONE', ( #3298, #3218, #2390, #575 ) ) ;
#3822 = FACE_OUTER_BOUND ( 'NONE', #280, .T. ) ;
#3823 = AXIS2_PLACEMENT_3D ( 'NONE', #1379, #3654, #2712 ) ;
#3824 = PLANE ( 'NONE',  #645 ) ;
#3825 = CARTESIAN_POINT ( 'NONE',  ( -52.39463284441563218, 0.000000000000000000, -154.3496111077021737 ) ) ;
#3826 = VERTEX_POINT ( 'NONE', #3404 ) ;
#3827 = CIRCLE ( 'NONE', #3061, 140.5000000000000000 ) ;
#3828 = ORIENTED_EDGE ( 'NONE', *, *, #2188, .T. ) ;
#3829 = CARTESIAN_POINT ( 'NONE',  ( -40.60663107907964786, 22.13522704996355017, -124.0217062621134261 ) ) ;
#3830 = AXIS2_PLACEMENT_3D ( 'NONE', #1805, #3839, #4173 ) ;
#3831 = CARTESIAN_POINT ( 'NONE',  ( 40.64091420145725664, 0.000000000000000000, -150.0951901057119073 ) ) ;
#3832 = DIRECTION ( 'NONE',  ( 0.000000000000000000, 0.000000000000000000, 1.000000000000000000 ) ) ;
#3833 = VERTEX_POINT ( 'NONE', #88 ) ;
#3834 = LINE ( 'NONE', #3180, #1617 ) ;
#3835 = DIRECTION ( 'NONE',  ( -0.000000000000000000, 1.000000000000000000, -0.000000000000000000 ) ) ;
#3836 = ORIENTED_EDGE ( 'NONE', *, *, #3308, .F. ) ;
#3837 = EDGE_CURVE ( 'NONE', #503, #3355, #3532, .T. ) ;
#3838 = CARTESIAN_POINT ( 'NONE',  ( 44.88272119688713246, 55.34326327166552062, -122.5389968315816276 ) ) ;
#3839 = DIRECTION ( 'NONE',  ( 0.000000000000000000, 1.000000000000000000, 0.000000000000000000 ) ) ;
#3840 = ADVANCED_FACE ( 'NONE', ( #111 ), #3552, .F. ) ;
#3841 = ADVANCED_FACE ( 'NONE', ( #1540 ), #1438, .T. ) ;
#3842 = ORIENTED_EDGE ( 'NONE', *, *, #1069, .T. ) ;
#3843 = AXIS2_PLACEMENT_3D ( 'NONE', #1203, #2135, #176 ) ;
#3844 = CARTESIAN_POINT ( 'NONE',  ( -30.40976575830357476, 0.000000000000000000, -137.1695890003506122 ) ) ;
#3845 = CARTESIAN_POINT ( 'NONE',  ( 15.00000000000000355, 5.025000000000002132, -163.8000000000000398 ) ) ;
#3846 = DIRECTION ( 'NONE',  ( -0.000000000000000000, -1.000000000000000000, -0.000000000000000000 ) ) ;
#3847 = VECTOR ( 'NONE', #1176, 1000.000000000000000 ) ;
#3848 = EDGE_CURVE ( 'NONE', #2420, #2397, #2526, .T. ) ;
#3849 = ORIENTED_EDGE ( 'NONE', *, *, #2458, .T. ) ;
#3850 = EDGE_LOOP ( 'NONE', ( #3096, #2877, #3742, #855, #1779, #172, #1973 ) ) ;
#3851 = AXIS2_PLACEMENT_3D ( 'NONE', #3325, #945, #1299 ) ;
#3852 = CARTESIAN_POINT ( 'NONE',  ( -39.68213313046499024, 22.98523482257368400, -124.3205239371046815 ) ) ;
#3853 = FACE_OUTER_BOUND ( 'NONE', #3216, .T. ) ;
#3854 = DIRECTION ( 'NONE',  ( 0.000000000000000000, 0.000000000000000000, -1.000000000000000000 ) ) ;
#3855 = CARTESIAN_POINT ( 'NONE',  ( -78.39568755290005697, 0.000000000000000000, -168.1200944952984742 ) ) ;
#3856 = VECTOR ( 'NONE', #128, 1000.000000000000227 ) ;
#3857 = CIRCLE ( 'NONE', #2527, 12.50000000000006750 ) ;
#3858 = ORIENTED_EDGE ( 'NONE', *, *, #2590, .F. ) ;
#3859 = ORIENTED_EDGE ( 'NONE', *, *, #4172, .F. ) ;
#3860 = AXIS2_PLACEMENT_3D ( 'NONE', #3879, #1840, #1795 ) ;
#3861 = CARTESIAN_POINT ( 'NONE',  ( -72.05641362678953499, 72.00000000000000000, -154.5254776897487261 ) ) ;
#3862 = AXIS2_PLACEMENT_3D ( 'NONE', #2129, #3468, #1801 ) ;
#3863 = CARTESIAN_POINT ( 'NONE',  ( -78.39568755290005697, 0.000000000000000000, -168.1200944952984742 ) ) ;
#3864 = PLANE ( 'NONE',  #3589 ) ;
#3865 = ORIENTED_EDGE ( 'NONE', *, *, #33, .T. ) ;
#3866 = AXIS2_PLACEMENT_3D ( 'NONE', #599, #1587, #4214 ) ;
#3867 = CARTESIAN_POINT ( 'NONE',  ( 15.00000000000000355, 5.025000000000002132, -148.8000000000000114 ) ) ;
#3868 = EDGE_CURVE ( 'NONE', #1478, #1736, #2038, .T. ) ;
#3869 = CARTESIAN_POINT ( 'NONE',  ( 52.39463284441546875, 9.999999999999994671, -157.0996111077022022 ) ) ;
#3870 = EDGE_LOOP ( 'NONE', ( #2838, #4270, #636, #1263 ) ) ;
#3871 = DIRECTION ( 'NONE',  ( 0.000000000000000000, 0.000000000000000000, -1.000000000000000000 ) ) ;
#3872 = EDGE_CURVE ( 'NONE', #1946, #515, #1220, .T. ) ;
#3873 = DIRECTION ( 'NONE',  ( 0.000000000000000000, 0.000000000000000000, 1.000000000000000000 ) ) ;
#3874 = PLANE ( 'NONE',  #1246 ) ;
#3875 = EDGE_LOOP ( 'NONE', ( #2794, #2163 ) ) ;
#3876 = ORIENTED_EDGE ( 'NONE', *, *, #1522, .T. ) ;
#3877 = EDGE_CURVE ( 'NONE', #2961, #2449, #3997, .T. ) ;
#3878 = CARTESIAN_POINT ( 'NONE',  ( -39.19651877681083363, 23.93613019382615192, -124.4744544794664165 ) ) ;
#3879 = CARTESIAN_POINT ( 'NONE',  ( 59.37786577456843418, 10.00000000000000000, -127.3362440786492442 ) ) ;
#3880 = DIRECTION ( 'NONE',  ( 0.000000000000000000, -0.000000000000000000, 1.000000000000000000 ) ) ;
#3881 = DIRECTION ( 'NONE',  ( 0.000000000000000000, 1.000000000000000000, 0.000000000000000000 ) ) ;
#3882 = VERTEX_POINT ( 'NONE', #3863 ) ;
#3883 = ORIENTED_EDGE ( 'NONE', *, *, #3466, .T. ) ;
#3884 = LINE ( 'NONE', #1604, #288 ) ;
#3885 = LINE ( 'NONE', #885, #2740 ) ;
#3886 = FACE_OUTER_BOUND ( 'NONE', #2986, .T. ) ;
#3887 = ORIENTED_EDGE ( 'NONE', *, *, #2538, .F. ) ;
#3888 = LINE ( 'NONE', #1891, #82 ) ;
#3889 = FACE_OUTER_BOUND ( 'NONE', #3315, .T. ) ;
#3890 = ORIENTED_EDGE ( 'NONE', *, *, #1364, .T. ) ;
#3891 = CARTESIAN_POINT ( 'NONE',  ( -36.90295417644669840, 10.00000000000000000, -166.4584692139486322 ) ) ;
#3892 = CARTESIAN_POINT ( 'NONE',  ( 15.00000000000000355, 5.000000000000000000, -148.8000000000000114 ) ) ;
#3893 = DIRECTION ( 'NONE',  ( 0.000000000000000000, 0.000000000000000000, -1.000000000000000000 ) ) ;
#3894 = VERTEX_POINT ( 'NONE', #2197 ) ;
#3895 = EDGE_LOOP ( 'NONE', ( #1666, #247, #3077, #816 ) ) ;
#3896 = EDGE_CURVE ( 'NONE', #931, #2816, #2596, .T. ) ;
#3897 = CARTESIAN_POINT ( 'NONE',  ( -45.27517478593455280, 24.56706086097124953, -122.3944865100035742 ) ) ;
#3898 = DIRECTION ( 'NONE',  ( 0.000000000000000000, -0.7071067811865597852, -0.7071067811865352493 ) ) ;
#3899 = FACE_OUTER_BOUND ( 'NONE', #1075, .T. ) ;
#3900 = AXIS2_PLACEMENT_3D ( 'NONE', #831, #895, #1529 ) ;
#3901 = ORIENTED_EDGE ( 'NONE', *, *, #1582, .F. ) ;
#3902 = EDGE_CURVE ( 'NONE', #2406, #2, #3885, .T. ) ;
#3903 = EDGE_CURVE ( 'NONE', #1926, #1119, #1565, .T. ) ;
#3904 = ORIENTED_EDGE ( 'NONE', *, *, #2483, .T. ) ;
#3905 = VECTOR ( 'NONE', #1159, 1000.000000000000227 ) ;
#3906 = LINE ( 'NONE', #904, #3361 ) ;
#3907 = DIRECTION ( 'NONE',  ( 0.2588190451025244587, -0.000000000000000000, -0.9659258262890672020 ) ) ;
#3908 = APPLICATION_CONTEXT ( 'automotive_design' ) ;
#3909 = LINE ( 'NONE', #4188, #2662 ) ;
#3910 = AXIS2_PLACEMENT_3D ( 'NONE', #1977, #997, #3666 ) ;
#3911 = VERTEX_POINT ( 'NONE', #1320 ) ;
#3912 = DIRECTION ( 'NONE',  ( 0.000000000000000000, 1.000000000000000000, 0.000000000000000000 ) ) ;
#3913 = CARTESIAN_POINT ( 'NONE',  ( 60.25000000000012790, 81.99999999999998579, -104.3560611560247793 ) ) ;
#3914 = PLANE ( 'NONE',  #2866 ) ;
#3915 = CARTESIAN_POINT ( 'NONE',  ( -52.39463284441555402, 81.99999999999998579, -151.5996111077022022 ) ) ;
#3916 = CARTESIAN_POINT ( 'NONE',  ( 15.00000000000000355, 5.000000000000000000, -150.5000000000000284 ) ) ;
#3917 = ORIENTED_EDGE ( 'NONE', *, *, #2979, .T. ) ;
#3918 = ORIENTED_EDGE ( 'NONE', *, *, #2539, .T. ) ;
#3919 = DIRECTION ( 'NONE',  ( 0.000000000000000000, 1.000000000000000000, 0.000000000000000000 ) ) ;
#3920 = VECTOR ( 'NONE', #3046, 1000.000000000000114 ) ;
#3921 = DIRECTION ( 'NONE',  ( 0.000000000000000000, 0.000000000000000000, 1.000000000000000000 ) ) ;
#3922 = CARTESIAN_POINT ( 'NONE',  ( -36.90295417644662734, 10.00000000000000000, -166.4584692139486606 ) ) ;
#3923 = EDGE_CURVE ( 'NONE', #3708, #3688, #1989, .T. ) ;
#3924 = ORIENTED_EDGE ( 'NONE', *, *, #1890, .F. ) ;
#3925 = AXIS2_PLACEMENT_3D ( 'NONE', #2221, #2617, #1521 ) ;
#3926 = ORIENTED_EDGE ( 'NONE', *, *, #853, .T. ) ;
#3927 = DIRECTION ( 'NONE',  ( -0.000000000000000000, 1.000000000000000000, -0.000000000000000000 ) ) ;
#3928 = CARTESIAN_POINT ( 'NONE',  ( 43.74257201968562470, 59.86356882940333435, -122.9506800550128247 ) ) ;
#3929 = DIRECTION ( 'NONE',  ( -0.000000000000000000, 1.000000000000000000, -0.000000000000000000 ) ) ;
#3930 = ADVANCED_FACE ( 'NONE', ( #3284 ), #988, .F. ) ;
#3931 = CIRCLE ( 'NONE', #437, 2.749999999999974687 ) ;
#3932 = ORIENTED_EDGE ( 'NONE', *, *, #1676, .F. ) ;
#3933 = VECTOR ( 'NONE', #3122, 1000.000000000000000 ) ;
#3934 = VECTOR ( 'NONE', #541, 1000.000000000000000 ) ;
#3935 = DIRECTION ( 'NONE',  ( -0.000000000000000000, -1.000000000000000000, -0.000000000000000000 ) ) ;
#3936 = EDGE_CURVE ( 'NONE', #2145, #4148, #271, .T. ) ;
#3937 = CARTESIAN_POINT ( 'NONE',  ( -42.59592549987373644, 25.85532746888598510, -112.7201797138881858 ) ) ;
#3938 = CIRCLE ( 'NONE', #578, 195.5000000000000000 ) ;
#3939 = AXIS2_PLACEMENT_3D ( 'NONE', #4312, #1370, #1324 ) ;
#3940 = ORIENTED_EDGE ( 'NONE', *, *, #1603, .T. ) ;
#3941 = CARTESIAN_POINT ( 'NONE',  ( 15.00000000000000355, 5.000000000000000000, -165.5000000000000284 ) ) ;
#3942 = CARTESIAN_POINT ( 'NONE',  ( -52.39463284441555402, 81.99999999999998579, -157.0996111077021453 ) ) ;
#3943 = ORIENTED_EDGE ( 'NONE', *, *, #2666, .T. ) ;
#3944 = DIRECTION ( 'NONE',  ( 0.000000000000000000, 0.000000000000000000, -1.000000000000000000 ) ) ;
#3945 =( LENGTH_UNIT ( ) NAMED_UNIT ( * ) SI_UNIT ( .MILLI., .METRE. ) );
#3946 = CARTESIAN_POINT ( 'NONE',  ( -14.99999999999999645, 5.000000000000000000, -167.2250000000000512 ) ) ;
#3947 = ORIENTED_EDGE ( 'NONE', *, *, #2183, .F. ) ;
#3948 = CARTESIAN_POINT ( 'NONE',  ( -41.96940149378207963, 28.29995541768187195, -123.5672563152995451 ) ) ;
#3949 = CARTESIAN_POINT ( 'NONE',  ( 40.14954838551813765, 81.99999999999998579, -181.1029093207476990 ) ) ;
#3950 = CARTESIAN_POINT ( 'NONE',  ( 52.39463284441546165, 0.000000000000000000, -166.8496111077022590 ) ) ;
#3951 = VERTEX_POINT ( 'NONE', #618 ) ;
#3952 = EDGE_CURVE ( 'NONE', #419, #2931, #332, .T. ) ;
#3953 = CARTESIAN_POINT ( 'NONE',  ( -42.69510015324296148, 25.00000000000000355, -112.6826447280349868 ) ) ;
#3954 = CARTESIAN_POINT ( 'NONE',  ( -68.76713373690311926, 72.00000000000000000, -195.1475510078744833 ) ) ;
#3955 = ORIENTED_EDGE ( 'NONE', *, *, #2051, .F. ) ;
#3956 = EDGE_CURVE ( 'NONE', #1567, #2145, #2879, .T. ) ;
#3957 = DIRECTION ( 'NONE',  ( 0.000000000000000000, 0.000000000000000000, -1.000000000000000000 ) ) ;
#3958 = DIRECTION ( 'NONE',  ( 0.000000000000000000, 0.000000000000000000, 1.000000000000000000 ) ) ;
#3959 = ORIENTED_EDGE ( 'NONE', *, *, #2271, .F. ) ;
#3960 = DIRECTION ( 'NONE',  ( 0.2164396139381082329, -0.000000000000000000, 0.9762960071199321410 ) ) ;
#3961 = CARTESIAN_POINT ( 'NONE',  ( 18.49999999999997868, 5.000000000000000000, -169.2500000000000000 ) ) ;
#3962 = ORIENTED_EDGE ( 'NONE', *, *, #3651, .T. ) ;
#3963 = VERTEX_POINT ( 'NONE', #2629 ) ;
#3964 = CARTESIAN_POINT ( 'NONE',  ( -40.60655543885014396, 27.86478353024377341, -124.0217318915244959 ) ) ;
#3965 = CIRCLE ( 'NONE', #1591, 1.700000000000007061 ) ;
#3966 = CARTESIAN_POINT ( 'NONE',  ( 44.24128475932153748, 59.48483501578106569, -122.7720733646760038 ) ) ;
#3967 = DIRECTION ( 'NONE',  ( 0.000000000000000000, 0.000000000000000000, 1.000000000000000000 ) ) ;
#3968 = EDGE_LOOP ( 'NONE', ( #2488, #329, #3162, #2800 ) ) ;
#3969 = AXIS2_PLACEMENT_3D ( 'NONE', #2273, #627, #3297 ) ;
#3970 = CARTESIAN_POINT ( 'NONE',  ( -42.69510015324296148, 25.00000000000000355, -112.6826447280349868 ) ) ;
#3971 = DIRECTION ( 'NONE',  ( -0.000000000000000000, -1.000000000000000000, -0.000000000000000000 ) ) ;
#3972 = EDGE_CURVE ( 'NONE', #2738, #276, #2612, .T. ) ;
#3973 = VERTEX_POINT ( 'NONE', #4255 ) ;
#3974 = TOROIDAL_SURFACE ( 'NONE', #1458, 140.5000000000000000, 10.00000000000000000 ) ;
#3975 = CARTESIAN_POINT ( 'NONE',  ( 39.13616867224785523, 56.14478071300710837, -124.4934217952124413 ) ) ;
#3976 = CARTESIAN_POINT ( 'NONE',  ( 59.37786577456843418, 10.00000000000000000, -127.3362440786492442 ) ) ;
#3977 = FACE_OUTER_BOUND ( 'NONE', #740, .T. ) ;
#3978 = EDGE_CURVE ( 'NONE', #1202, #940, #1625, .T. ) ;
#3979 = EDGE_LOOP ( 'NONE', ( #2993, #4068, #2892, #1402 ) ) ;
#3980 = CARTESIAN_POINT ( 'NONE',  ( 0.000000000000000000, 10.00000000000000000, 0.000000000000000000 ) ) ;
#3981 = DIRECTION ( 'NONE',  ( -0.000000000000000000, -1.000000000000000000, -0.000000000000000000 ) ) ;
#3982 = EDGE_CURVE ( 'NONE', #4281, #482, #4272, .T. ) ;
#3983 = ORIENTED_EDGE ( 'NONE', *, *, #2553, .F. ) ;
#3984 = ORIENTED_EDGE ( 'NONE', *, *, #1598, .T. ) ;
#3985 = EDGE_LOOP ( 'NONE', ( #2324, #3034, #798, #3266, #4112, #1509, #3918, #3310, #2180, #2367, #2186, #2338, #3890, #833, #260, #764, #2910, #4076 ) ) ;
#3986 = VECTOR ( 'NONE', #2534, 1000.000000000000000 ) ;
#3987 = CARTESIAN_POINT ( 'NONE',  ( -18.50000000000002132, 0.000000000000000000, -146.7500000000000284 ) ) ;
#3988 = DIRECTION ( 'NONE',  ( -0.2164396139381029871, 0.000000000000000000, 0.9762960071199332512 ) ) ;
#3989 = CARTESIAN_POINT ( 'NONE',  ( 72.05641362678947814, 0.000000000000000000, -154.5254776897487830 ) ) ;
#3990 = AXIS2_PLACEMENT_3D ( 'NONE', #1223, #258, #3268 ) ;
#3991 = ORIENTED_EDGE ( 'NONE', *, *, #2214, .F. ) ;
#3992 = CARTESIAN_POINT ( 'NONE',  ( -42.05539157910111214, 22.98178983007328569, -112.9230212707291940 ) ) ;
#3993 = CIRCLE ( 'NONE', #12, 185.5000000000000568 ) ;
#3994 = LINE ( 'NONE', #61, #1832 ) ;
#3995 = DIRECTION ( 'NONE',  ( -0.000000000000000000, -1.000000000000000000, -0.000000000000000000 ) ) ;
#3996 = EDGE_LOOP ( 'NONE', ( #150, #3738, #257, #3917 ) ) ;
#3997 = CIRCLE ( 'NONE', #1204, 1.700000000000007061 ) ;
#3998 = AXIS2_PLACEMENT_3D ( 'NONE', #4009, #1005, #3365 ) ;
#3999 = ORIENTED_EDGE ( 'NONE', *, *, #4056, .F. ) ;
#4000 = EDGE_CURVE ( 'NONE', #1556, #276, #4227, .T. ) ;
#4001 = LINE ( 'NONE', #1329, #1474 ) ;
#4002 = CIRCLE ( 'NONE', #3367, 12.50000000000001066 ) ;
#4003 = LINE ( 'NONE', #3625, #153 ) ;
#4004 = AXIS2_PLACEMENT_3D ( 'NONE', #2332, #3705, #317 ) ;
#4005 = FACE_OUTER_BOUND ( 'NONE', #4023, .T. ) ;
#4006 = ORIENTED_EDGE ( 'NONE', *, *, #2979, .F. ) ;
#4007 = AXIS2_PLACEMENT_3D ( 'NONE', #867, #2198, #3049 ) ;
#4008 = EDGE_CURVE ( 'NONE', #1445, #4281, #3715, .T. ) ;
#4009 = CARTESIAN_POINT ( 'NONE',  ( 15.00000000000000355, 5.025000000000002132, -150.5000000000000284 ) ) ;
#4010 = FACE_OUTER_BOUND ( 'NONE', #793, .T. ) ;
#4011 = ORIENTED_EDGE ( 'NONE', *, *, #1396, .T. ) ;
#4012 = EDGE_LOOP ( 'NONE', ( #1555, #3926, #1548, #1571 ) ) ;
#4013 = ORIENTED_EDGE ( 'NONE', *, *, #2214, .T. ) ;
#4014 = ADVANCED_FACE ( 'NONE', ( #4033 ), #1663, .F. ) ;
#4015 = CARTESIAN_POINT ( 'NONE',  ( -40.26466404091803497, 27.62517449133233072, -124.1331509132576230 ) ) ;
#4016 = DIRECTION ( 'NONE',  ( 0.000000000000000000, 0.000000000000000000, 1.000000000000000000 ) ) ;
#4017 = CARTESIAN_POINT ( 'NONE',  ( 0.000000000000000000, 0.000000000000000000, 0.000000000000000000 ) ) ;
#4018 = ORIENTED_EDGE ( 'NONE', *, *, #4108, .F. ) ;
#4019 = DIRECTION ( 'NONE',  ( -0.000000000000000000, 1.000000000000000000, -0.000000000000000000 ) ) ;
#4020 = CYLINDRICAL_SURFACE ( 'NONE', #300, 12.50000000000001066 ) ;
#4021 = CARTESIAN_POINT ( 'NONE',  ( 33.65635996737503177, 10.00000000000000000, -151.8140291071496790 ) ) ;
#4022 = ORIENTED_EDGE ( 'NONE', *, *, #1995, .F. ) ;
#4023 = EDGE_LOOP ( 'NONE', ( #477, #3140, #1328, #1725 ) ) ;
#4024 = CARTESIAN_POINT ( 'NONE',  ( 39.35538207995823257, 55.53496622683955763, -124.4243175788899407 ) ) ;
#4025 = DIRECTION ( 'NONE',  ( -0.000000000000000000, 1.000000000000000000, -0.000000000000000000 ) ) ;
#4026 = VERTEX_POINT ( 'NONE', #3395 ) ;
#4027 = DIRECTION ( 'NONE',  ( 0.000000000000000000, 0.000000000000000000, 1.000000000000000000 ) ) ;
#4028 = DIRECTION ( 'NONE',  ( -0.000000000000000000, -1.000000000000000000, -0.000000000000000000 ) ) ;
#4029 = EDGE_CURVE ( 'NONE', #341, #2761, #101, .T. ) ;
#4030 = ORIENTED_EDGE ( 'NONE', *, *, #3146, .F. ) ;
#4031 = VERTEX_POINT ( 'NONE', #3439 ) ;
#4032 = CARTESIAN_POINT ( 'NONE',  ( -39.35401534251357702, 26.46192450240319261, -124.4247494294149874 ) ) ;
#4033 = FACE_OUTER_BOUND ( 'NONE', #2565, .T. ) ;
#4034 = LINE ( 'NONE', #2304, #3097 ) ;
#4035 = ADVANCED_FACE ( 'NONE', ( #4058 ), #2011, .T. ) ;
#4036 = EDGE_CURVE ( 'NONE', #2310, #4139, #716, .T. ) ;
#4037 = ORIENTED_EDGE ( 'NONE', *, *, #2620, .T. ) ;
#4038 = VECTOR ( 'NONE', #1404, 1000.000000000000114 ) ;
#4039 = CARTESIAN_POINT ( 'NONE',  ( -38.57390346852069740, 21.86841919791692490, -114.1592920715803672 ) ) ;
#4040 = DIRECTION ( 'NONE',  ( -0.4226182617407016617, -0.000000000000000000, -0.9063077870366488265 ) ) ;
#4041 = CARTESIAN_POINT ( 'NONE',  ( -42.28456317092859962, 26.65454050800963515, -112.8374061395878698 ) ) ;
#4042 = EDGE_CURVE ( 'NONE', #3071, #2223, #644, .T. ) ;
#4043 = CIRCLE ( 'NONE', #406, 12.50000000000006750 ) ;
#4044 = ORIENTED_EDGE ( 'NONE', *, *, #3173, .T. ) ;
#4045 = VERTEX_POINT ( 'NONE', #1755 ) ;
#4046 = DIRECTION ( 'NONE',  ( 0.000000000000000000, 1.000000000000000000, 0.000000000000000000 ) ) ;
#4047 = AXIS2_PLACEMENT_3D ( 'NONE', #1046, #721, #2050 ) ;
#4048 = DIRECTION ( 'NONE',  ( 0.000000000000000000, 0.000000000000000000, 1.000000000000000000 ) ) ;
#4049 = DIRECTION ( 'NONE',  ( 0.000000000000000000, 0.000000000000000000, -1.000000000000000000 ) ) ;
#4050 = AXIS2_PLACEMENT_3D ( 'NONE', #185, #2768, #690 ) ;
#4051 = ORIENTED_EDGE ( 'NONE', *, *, #1974, .T. ) ;
#4052 = CARTESIAN_POINT ( 'NONE',  ( 37.09019074217357570, 59.01398261884165919, -114.6498242265968770 ) ) ;
#4053 = CYLINDRICAL_SURFACE ( 'NONE', #2710, 195.5000000000000284 ) ;
#4054 = ORIENTED_EDGE ( 'NONE', *, *, #2486, .F. ) ;
#4055 = ORIENTED_EDGE ( 'NONE', *, *, #3389, .T. ) ;
#4056 = EDGE_CURVE ( 'NONE', #2727, #210, #2464, .T. ) ;
#4057 = CARTESIAN_POINT ( 'NONE',  ( 41.64300728901733351, 54.51502641650331782, -113.0757854210336859 ) ) ;
#4058 = FACE_OUTER_BOUND ( 'NONE', #2825, .T. ) ;
#4059 = DIRECTION ( 'NONE',  ( -0.4226182617407008291, -0.000000000000000000, 0.9063077870366492705 ) ) ;
#4060 = ORIENTED_EDGE ( 'NONE', *, *, #212, .F. ) ;
#4061 = VECTOR ( 'NONE', #829, 1000.000000000000000 ) ;
#4062 = EDGE_CURVE ( 'NONE', #4081, #349, #2817, .T. ) ;
#4063 = CARTESIAN_POINT ( 'NONE',  ( -37.09115373912293734, 22.98453711057721094, -114.6495135967116425 ) ) ;
#4064 = LINE ( 'NONE', #1063, #3232 ) ;
#4065 = AXIS2_PLACEMENT_3D ( 'NONE', #1803, #147, #1502 ) ;
#4066 = DIRECTION ( 'NONE',  ( -0.000000000000000000, -1.000000000000000000, -0.000000000000000000 ) ) ;
#4067 = ORIENTED_EDGE ( 'NONE', *, *, #104, .T. ) ;
#4068 = ORIENTED_EDGE ( 'NONE', *, *, #3818, .F. ) ;
#4069 = AXIS2_PLACEMENT_3D ( 'NONE', #1800, #1475, #773 ) ;
#4070 = EDGE_CURVE ( 'NONE', #556, #2693, #2883, .T. ) ;
#4071 = CARTESIAN_POINT ( 'NONE',  ( 0.000000000000000000, 10.00000000000000000, 0.000000000000000000 ) ) ;
#4072 = DIRECTION ( 'NONE',  ( 0.4226182617407001074, 0.000000000000000000, 0.9063077870366496036 ) ) ;
#4073 = FACE_OUTER_BOUND ( 'NONE', #1895, .T. ) ;
#4074 = AXIS2_PLACEMENT_3D ( 'NONE', #456, #1885, #2772 ) ;
#4075 = VECTOR ( 'NONE', #488, 1000.000000000000000 ) ;
#4076 = ORIENTED_EDGE ( 'NONE', *, *, #555, .T. ) ;
#4077 = CARTESIAN_POINT ( 'NONE',  ( 39.99302705043186990, 60.27835849354382702, -113.6699286702146594 ) ) ;
#4078 = DIRECTION ( 'NONE',  ( -0.000000000000000000, 1.000000000000000000, -0.000000000000000000 ) ) ;
#4079 = ORIENTED_EDGE ( 'NONE', *, *, #3419, .T. ) ;
#4080 = VECTOR ( 'NONE', #4040, 1000.000000000000227 ) ;
#4081 = VERTEX_POINT ( 'NONE', #728 ) ;
#4082 = CARTESIAN_POINT ( 'NONE',  ( -52.39463284441555402, 9.999999999999994671, -151.5996111077022022 ) ) ;
#4083 = CARTESIAN_POINT ( 'NONE',  ( -52.39463284441555402, 72.00000000000000000, -154.3496111077021737 ) ) ;
#4084 = ORIENTED_EDGE ( 'NONE', *, *, #3982, .F. ) ;
#4085 =( LENGTH_UNIT ( ) NAMED_UNIT ( * ) SI_UNIT ( .MILLI., .METRE. ) );
#4086 = DIRECTION ( 'NONE',  ( 0.000000000000000000, 0.000000000000000000, -1.000000000000000000 ) ) ;
#4087 = CYLINDRICAL_SURFACE ( 'NONE', #1040, 170.5000000000000284 ) ;
#4088 = ORIENTED_EDGE ( 'NONE', *, *, #186, .F. ) ;
#4089 = ADVANCED_FACE ( 'NONE', ( #1012 ), #2677, .T. ) ;
#4090 = FACE_OUTER_BOUND ( 'NONE', #3491, .T. ) ;
#4091 = DIRECTION ( 'NONE',  ( 0.000000000000000000, 0.000000000000000000, -1.000000000000000000 ) ) ;
#4092 = CARTESIAN_POINT ( 'NONE',  ( 30.40976575830350015, 72.00000000000000000, -137.1695890003506406 ) ) ;
#4093 = EDGE_CURVE ( 'NONE', #1643, #2372, #1767, .T. ) ;
#4094 = ORIENTED_EDGE ( 'NONE', *, *, #1889, .T. ) ;
#4095 = DIRECTION ( 'NONE',  ( 0.1305261922200524061, 0.000000000000000000, 0.9914448613738103822 ) ) ;
#4096 = CARTESIAN_POINT ( 'NONE',  ( 24.21260865681960439, 81.99999999999998579, -183.9130217848419022 ) ) ;
#4097 = ORIENTED_EDGE ( 'NONE', *, *, #2208, .T. ) ;
#4098 = ORIENTED_EDGE ( 'NONE', *, *, #4062, .T. ) ;
#4099 = CARTESIAN_POINT ( 'NONE',  ( 15.00000000000000355, 10.00000000000000000, -148.8000000000000114 ) ) ;
#4100 = CARTESIAN_POINT ( 'NONE',  ( 0.000000000000000000, 10.00000000000000000, 0.000000000000000000 ) ) ;
#4101 = DIRECTION ( 'NONE',  ( 0.000000000000000000, 0.000000000000000000, 1.000000000000000000 ) ) ;
#4102 = ORIENTED_EDGE ( 'NONE', *, *, #1518, .T. ) ;
#4103 =( NAMED_UNIT ( * ) PLANE_ANGLE_UNIT ( ) SI_UNIT ( $, .RADIAN. ) );
#4104 = LINE ( 'NONE', #2481, #861 ) ;
#4105 = CARTESIAN_POINT ( 'NONE',  ( -41.14431210998574073, 27.86432407533151689, -113.2582374248770662 ) ) ;
#4106 = VERTEX_POINT ( 'NONE', #1714 ) ;
#4107 = DIRECTION ( 'NONE',  ( 0.000000000000000000, 1.000000000000000000, 0.000000000000000000 ) ) ;
#4108 = EDGE_CURVE ( 'NONE', #122, #503, #1366, .T. ) ;
#4109 = CARTESIAN_POINT ( 'NONE',  ( -14.99999999999999645, 10.00000000000000000, -150.5000000000000284 ) ) ;
#4110 = CIRCLE ( 'NONE', #544, 6.450000000000011724 ) ;
#4111 = CYLINDRICAL_SURFACE ( 'NONE', #1596, 120.5000000000000000 ) ;
#4112 = ORIENTED_EDGE ( 'NONE', *, *, #1968, .T. ) ;
#4113 = LINE ( 'NONE', #4156, #3214 ) ;
#4114 = EDGE_CURVE ( 'NONE', #3770, #968, #3028, .T. ) ;
#4115 = CARTESIAN_POINT ( 'NONE',  ( 42.53652291140832631, 58.06390481345260213, -112.7426324495899905 ) ) ;
#4116 = CARTESIAN_POINT ( 'NONE',  ( -39.06518450189854263, 25.00000000000000000, -124.6360569040592878 ) ) ;
#4117 = ORIENTED_EDGE ( 'NONE', *, *, #4316, .T. ) ;
#4118 = EDGE_LOOP ( 'NONE', ( #1563, #868, #1752, #2228, #50, #51, #386 ) ) ;
#4119 = EDGE_CURVE ( 'NONE', #1052, #999, #1734, .T. ) ;
#4120 = CARTESIAN_POINT ( 'NONE',  ( 0.000000000000000000, 72.00000000000000000, 0.000000000000000000 ) ) ;
#4121 = CARTESIAN_POINT ( 'NONE',  ( -70.25000000000018474, 72.00000000000000000, -121.6765692317135148 ) ) ;
#4122 = VERTEX_POINT ( 'NONE', #768 ) ;
#4123 = CARTESIAN_POINT ( 'NONE',  ( 0.000000000000000000, 5.000000000000000000, 0.000000000000000000 ) ) ;
#4124 = CARTESIAN_POINT ( 'NONE',  ( -65.71713970067911248, 0.000000000000000000, -140.9308608841989212 ) ) ;
#4125 = ORIENTED_EDGE ( 'NONE', *, *, #1096, .F. ) ;
#4126 = DIRECTION ( 'NONE',  ( 0.000000000000000000, 1.000000000000000000, 0.000000000000000000 ) ) ;
#4127 = CIRCLE ( 'NONE', #2446, 185.5000000000000568 ) ;
#4128 = DIRECTION ( 'NONE',  ( -0.000000000000000000, 1.000000000000000000, -0.000000000000000000 ) ) ;
#4129 = DIRECTION ( 'NONE',  ( -0.000000000000000000, -1.000000000000000000, -0.000000000000000000 ) ) ;
#4130 = CIRCLE ( 'NONE', #2243, 155.5000000000000284 ) ;
#4131 = ORIENTED_EDGE ( 'NONE', *, *, #3124, .F. ) ;
#4132 = EDGE_CURVE ( 'NONE', #175, #3016, #2696, .T. ) ;
#4133 = DIRECTION ( 'NONE',  ( -0.9063077870366489375, 0.000000000000000000, 0.4226182617407016617 ) ) ;
#4134 = AXIS2_PLACEMENT_3D ( 'NONE', #1151, #748, #2477 ) ;
#4135 = FACE_OUTER_BOUND ( 'NONE', #1195, .T. ) ;
#4136 = AXIS2_PLACEMENT_3D ( 'NONE', #1794, #2452, #1081 ) ;
#4137 = DIRECTION ( 'NONE',  ( -0.000000000000000000, -1.000000000000000000, -0.000000000000000000 ) ) ;
#4138 = VERTEX_POINT ( 'NONE', #4082 ) ;
#4139 = VERTEX_POINT ( 'NONE', #1386 ) ;
#4140 = EDGE_CURVE ( 'NONE', #2533, #1418, #1486, .T. ) ;
#4141 = CIRCLE ( 'NONE', #1347, 12.50000000000001066 ) ;
#4142 = CIRCLE ( 'NONE', #2601, 155.5000000000000284 ) ;
#4143 = CARTESIAN_POINT ( 'NONE',  ( 42.28521773037960685, 55.34646925502027415, -112.8371617521182770 ) ) ;
#4144 = LINE ( 'NONE', #1150, #2255 ) ;
#4145 = CARTESIAN_POINT ( 'NONE',  ( 45.02648131759487171, 76.99999999999998579, -164.4471525449933722 ) ) ;
#4146 = VECTOR ( 'NONE', #2784, 999.9999999999998863 ) ;
#4147 = CIRCLE ( 'NONE', #1283, 12.50000000000001066 ) ;
#4148 = VERTEX_POINT ( 'NONE', #1082 ) ;
#4149 = ADVANCED_FACE ( 'NONE', ( #2408 ), #747, .F. ) ;
#4150 = AXIS2_PLACEMENT_3D ( 'NONE', #2366, #1367, #1056 ) ;
#4151 = CARTESIAN_POINT ( 'NONE',  ( 0.000000000000000000, 72.00000000000000000, 0.000000000000000000 ) ) ;
#4152 = CARTESIAN_POINT ( 'NONE',  ( -65.25000000000018474, 20.00000000000000355, -113.0163151938691470 ) ) ;
#4153 = LINE ( 'NONE', #3165, #3847 ) ;
#4154 = DIRECTION ( 'NONE',  ( 0.000000000000000000, 0.000000000000000000, -1.000000000000000000 ) ) ;
#4155 = ORIENTED_EDGE ( 'NONE', *, *, #4293, .T. ) ;
#4156 = CARTESIAN_POINT ( 'NONE',  ( 15.00000000000000355, 5.000000000000000000, -163.7750000000000341 ) ) ;
#4157 = DIRECTION ( 'NONE',  ( 0.000000000000000000, 0.000000000000000000, 1.000000000000000000 ) ) ;
#4158 = DIRECTION ( 'NONE',  ( -0.000000000000000000, -1.000000000000000000, -0.000000000000000000 ) ) ;
#4159 = ORIENTED_EDGE ( 'NONE', *, *, #3070, .F. ) ;
#4160 = ORIENTED_EDGE ( 'NONE', *, *, #2110, .F. ) ;
#4161 = CARTESIAN_POINT ( 'NONE',  ( -42.58569422661461346, 21.72119731909056028, -123.3562081554588445 ) ) ;
#4162 = CARTESIAN_POINT ( 'NONE',  ( 60.25000000000012790, 81.99999999999998579, -104.3560611560247793 ) ) ;
#4163 = LINE ( 'NONE', #2765, #3027 ) ;
#4164 = EDGE_CURVE ( 'NONE', #583, #1210, #526, .T. ) ;
#4165 = VERTEX_POINT ( 'NONE', #2476 ) ;
#4166 = CARTESIAN_POINT ( 'NONE',  ( 0.000000000000000000, 10.00000000000000000, 0.000000000000000000 ) ) ;
#4167 = CARTESIAN_POINT ( 'NONE',  ( 15.00000000000000355, 5.000000000000000000, -165.5000000000000284 ) ) ;
#4168 = EDGE_CURVE ( 'NONE', #4122, #1297, #1815, .T. ) ;
#4169 = EDGE_CURVE ( 'NONE', #3116, #3261, #4002, .T. ) ;
#4170 = VERTEX_POINT ( 'NONE', #814 ) ;
#4171 = CARTESIAN_POINT ( 'NONE',  ( 45.29537560312243727, 56.78435660178922006, -122.3870048206592287 ) ) ;
#4172 = EDGE_CURVE ( 'NONE', #1052, #2786, #2112, .T. ) ;
#4173 = DIRECTION ( 'NONE',  ( 0.000000000000000000, 0.000000000000000000, 1.000000000000000000 ) ) ;
#4174 = ORIENTED_EDGE ( 'NONE', *, *, #2110, .T. ) ;
#4175 = CARTESIAN_POINT ( 'NONE',  ( -73.60711329313414808, 44.19248842920672615, -188.2210007918386623 ) ) ;
#4176 = DIRECTION ( 'NONE',  ( 0.000000000000000000, 1.000000000000000000, 0.000000000000000000 ) ) ;
#4177 = FACE_OUTER_BOUND ( 'NONE', #85, .T. ) ;
#4178 = ORIENTED_EDGE ( 'NONE', *, *, #3448, .T. ) ;
#4179 = AXIS2_PLACEMENT_3D ( 'NONE', #2510, #3846, #3893 ) ;
#4180 = ORIENTED_EDGE ( 'NONE', *, *, #4297, .T. ) ;
#4181 = FACE_OUTER_BOUND ( 'NONE', #3397, .T. ) ;
#4182 = CIRCLE ( 'NONE', #1526, 1.700000000000007061 ) ;
#4183 = CYLINDRICAL_SURFACE ( 'NONE', #231, 170.5000000000000284 ) ;
#4184 = DIRECTION ( 'NONE',  ( 0.000000000000000000, 0.000000000000000000, -1.000000000000000000 ) ) ;
#4185 = DIRECTION ( 'NONE',  ( -0.000000000000000000, -1.000000000000000000, -0.000000000000000000 ) ) ;
#4186 = VERTEX_POINT ( 'NONE', #2543 ) ;
#4187 = DIRECTION ( 'NONE',  ( 0.000000000000000000, 0.000000000000000000, 1.000000000000000000 ) ) ;
#4188 = CARTESIAN_POINT ( 'NONE',  ( -65.25000000000018474, 72.00000000000000000, -113.0163151938691470 ) ) ;
#4189 = ORIENTED_EDGE ( 'NONE', *, *, #3624, .T. ) ;
#4190 = EDGE_CURVE ( 'NONE', #3103, #2002, #859, .T. ) ;
#4191 = LINE ( 'NONE', #1197, #2594 ) ;
#4192 = DIRECTION ( 'NONE',  ( -0.000000000000000000, 1.000000000000000000, -0.000000000000000000 ) ) ;
#4193 = ORIENTED_EDGE ( 'NONE', *, *, #2215, .T. ) ;
#4194 = ADVANCED_FACE ( 'NONE', ( #2141 ), #2806, .F. ) ;
#4195 = CIRCLE ( 'NONE', #2377, 140.5000000000000000 ) ;
#4196 = FACE_OUTER_BOUND ( 'NONE', #2684, .T. ) ;
#4197 = DIRECTION ( 'NONE',  ( -0.000000000000000000, 1.000000000000000000, -0.000000000000000000 ) ) ;
#4198 = LINE ( 'NONE', #1207, #1656 ) ;
#4199 = VECTOR ( 'NONE', #1608, 1000.000000000000114 ) ;
#4200 = ORIENTED_EDGE ( 'NONE', *, *, #665, .T. ) ;
#4201 = ORIENTED_EDGE ( 'NONE', *, *, #397, .F. ) ;
#4202 = AXIS2_PLACEMENT_3D ( 'NONE', #4151, #79, #1154 ) ;
#4203 = DIRECTION ( 'NONE',  ( 0.000000000000000000, 0.000000000000000000, 1.000000000000000000 ) ) ;
#4204 = DIRECTION ( 'NONE',  ( -0.2164396139381042916, -0.000000000000000000, -0.9762960071199330292 ) ) ;
#4205 = CARTESIAN_POINT ( 'NONE',  ( 0.000000000000000000, 81.99999999999998579, -195.5000000000000284 ) ) ;
#4206 = DIRECTION ( 'NONE',  ( -0.000000000000000000, 1.000000000000000000, -0.000000000000000000 ) ) ;
#4207 = VECTOR ( 'NONE', #2898, 1000.000000000000000 ) ;
#4208 = CIRCLE ( 'NONE', #1280, 130.5000000000000000 ) ;
#4209 = VERTEX_POINT ( 'NONE', #4162 ) ;
#4210 = VECTOR ( 'NONE', #2845, 1000.000000000000000 ) ;
#4211 = CARTESIAN_POINT ( 'NONE',  ( -81.55123912709203182, 72.00000000000000000, -189.1648571020062661 ) ) ;
#4212 = CIRCLE ( 'NONE', #1073, 12.50000000000006750 ) ;
#4213 = CARTESIAN_POINT ( 'NONE',  ( 70.25000000000012790, 61.99999999999999289, -121.6765692317135716 ) ) ;
#4214 = DIRECTION ( 'NONE',  ( -1.110223024625155554E-15, 0.000000000000000000, -1.000000000000000000 ) ) ;
#4215 = ORIENTED_EDGE ( 'NONE', *, *, #3120, .T. ) ;
#4216 = CIRCLE ( 'NONE', #3652, 12.50000000000006750 ) ;
#4217 = CARTESIAN_POINT ( 'NONE',  ( 0.000000000000000000, 10.00000000000000178, -140.5000000000000000 ) ) ;
#4218 = DIRECTION ( 'NONE',  ( 0.000000000000000000, 0.000000000000000000, -1.000000000000000000 ) ) ;
#4219 = EDGE_CURVE ( 'NONE', #3541, #2924, #3192, .T. ) ;
#4220 = ORIENTED_EDGE ( 'NONE', *, *, #2725, .T. ) ;
#4221 = CARTESIAN_POINT ( 'NONE',  ( -59.37786577456849102, 10.00000000000000000, -127.3362440786492158 ) ) ;
#4222 = FACE_BOUND ( 'NONE', #1244, .T. ) ;
#4223 = CARTESIAN_POINT ( 'NONE',  ( -81.98362170972610841, 72.00000000000000000, -189.3330290049538576 ) ) ;
#4224 = ADVANCED_FACE ( 'NONE', ( #795 ), #4183, .T. ) ;
#4225 = ADVANCED_FACE ( 'NONE', ( #879 ), #447, .T. ) ;
#4226 = EDGE_LOOP ( 'NONE', ( #2525, #3887, #4300, #3876 ) ) ;
#4227 = B_SPLINE_CURVE_WITH_KNOTS ( 'NONE', 3,
 ( #2328, #662, #2918, #1971, #2958, #1261, #1605, #3326, #2588, #3966, #1913, #3928, #2936, #2264, #905, #946, #2569, #965, #1284, #2237, #639, #3245, #1300, #2280, #255, #1586, #1948, #3597, #3614, #4290, #598, #1929 ),
 .UNSPECIFIED., .F., .F.,
 ( 4, 2, 2, 2, 2, 2, 2, 2, 2, 2, 2, 2, 2, 2, 2, 4 ),
 ( 0.01032965888433664409, 0.01097511015414767005, 0.01162056142395869775, 0.01226601269376972371, 0.01291146396358074967, 0.01355691523339177737, 0.01420236650320280333, 0.01484781777301382930, 0.01549326904282485526, 0.01613872031263588469, 0.01678417158244691065, 0.01742962285225793662, 0.01807507412206896258, 0.01872052539187998854, 0.01936597666169101450, 0.02065687920131305255 ),
 .UNSPECIFIED. ) ;
#4228 = ORIENTED_EDGE ( 'NONE', *, *, #951, .F. ) ;
#4229 = CARTESIAN_POINT ( 'NONE',  ( -14.99999999999999645, 5.000000000000000000, -150.5000000000000284 ) ) ;
#4230 = LINE ( 'NONE', #2562, #1520 ) ;
#4231 = DIRECTION ( 'NONE',  ( -0.000000000000000000, -1.000000000000000000, -0.000000000000000000 ) ) ;
#4232 = EDGE_LOOP ( 'NONE', ( #2157, #2402 ) ) ;
#4233 = DIRECTION ( 'NONE',  ( -0.000000000000000000, -1.000000000000000000, -0.000000000000000000 ) ) ;
#4234 = CARTESIAN_POINT ( 'NONE',  ( 39.06518450189850711, 56.99999999999999289, -124.6360569040593305 ) ) ;
#4235 = CARTESIAN_POINT ( 'NONE',  ( 0.000000000000000000, 72.00000000000000000, 0.000000000000000000 ) ) ;
#4236 = ORIENTED_EDGE ( 'NONE', *, *, #2699, .T. ) ;
#4237 = CARTESIAN_POINT ( 'NONE',  ( -33.65635996737514546, 81.99999999999998579, -151.8140291071496506 ) ) ;
#4238 = FACE_OUTER_BOUND ( 'NONE', #1139, .T. ) ;
#4239 = ORIENTED_EDGE ( 'NONE', *, *, #423, .F. ) ;
#4240 = EDGE_CURVE ( 'NONE', #3592, #3103, #3938, .T. ) ;
#4241 = CARTESIAN_POINT ( 'NONE',  ( 0.000000000000000000, 72.00000000000000000, 0.000000000000000000 ) ) ;
#4242 = DIRECTION ( 'NONE',  ( -0.000000000000000000, -1.000000000000000000, -0.000000000000000000 ) ) ;
#4243 = CARTESIAN_POINT ( 'NONE',  ( -65.71713970067902721, 10.00000000000000000, -140.9308608841989496 ) ) ;
#4244 = ORIENTED_EDGE ( 'NONE', *, *, #287, .T. ) ;
#4245 = VECTOR ( 'NONE', #677, 1000.000000000000114 ) ;
#4246 = EDGE_CURVE ( 'NONE', #2782, #41, #1279, .T. ) ;
#4247 = LINE ( 'NONE', #920, #642 ) ;
#4248 = DIRECTION ( 'NONE',  ( 0.000000000000000000, 0.000000000000000000, 1.000000000000000000 ) ) ;
#4249 = AXIS2_PLACEMENT_3D ( 'NONE', #1183, #2556, #3495 ) ;
#4250 = ORIENTED_EDGE ( 'NONE', *, *, #1915, .T. ) ;
#4251 = VERTEX_POINT ( 'NONE', #3831 ) ;
#4252 = EDGE_CURVE ( 'NONE', #940, #3724, #3022, .T. ) ;
#4253 = AXIS2_PLACEMENT_3D ( 'NONE', #1702, #3123, #130 ) ;
#4254 = CARTESIAN_POINT ( 'NONE',  ( -39.03543664284586612, 25.21557383641276928, -124.5250363826582856 ) ) ;
#4255 = CARTESIAN_POINT ( 'NONE',  ( -65.71713970067902721, 72.00000000000000000, -140.9308608841989496 ) ) ;
#4256 = DIRECTION ( 'NONE',  ( -0.5000000000000012212, 0.000000000000000000, -0.8660254037844380415 ) ) ;
#4257 = ORIENTED_EDGE ( 'NONE', *, *, #1039, .T. ) ;
#4258 = DIRECTION ( 'NONE',  ( 0.2164396139381017103, -0.000000000000000000, -0.9762960071199335843 ) ) ;
#4259 = CARTESIAN_POINT ( 'NONE',  ( 0.000000000000000000, 72.00000000000000000, 0.000000000000000000 ) ) ;
#4260 = ORIENTED_EDGE ( 'NONE', *, *, #3233, .F. ) ;
#4261 = FACE_OUTER_BOUND ( 'NONE', #3996, .T. ) ;
#4262 = CARTESIAN_POINT ( 'NONE',  ( -52.39463284441555402, 0.000000000000000000, -154.3496111077021737 ) ) ;
#4263 = ORIENTED_EDGE ( 'NONE', *, *, #4316, .F. ) ;
#4264 = LINE ( 'NONE', #2929, #2461 ) ;
#4265 = VECTOR ( 'NONE', #1699, 1000.000000000000000 ) ;
#4266 = DIRECTION ( 'NONE',  ( -0.000000000000000000, -1.000000000000000000, -0.000000000000000000 ) ) ;
#4267 = LINE ( 'NONE', #2930, #678 ) ;
#4268 = EDGE_CURVE ( 'NONE', #2492, #3973, #4276, .T. ) ;
#4269 = ORIENTED_EDGE ( 'NONE', *, *, #2668, .F. ) ;
#4270 = ORIENTED_EDGE ( 'NONE', *, *, #603, .F. ) ;
#4271 = DIRECTION ( 'NONE',  ( 0.000000000000000000, 0.000000000000000000, 1.000000000000000000 ) ) ;
#4272 = LINE ( 'NONE', #3949, #1273 ) ;
#4273 = DIRECTION ( 'NONE',  ( -0.000000000000000000, 1.000000000000000000, -0.000000000000000000 ) ) ;
#4274 = ADVANCED_FACE ( 'NONE', ( #3853 ), #2453, .F. ) ;
#4275 = ORIENTED_EDGE ( 'NONE', *, *, #4056, .T. ) ;
#4276 = CIRCLE ( 'NONE', #3584, 155.5000000000000284 ) ;
#4277 = CIRCLE ( 'NONE', #1484, 2.000000000000001776 ) ;
#4278 = DIRECTION ( 'NONE',  ( -0.000000000000000000, 1.000000000000000000, -0.000000000000000000 ) ) ;
#4279 = DIRECTION ( 'NONE',  ( -0.000000000000000000, -1.000000000000000000, -0.000000000000000000 ) ) ;
#4280 = CIRCLE ( 'NONE', #3514, 2.749999999999974687 ) ;
#4281 = VERTEX_POINT ( 'NONE', #1471 ) ;
#4282 = DIRECTION ( 'NONE',  ( 0.000000000000000000, -0.000000000000000000, -1.000000000000000000 ) ) ;
#4283 = CYLINDRICAL_SURFACE ( 'NONE', #613, 3.299999999999993161 ) ;
#4284 = ORIENTED_EDGE ( 'NONE', *, *, #3628, .F. ) ;
#4285 = CARTESIAN_POINT ( 'NONE',  ( 22.25471577351880015, 72.00000000000000000, -169.0413488642347204 ) ) ;
#4286 = DIRECTION ( 'NONE',  ( -0.000000000000000000, 1.000000000000000000, -0.000000000000000000 ) ) ;
#4287 = ORIENTED_EDGE ( 'NONE', *, *, #3524, .T. ) ;
#4288 = EDGE_CURVE ( 'NONE', #977, #3894, #4144, .T. ) ;
#4289 = CARTESIAN_POINT ( 'NONE',  ( -45.21265099345548322, 25.87007879354281670, -122.4177016793167496 ) ) ;
#4290 = CARTESIAN_POINT ( 'NONE',  ( 39.11933229943925738, 57.87009161095205201, -124.4988160600723006 ) ) ;
#4291 = LINE ( 'NONE', #3000, #1216 ) ;
#4292 = VERTEX_POINT ( 'NONE', #3155 ) ;
#4293 = EDGE_CURVE ( 'NONE', #1373, #463, #2041, .T. ) ;
#4294 = CARTESIAN_POINT ( 'NONE',  ( 70.25000000000014211, 10.00000000000000000, -121.6765692317135432 ) ) ;
#4295 = CARTESIAN_POINT ( 'NONE',  ( 0.000000000000000000, 72.00000000000000000, 0.000000000000000000 ) ) ;
#4296 = EDGE_LOOP ( 'NONE', ( #4317, #1043, #1014, #2769 ) ) ;
#4297 = EDGE_CURVE ( 'NONE', #515, #2775, #856, .T. ) ;
#4298 = CARTESIAN_POINT ( 'NONE',  ( 36.90295417644658471, 10.00000000000000000, -166.4584692139487174 ) ) ;
#4299 = CARTESIAN_POINT ( 'NONE',  ( 52.39463284441546875, 81.99999999999998579, -154.3496111077022306 ) ) ;
#4300 = ORIENTED_EDGE ( 'NONE', *, *, #2151, .F. ) ;
#4301 = LINE ( 'NONE', #3019, #1138 ) ;
#4302 = DIRECTION ( 'NONE',  ( -0.000000000000000000, -1.000000000000000000, -0.000000000000000000 ) ) ;
#4303 = ORIENTED_EDGE ( 'NONE', *, *, #246, .F. ) ;
#4304 = VERTEX_POINT ( 'NONE', #570 ) ;
#4305 = CARTESIAN_POINT ( 'NONE',  ( -39.45163035525285977, 26.65365208340251257, -124.3938644094096162 ) ) ;
#4306 = VECTOR ( 'NONE', #2167, 1000.000000000000000 ) ;
#4307 = DIRECTION ( 'NONE',  ( 0.1305261922200517122, 0.000000000000000000, -0.9914448613738103822 ) ) ;
#4308 = DIRECTION ( 'NONE',  ( -0.000000000000000000, -1.000000000000000000, -0.000000000000000000 ) ) ;
#4309 = ORIENTED_EDGE ( 'NONE', *, *, #2483, .F. ) ;
#4310 = VECTOR ( 'NONE', #2185, 1000.000000000000000 ) ;
#4311 = CARTESIAN_POINT ( 'NONE',  ( -60.25000000000015632, 0.000000000000000000, -104.3560611560247793 ) ) ;
#4312 = CARTESIAN_POINT ( 'NONE',  ( 0.000000000000000000, 10.00000000000000000, 0.000000000000000000 ) ) ;
#4313 = AXIS2_PLACEMENT_3D ( 'NONE', #3385, #390, #3184 ) ;
#4314 = DIRECTION ( 'NONE',  ( 0.000000000000000000, 0.000000000000000000, -1.000000000000000000 ) ) ;
#4315 = ORIENTED_EDGE ( 'NONE', *, *, #162, .T. ) ;
#4316 = EDGE_CURVE ( 'NONE', #1119, #3688, #1827, .T. ) ;
#4317 = ORIENTED_EDGE ( 'NONE', *, *, #1303, .T. ) ;
#4318 = DIRECTION ( 'NONE',  ( 0.000000000000000000, 0.000000000000000000, -1.000000000000000000 ) ) ;
#4319 = CARTESIAN_POINT ( 'NONE',  ( 45.02648131759482197, 72.00000000000000000, -164.4471525449933438 ) ) ;
#4320 = DIRECTION ( 'NONE',  ( -0.8660254037844381525, 0.000000000000000000, -0.5000000000000008882 ) ) ;
#4321 = EDGE_CURVE ( 'NONE', #812, #936, #1066, .T. ) ;
#4322 = ORIENTED_EDGE ( 'NONE', *, *, #161, .F. ) ;
#4323 = DIRECTION ( 'NONE',  ( 0.000000000000000000, -1.000000000000000000, 0.000000000000000000 ) ) ;
#4324 = CYLINDRICAL_SURFACE ( 'NONE', #2425, 10.00000000000003730 ) ;
ENDSEC;
END-ISO-10303-21;
