ISO-10303-21;
HEADER;
FILE_DESCRIPTION (( 'STEP AP214' ),
    '1' );
FILE_NAME ('AroMotoresTemp.STEP',
    '2026-09-17T22:07:46',
    ( '' ),
    ( '' ),
    'SwSTEP 2.0',
    'SolidWorks 2026',
    '' );
FILE_SCHEMA (( 'AUTOMOTIVE_DESIGN' ));
ENDSEC;

DATA;
#1 = CIRCLE ( 'NONE', #1582, 10.00000000000000355 ) ;
#2 = EDGE_CURVE ( 'NONE', #3118, #2236, #1664, .T. ) ;
#3 = ORIENTED_EDGE ( 'NONE', *, *, #3152, .T. ) ;
#4 = CARTESIAN_POINT ( 'NONE',  ( 39.05592191147795234, 56.56705568992310162, -124.5186200223398458 ) ) ;
#5 = EDGE_LOOP ( 'NONE', ( #1269, #1481, #4141, #491 ) ) ;
#6 = LINE ( 'NONE', #1067, #3829 ) ;
#7 = LINE ( 'NONE', #365, #4035 ) ;
#8 = DIRECTION ( 'NONE',  ( 0.000000000000000000, 1.000000000000000000, -0.000000000000000000 ) ) ;
#9 = AXIS2_PLACEMENT_3D ( 'NONE', #1943, #591, #303 ) ;
#10 = VECTOR ( 'NONE', #1573, 1000.000000000000000 ) ;
#11 = AXIS2_PLACEMENT_3D ( 'NONE', #175, #1951, #540 ) ;
#12 = ORIENTED_EDGE ( 'NONE', *, *, #3149, .T. ) ;
#13 = CARTESIAN_POINT ( 'NONE',  ( 52.39463284441546875, 72.00000000000000000, -154.3496111077022306 ) ) ;
#14 = CARTESIAN_POINT ( 'NONE',  ( -59.37786577456848391, 0.000000000000000000, -127.3362440786491874 ) ) ;
#15 = CARTESIAN_POINT ( 'NONE',  ( 24.21260865681960439, 81.99999999999998579, -183.9130217848419022 ) ) ;
#16 = CARTESIAN_POINT ( 'NONE',  ( -45.29537560312249411, 25.43651579619020353, -122.3870048206592429 ) ) ;
#17 = DIRECTION ( 'NONE',  ( 0.000000000000000000, 0.000000000000000000, -1.000000000000000000 ) ) ;
#18 = LINE ( 'NONE', #2079, #4383 ) ;
#19 = DIRECTION ( 'NONE',  ( 0.000000000000000000, 0.000000000000000000, -1.000000000000000000 ) ) ;
#20 = DIRECTION ( 'NONE',  ( 0.000000000000000000, 0.000000000000000000, -1.000000000000000000 ) ) ;
#21 = DIRECTION ( 'NONE',  ( 0.000000000000000000, 0.000000000000000000, -1.000000000000000000 ) ) ;
#22 = EDGE_LOOP ( 'NONE', ( #1537, #2136, #4362, #1709 ) ) ;
#23 = DIRECTION ( 'NONE',  ( -0.000000000000000000, -1.000000000000000000, -0.000000000000000000 ) ) ;
#24 = EDGE_LOOP ( 'NONE', ( #590, #582, #3987, #780 ) ) ;
#25 = CARTESIAN_POINT ( 'NONE',  ( -52.39463284441555402, 72.00000000000000000, -151.5996111077022022 ) ) ;
#26 = ORIENTED_EDGE ( 'NONE', *, *, #664, .T. ) ;
#27 = LINE ( 'NONE', #2403, #1835 ) ;
#28 = AXIS2_PLACEMENT_3D ( 'NONE', #2509, #2491, #3807 ) ;
#29 = DIRECTION ( 'NONE',  ( 0.1305261922200515179, 0.000000000000000000, -0.9914448613738104932 ) ) ;
#30 = DIRECTION ( 'NONE',  ( 0.000000000000000000, 0.000000000000000000, 1.000000000000000000 ) ) ;
#31 = EDGE_LOOP ( 'NONE', ( #2999, #1168, #124, #1669 ) ) ;
#32 = EDGE_LOOP ( 'NONE', ( #3610, #2897 ) ) ;
#33 = CARTESIAN_POINT ( 'NONE',  ( 39.11933229943925738, 57.87009161095205201, -124.4988160600723006 ) ) ;
#34 = AXIS2_PLACEMENT_3D ( 'NONE', #3401, #333, #3067 ) ;
#35 = CARTESIAN_POINT ( 'NONE',  ( -14.99999999999999645, 5.000000000000000000, -152.2000000000000171 ) ) ;
#36 = FACE_OUTER_BOUND ( 'NONE', #2374, .T. ) ;
#37 = EDGE_CURVE ( 'NONE', #2335, #2985, #2958, .T. ) ;
#38 = CARTESIAN_POINT ( 'NONE',  ( 59.37786577456843418, 0.000000000000000000, -127.3362440786492442 ) ) ;
#39 = DIRECTION ( 'NONE',  ( -0.000000000000000000, -1.000000000000000000, -0.000000000000000000 ) ) ;
#40 = DIRECTION ( 'NONE',  ( -0.000000000000000000, -1.000000000000000000, -0.000000000000000000 ) ) ;
#41 = DIRECTION ( 'NONE',  ( 0.000000000000000000, -1.000000000000000000, 0.000000000000000000 ) ) ;
#42 = CARTESIAN_POINT ( 'NONE',  ( 33.65635996737503888, 72.00000000000000000, -151.8140291071497074 ) ) ;
#43 = ORIENTED_EDGE ( 'NONE', *, *, #3023, .F. ) ;
#44 = ADVANCED_FACE ( 'NONE', ( #1265 ), #648, .T. ) ;
#45 = VECTOR ( 'NONE', #575, 1000.000000000000000 ) ;
#46 = FACE_OUTER_BOUND ( 'NONE', #3470, .T. ) ;
#47 = CIRCLE ( 'NONE', #4400, 1.700000000000007061 ) ;
#48 = ORIENTED_EDGE ( 'NONE', *, *, #1102, .T. ) ;
#49 = CARTESIAN_POINT ( 'NONE',  ( -70.25000000000017053, 61.99999999999999289, -121.6765692317135290 ) ) ;
#50 = ADVANCED_FACE ( 'NONE', ( #3382 ), #2307, .T. ) ;
#51 = ORIENTED_EDGE ( 'NONE', *, *, #3603, .F. ) ;
#52 = VECTOR ( 'NONE', #2098, 1000.000000000000114 ) ;
#53 = AXIS2_PLACEMENT_3D ( 'NONE', #4227, #3195, #434 ) ;
#54 = CARTESIAN_POINT ( 'NONE',  ( 64.38717422483070152, 10.00000000000000178, -157.8750828830861508 ) ) ;
#55 = LINE ( 'NONE', #2691, #3041 ) ;
#56 = VERTEX_POINT ( 'NONE', #3355 ) ;
#57 = ORIENTED_EDGE ( 'NONE', *, *, #3510, .T. ) ;
#58 = EDGE_CURVE ( 'NONE', #4166, #2888, #3925, .T. ) ;
#59 = ORIENTED_EDGE ( 'NONE', *, *, #2670, .F. ) ;
#60 = CARTESIAN_POINT ( 'NONE',  ( 39.45444934016853011, 58.65867464763578454, -124.3929702597744864 ) ) ;
#61 = CARTESIAN_POINT ( 'NONE',  ( 41.92931385268223465, 59.18115197102702751, -112.9699365361096852 ) ) ;
#62 = CARTESIAN_POINT ( 'NONE',  ( 15.00000000000000355, 5.000000000000000000, -163.7750000000000341 ) ) ;
#63 = EDGE_CURVE ( 'NONE', #1284, #4425, #1432, .T. ) ;
#64 = DIRECTION ( 'NONE',  ( 0.000000000000000000, -1.000000000000000000, 0.000000000000000000 ) ) ;
#65 = FACE_OUTER_BOUND ( 'NONE', #2878, .T. ) ;
#67 = CARTESIAN_POINT ( 'NONE',  ( 15.00000000000000355, 5.000000000000000000, -165.5000000000000284 ) ) ;
#66 = AXIS2_PLACEMENT_3D ( 'NONE', #4241, #2527, #1198 ) ;
#68 = CARTESIAN_POINT ( 'NONE',  ( -52.39463284441563218, 0.000000000000000000, -154.3496111077021737 ) ) ;
#69 = AXIS2_PLACEMENT_3D ( 'NONE', #2354, #2682, #4048 ) ;
#70 = CIRCLE ( 'NONE', #2718, 140.5000000000000000 ) ;
#71 = LINE ( 'NONE', #1390, #1541 ) ;
#72 = EDGE_LOOP ( 'NONE', ( #1158, #3572, #4190, #1550 ) ) ;
#73 = CARTESIAN_POINT ( 'NONE',  ( -84.31994504424355341, 26.57782668629988265, -180.1261408008386695 ) ) ;
#74 = ORIENTED_EDGE ( 'NONE', *, *, #131, .T. ) ;
#75 = DIRECTION ( 'NONE',  ( -0.5000000000000013323, 0.000000000000000000, -0.8660254037844378194 ) ) ;
#76 = EDGE_CURVE ( 'NONE', #2138, #3939, #4411, .T. ) ;
#77 = ORIENTED_EDGE ( 'NONE', *, *, #513, .T. ) ;
#78 = LINE ( 'NONE', #3745, #3193 ) ;
#79 = DIRECTION ( 'NONE',  ( -0.000000000000000000, 1.000000000000000000, -0.000000000000000000 ) ) ;
#80 = ORIENTED_EDGE ( 'NONE', *, *, #3110, .T. ) ;
#81 = ORIENTED_EDGE ( 'NONE', *, *, #3383, .F. ) ;
#82 = ORIENTED_EDGE ( 'NONE', *, *, #1978, .F. ) ;
#83 = CARTESIAN_POINT ( 'NONE',  ( 0.000000000000000000, 72.00000000000000000, 0.000000000000000000 ) ) ;
#84 = CARTESIAN_POINT ( 'NONE',  ( 41.14537968579463723, 59.86351288484848254, -113.2578468583176203 ) ) ;
#85 = AXIS2_PLACEMENT_3D ( 'NONE', #530, #1901, #1570 ) ;
#86 = CARTESIAN_POINT ( 'NONE',  ( -18.50000000000002132, 5.000000000000000000, -146.7500000000000284 ) ) ;
#87 = LINE ( 'NONE', #1796, #2942 ) ;
#88 = FACE_BOUND ( 'NONE', #2446, .T. ) ;
#89 = CARTESIAN_POINT ( 'NONE',  ( 0.000000000000000000, 10.00000000000000000, -120.5000000000000000 ) ) ;
#90 = DIRECTION ( 'NONE',  ( 0.4226182617407048259, 0.000000000000000000, -0.9063077870366474942 ) ) ;
#91 = VECTOR ( 'NONE', #489, 1000.000000000000000 ) ;
#92 = CARTESIAN_POINT ( 'NONE',  ( -20.29682289021814867, 72.00000000000000000, -154.1696759436275102 ) ) ;
#93 = ORIENTED_EDGE ( 'NONE', *, *, #3550, .T. ) ;
#94 = B_SPLINE_CURVE_WITH_KNOTS ( 'NONE', 3,
 ( #2654, #4019, #2973, #1968, #3039, #2369, #2323, #963, #2392, #3685, #4397, #1342, #4089, #2700, #3662, #2302, #3732, #617, #669, #2036, #1032, #3754, #690, #2059, #1616, #4327, #1280, #1723, #351, #2745, #16, #1384 ),
 .UNSPECIFIED., .F., .F.,
 ( 4, 2, 2, 2, 2, 2, 2, 2, 2, 2, 2, 2, 2, 2, 2, 4 ),
 ( 0.01032964024538050168, 0.01097510098457193939, 0.01162056172376337709, 0.01226602246295481480, 0.01291148320214625250, 0.01355694394133769021, 0.01420240468052912618, 0.01484786541972056388, 0.01549332615891200159, 0.01613878689810344103, 0.01678424763729487873, 0.01742970837648631297, 0.01807516911567775067, 0.01872062985486918837, 0.01936609059406062608, 0.02065701207244348761 ),
 .UNSPECIFIED. ) ;
#95 = DIRECTION ( 'NONE',  ( 0.000000000000000000, 1.000000000000000000, 0.000000000000000000 ) ) ;
#96 = LINE ( 'NONE', #2137, #4102 ) ;
#97 = EDGE_CURVE ( 'NONE', #2517, #1854, #1147, .T. ) ;
#98 = ORIENTED_EDGE ( 'NONE', *, *, #3004, .F. ) ;
#99 = DIRECTION ( 'NONE',  ( -0.000000000000000000, 1.000000000000000000, -0.000000000000000000 ) ) ;
#100 = VERTEX_POINT ( 'NONE', #925 ) ;
#101 = ORIENTED_EDGE ( 'NONE', *, *, #1858, .F. ) ;
#102 = AXIS2_PLACEMENT_3D ( 'NONE', #1244, #2572, #1283 ) ;
#103 = CARTESIAN_POINT ( 'NONE',  ( 15.00000000000000355, 5.025000000000002132, -167.2000000000000455 ) ) ;
#104 = ORIENTED_EDGE ( 'NONE', *, *, #3004, .T. ) ;
#105 = PRESENTATION_STYLE_ASSIGNMENT (( #420 ) ) ;
#106 = EDGE_CURVE ( 'NONE', #2660, #720, #3313, .T. ) ;
#107 = AXIS2_PLACEMENT_3D ( 'NONE', #1518, #1163, #4250 ) ;
#108 = EDGE_CURVE ( 'NONE', #4229, #1741, #3633, .T. ) ;
#109 = EDGE_LOOP ( 'NONE', ( #2924, #879, #3630, #4026 ) ) ;
#110 = LINE ( 'NONE', #3220, #1447 ) ;
#111 = CARTESIAN_POINT ( 'NONE',  ( 59.37786577456843418, 10.00000000000000000, -127.3362440786492442 ) ) ;
#112 = DIRECTION ( 'NONE',  ( 0.000000000000000000, 0.000000000000000000, 1.000000000000000000 ) ) ;
#113 = DIRECTION ( 'NONE',  ( -0.000000000000000000, 1.000000000000000000, -0.000000000000000000 ) ) ;
#114 = TOROIDAL_SURFACE ( 'NONE', #1482, 140.5000000000000000, 10.00000000000000000 ) ;
#115 = CARTESIAN_POINT ( 'NONE',  ( -40.14954838551826555, 10.00000000000000000, -181.1029093207476706 ) ) ;
#116 = ORIENTED_EDGE ( 'NONE', *, *, #1563, .T. ) ;
#117 = FACE_OUTER_BOUND ( 'NONE', #1286, .T. ) ;
#118 = DIRECTION ( 'NONE',  ( 0.000000000000000000, -1.000000000000000000, 0.000000000000000000 ) ) ;
#119 = VERTEX_POINT ( 'NONE', #3333 ) ;
#120 = CIRCLE ( 'NONE', #981, 185.5000000000000568 ) ;
#121 = CARTESIAN_POINT ( 'NONE',  ( -41.47963592840729063, 22.37290702567955947, -113.1358569224126143 ) ) ;
#122 = ORIENTED_EDGE ( 'NONE', *, *, #1170, .T. ) ;
#123 = AXIS2_PLACEMENT_3D ( 'NONE', #3846, #2169, #4150 ) ;
#124 = ORIENTED_EDGE ( 'NONE', *, *, #289, .T. ) ;
#125 = CIRCLE ( 'NONE', #53, 1.000000000000000888 ) ;
#126 = DIRECTION ( 'NONE',  ( 0.4226182617407008291, 0.000000000000000000, -0.9063077870366492705 ) ) ;
#127 = ORIENTED_EDGE ( 'NONE', *, *, #3835, .T. ) ;
#128 = EDGE_CURVE ( 'NONE', #2243, #3658, #1640, .T. ) ;
#129 = ORIENTED_EDGE ( 'NONE', *, *, #4034, .F. ) ;
#131 = EDGE_CURVE ( 'NONE', #3784, #2555, #743, .T. ) ;
#130 = CARTESIAN_POINT ( 'NONE',  ( 60.25000000000012790, 81.99999999999998579, -104.3560611560247793 ) ) ;
#132 = CARTESIAN_POINT ( 'NONE',  ( 0.000000000000000000, 10.00000000000000000, 0.000000000000000000 ) ) ;
#133 = FACE_OUTER_BOUND ( 'NONE', #3240, .T. ) ;
#134 = CARTESIAN_POINT ( 'NONE',  ( -18.50000000000001776, 5.000000000000000000, -169.2500000000000000 ) ) ;
#135 = VECTOR ( 'NONE', #4095, 1000.000000000000000 ) ;
#136 = ORIENTED_EDGE ( 'NONE', *, *, #644, .F. ) ;
#137 = CARTESIAN_POINT ( 'NONE',  ( 78.39568755290000013, 0.000000000000000000, -168.1200944952985310 ) ) ;
#138 = CARTESIAN_POINT ( 'NONE',  ( -78.39568755290005697, 72.00000000000000000, -168.1200944952984742 ) ) ;
#139 = ORIENTED_EDGE ( 'NONE', *, *, #856, .F. ) ;
#140 = EDGE_CURVE ( 'NONE', #2266, #2872, #1467, .T. ) ;
#141 = CARTESIAN_POINT ( 'NONE',  ( -42.37952076354098097, 23.53409481037508044, -112.8017424802480519 ) ) ;
#142 = EDGE_LOOP ( 'NONE', ( #529, #480, #1806, #313, #2171, #1729 ) ) ;
#143 = EDGE_LOOP ( 'NONE', ( #887, #1500 ) ) ;
#144 = EDGE_CURVE ( 'NONE', #119, #3315, #3424, .T. ) ;
#145 = DIRECTION ( 'NONE',  ( -0.000000000000000000, 1.000000000000000000, -0.000000000000000000 ) ) ;
#146 = CYLINDRICAL_SURFACE ( 'NONE', #3981, 195.5000000000000284 ) ;
#147 = ORIENTED_EDGE ( 'NONE', *, *, #1641, .F. ) ;
#148 = CONICAL_SURFACE ( 'NONE', #947, 1.725000000000004308, 0.7853981633974309595 ) ;
#149 = DIRECTION ( 'NONE',  ( -0.000000000000000000, -1.000000000000000000, -0.000000000000000000 ) ) ;
#150 = CARTESIAN_POINT ( 'NONE',  ( -18.50000000000002132, 5.000000000000000000, -146.7500000000000284 ) ) ;
#151 = CARTESIAN_POINT ( 'NONE',  ( -87.30658484334630032, 5.000000000000004441, -174.9222977295676458 ) ) ;
#152 = CARTESIAN_POINT ( 'NONE',  ( -45.02648131759489303, 0.000000000000000000, -164.4471525449932869 ) ) ;
#153 = CIRCLE ( 'NONE', #2648, 195.5000000000000000 ) ;
#154 = ORIENTED_EDGE ( 'NONE', *, *, #433, .T. ) ;
#155 = CARTESIAN_POINT ( 'NONE',  ( 72.05641362678947814, 10.00000000000000000, -154.5254776897487830 ) ) ;
#156 = DIRECTION ( 'NONE',  ( -0.000000000000000000, -1.000000000000000000, 0.000000000000000000 ) ) ;
#157 = CARTESIAN_POINT ( 'NONE',  ( -70.25000000000017053, 20.00000000000000355, -121.6765692317135290 ) ) ;
#158 = ORIENTED_EDGE ( 'NONE', *, *, #4168, .T. ) ;
#159 = LINE ( 'NONE', #3501, #844 ) ;
#160 = ORIENTED_EDGE ( 'NONE', *, *, #4236, .F. ) ;
#161 = ORIENTED_EDGE ( 'NONE', *, *, #3915, .T. ) ;
#162 = DIRECTION ( 'NONE',  ( 0.5000000000000013323, 0.000000000000000000, 0.8660254037844379305 ) ) ;
#163 = CIRCLE ( 'NONE', #3598, 2.749999999999974687 ) ;
#164 = ORIENTED_EDGE ( 'NONE', *, *, #4168, .F. ) ;
#165 = LINE ( 'NONE', #2843, #4151 ) ;
#166 = EDGE_CURVE ( 'NONE', #3737, #723, #1775, .T. ) ;
#167 = CARTESIAN_POINT ( 'NONE',  ( -18.50000000000001776, 5.000000000000000000, -169.2500000000000000 ) ) ;
#168 = CARTESIAN_POINT ( 'NONE',  ( 18.49999999999997868, 5.000000000000000000, -169.2500000000000000 ) ) ;
#169 = CARTESIAN_POINT ( 'NONE',  ( -40.96351066910087724, 27.96650487632987847, -113.3237855699612169 ) ) ;
#170 = AXIS2_PLACEMENT_3D ( 'NONE', #1874, #145, #2167 ) ;
#171 = ORIENTED_EDGE ( 'NONE', *, *, #176, .F. ) ;
#172 = PLANE ( 'NONE',  #2560 ) ;
#173 = LINE ( 'NONE', #859, #1844 ) ;
#174 = AXIS2_PLACEMENT_3D ( 'NONE', #3634, #4342, #2250 ) ;
#175 = CARTESIAN_POINT ( 'NONE',  ( 0.000000000000000000, 10.00000000000000000, 0.000000000000000000 ) ) ;
#176 = EDGE_CURVE ( 'NONE', #2736, #2534, #3991, .T. ) ;
#177 = ORIENTED_EDGE ( 'NONE', *, *, #1408, .T. ) ;
#178 = ORIENTED_EDGE ( 'NONE', *, *, #3553, .T. ) ;
#179 = EDGE_CURVE ( 'NONE', #710, #2706, #3493, .T. ) ;
#180 = DIRECTION ( 'NONE',  ( 0.000000000000000000, -1.000000000000000000, 0.000000000000000000 ) ) ;
#181 = VERTEX_POINT ( 'NONE', #428 ) ;
#182 = EDGE_CURVE ( 'NONE', #4263, #3187, #1501, .T. ) ;
#183 = ORIENTED_EDGE ( 'NONE', *, *, #3670, .T. ) ;
#184 = CARTESIAN_POINT ( 'NONE',  ( 0.000000000000000000, 72.00000000000000000, 0.000000000000000000 ) ) ;
#185 = AXIS2_PLACEMENT_3D ( 'NONE', #3302, #2273, #2988 ) ;
#186 = LINE ( 'NONE', #1567, #3266 ) ;
#187 = EDGE_CURVE ( 'NONE', #3806, #1690, #3064, .T. ) ;
#188 = AXIS2_PLACEMENT_3D ( 'NONE', #1990, #2929, #2609 ) ;
#189 = ORIENTED_EDGE ( 'NONE', *, *, #2569, .T. ) ;
#190 = DIRECTION ( 'NONE',  ( 0.000000000000000000, 0.000000000000000000, -1.000000000000000000 ) ) ;
#191 = EDGE_CURVE ( 'NONE', #1562, #843, #2275, .T. ) ;
#192 = DIRECTION ( 'NONE',  ( 0.000000000000000000, 0.000000000000000000, 1.000000000000000000 ) ) ;
#193 = DIRECTION ( 'NONE',  ( -0.000000000000000000, -1.000000000000000000, -0.000000000000000000 ) ) ;
#194 = EDGE_CURVE ( 'NONE', #2576, #1116, #346, .T. ) ;
#195 = CARTESIAN_POINT ( 'NONE',  ( 38.19846704606386822, 54.03177462254799934, -114.2854641984623782 ) ) ;
#196 = CIRCLE ( 'NONE', #2771, 1.700000000000007061 ) ;
#197 = DIRECTION ( 'NONE',  ( -0.000000000000000000, -1.000000000000000000, -0.000000000000000000 ) ) ;
#198 = CARTESIAN_POINT ( 'NONE',  ( -70.25000000000018474, 10.00000000000000000, -121.6765692317135290 ) ) ;
#199 = CARTESIAN_POINT ( 'NONE',  ( 0.000000000000000000, 20.00000000000000355, -140.5000000000000000 ) ) ;
#200 = ADVANCED_FACE ( 'NONE', ( #4114 ), #1751, .F. ) ;
#201 = ORIENTED_EDGE ( 'NONE', *, *, #2699, .F. ) ;
#202 = EDGE_LOOP ( 'NONE', ( #4368, #3425, #158, #1667, #2452, #1197, #3808, #2155, #3224, #290, #1975, #4038, #2636, #2786, #2642, #2979, #3368, #1114, #850, #3990, #1607, #2388, #1315 ) ) ;
#203 = LINE ( 'NONE', #2598, #3341 ) ;
#204 = VERTEX_POINT ( 'NONE', #1060 ) ;
#205 = VECTOR ( 'NONE', #1865, 1000.000000000000000 ) ;
#206 = ORIENTED_EDGE ( 'NONE', *, *, #2550, .F. ) ;
#207 = FACE_OUTER_BOUND ( 'NONE', #3127, .T. ) ;
#208 = FACE_OUTER_BOUND ( 'NONE', #2065, .T. ) ;
#209 = VECTOR ( 'NONE', #3912, 1000.000000000000000 ) ;
#210 = VERTEX_POINT ( 'NONE', #42 ) ;
#211 = CARTESIAN_POINT ( 'NONE',  ( 44.08122811073199188, 59.62405906620977447, -122.8296693032149278 ) ) ;
#212 = PLANE ( 'NONE',  #3269 ) ;
#213 = DIRECTION ( 'NONE',  ( 0.4226182617407007736, 0.000000000000000000, -0.9063077870366492705 ) ) ;
#214 = CARTESIAN_POINT ( 'NONE',  ( -42.69510015324296148, 25.21835225174710615, -112.6826447280350010 ) ) ;
#215 = AXIS2_PLACEMENT_3D ( 'NONE', #452, #1413, #4028 ) ;
#216 = CARTESIAN_POINT ( 'NONE',  ( 15.00000000000000355, 5.000000000000000000, -167.2250000000000512 ) ) ;
#217 = DIRECTION ( 'NONE',  ( 0.000000000000000000, 0.000000000000000000, -1.000000000000000000 ) ) ;
#218 = CARTESIAN_POINT ( 'NONE',  ( 15.00000000000000355, 10.00000000000000000, -152.2000000000000171 ) ) ;
#219 = ORIENTED_EDGE ( 'NONE', *, *, #1955, .T. ) ;
#220 = AXIS2_PLACEMENT_3D ( 'NONE', #3496, #95, #1471 ) ;
#221 = AXIS2_PLACEMENT_3D ( 'NONE', #4002, #2934, #924 ) ;
#222 = EDGE_LOOP ( 'NONE', ( #4192, #2333 ) ) ;
#223 = ADVANCED_FACE ( 'NONE', ( #3855 ), #698, .T. ) ;
#224 = DIRECTION ( 'NONE',  ( -0.000000000000000000, 1.000000000000000000, -0.000000000000000000 ) ) ;
#225 = ORIENTED_EDGE ( 'NONE', *, *, #894, .T. ) ;
#226 = VERTEX_POINT ( 'NONE', #2132 ) ;
#227 = AXIS2_PLACEMENT_3D ( 'NONE', #507, #1547, #4260 ) ;
#228 = CARTESIAN_POINT ( 'NONE',  ( 52.39463284441546875, 0.000000000000000000, -151.5996111077022590 ) ) ;
#229 = DIRECTION ( 'NONE',  ( -0.000000000000000000, -1.000000000000000000, -0.000000000000000000 ) ) ;
#230 = EDGE_LOOP ( 'NONE', ( #4341, #3525, #2927, #2164 ) ) ;
#231 = CARTESIAN_POINT ( 'NONE',  ( 30.40976575830350015, 72.00000000000000000, -137.1695890003506406 ) ) ;
#232 = CARTESIAN_POINT ( 'NONE',  ( 15.00000000000000355, 5.000000000000000000, -150.5000000000000284 ) ) ;
#233 = DIRECTION ( 'NONE',  ( -0.000000000000000000, 1.000000000000000000, -0.000000000000000000 ) ) ;
#234 = ADVANCED_FACE ( 'NONE', ( #2107 ), #4160, .T. ) ;
#235 = CARTESIAN_POINT ( 'NONE',  ( -41.64090188012137617, 27.48694177459503862, -113.0765610368317766 ) ) ;
#236 = EDGE_CURVE ( 'NONE', #2138, #4003, #4385, .T. ) ;
#237 = CIRCLE ( 'NONE', #808, 12.50000000000006750 ) ;
#238 = CARTESIAN_POINT ( 'NONE',  ( -36.90295417644663445, 0.000000000000000000, -166.4584692139486606 ) ) ;
#239 = LINE ( 'NONE', #3018, #611 ) ;
#240 = FACE_OUTER_BOUND ( 'NONE', #4145, .T. ) ;
#241 = CARTESIAN_POINT ( 'NONE',  ( 59.37786577456844128, 72.00000000000000000, -127.3362440786492442 ) ) ;
#242 = VERTEX_POINT ( 'NONE', #2416 ) ;
#243 = VERTEX_POINT ( 'NONE', #3139 ) ;
#244 = AXIS2_PLACEMENT_3D ( 'NONE', #2879, #867, #1229 ) ;
#245 = PLANE ( 'NONE',  #1209 ) ;
#246 = EDGE_LOOP ( 'NONE', ( #2842, #1785 ) ) ;
#247 = EDGE_CURVE ( 'NONE', #1831, #1185, #71, .T. ) ;
#248 = VERTEX_POINT ( 'NONE', #2751 ) ;
#249 = DIRECTION ( 'NONE',  ( -0.000000000000000000, 1.000000000000000000, -0.000000000000000000 ) ) ;
#250 = DIRECTION ( 'NONE',  ( 0.000000000000000000, 0.000000000000000000, -1.000000000000000000 ) ) ;
#251 = ORIENTED_EDGE ( 'NONE', *, *, #3881, .T. ) ;
#252 = ORIENTED_EDGE ( 'NONE', *, *, #2770, .F. ) ;
#253 = CIRCLE ( 'NONE', #3323, 185.5000000000000568 ) ;
#254 = ORIENTED_EDGE ( 'NONE', *, *, #2756, .T. ) ;
#255 = CARTESIAN_POINT ( 'NONE',  ( 45.27566932783381048, 57.42983689911567780, -122.3943036613450346 ) ) ;
#256 = CARTESIAN_POINT ( 'NONE',  ( 0.000000000000000000, 0.000000000000000000, 0.000000000000000000 ) ) ;
#257 = PLANE ( 'NONE',  #3025 ) ;
#258 = ADVANCED_FACE ( 'NONE', ( #719 ), #3827, .F. ) ;
#259 = LINE ( 'NONE', #1993, #2162 ) ;
#260 = AXIS2_PLACEMENT_3D ( 'NONE', #1720, #3081, #3774 ) ;
#261 = AXIS2_PLACEMENT_3D ( 'NONE', #414, #79, #1784 ) ;
#262 = DIRECTION ( 'NONE',  ( -0.2164396139381030426, 0.000000000000000000, 0.9762960071199333623 ) ) ;
#263 = CARTESIAN_POINT ( 'NONE',  ( 45.02648131759482197, 81.99999999999998579, -164.4471525449933438 ) ) ;
#264 = CARTESIAN_POINT ( 'NONE',  ( -65.71713970067902721, 10.00000000000000000, -140.9308608841989496 ) ) ;
#265 = VERTEX_POINT ( 'NONE', #1108 ) ;
#266 = ORIENTED_EDGE ( 'NONE', *, *, #3764, .T. ) ;
#267 = DIRECTION ( 'NONE',  ( 0.4226182617407008846, 0.000000000000000000, -0.9063077870366492705 ) ) ;
#268 = EDGE_LOOP ( 'NONE', ( #1352, #675, #4072, #384, #3772, #3672 ) ) ;
#269 = CARTESIAN_POINT ( 'NONE',  ( 0.000000000000000000, 72.00000000000000000, 0.000000000000000000 ) ) ;
#270 = ORIENTED_EDGE ( 'NONE', *, *, #1696, .F. ) ;
#271 = EDGE_CURVE ( 'NONE', #1478, #100, #902, .T. ) ;
#272 = DIRECTION ( 'NONE',  ( -0.2164396139381042916, -0.000000000000000000, -0.9762960071199330292 ) ) ;
#273 = CARTESIAN_POINT ( 'NONE',  ( -41.97514277044425057, 21.69980894866425558, -123.5653018925731317 ) ) ;
#274 = EDGE_CURVE ( 'NONE', #4248, #3457, #3185, .T. ) ;
#275 = EDGE_LOOP ( 'NONE', ( #1095, #1713, #4207, #3407 ) ) ;
#276 = ORIENTED_EDGE ( 'NONE', *, *, #3959, .T. ) ;
#277 = CARTESIAN_POINT ( 'NONE',  ( -18.50000000000001776, 5.000000000000000000, -169.2500000000000000 ) ) ;
#278 = PLANE ( 'NONE',  #2270 ) ;
#279 = CARTESIAN_POINT ( 'NONE',  ( 15.00000000000000355, 10.00000000000000000, -148.8000000000000114 ) ) ;
#280 = FACE_OUTER_BOUND ( 'NONE', #2095, .T. ) ;
#281 = EDGE_CURVE ( 'NONE', #2694, #3118, #7, .T. ) ;
#282 =( LENGTH_UNIT ( ) NAMED_UNIT ( * ) SI_UNIT ( .MILLI., .METRE. ) );
#283 = CARTESIAN_POINT ( 'NONE',  ( -22.25471577351893515, 72.00000000000000000, -169.0413488642346920 ) ) ;
#284 = DIRECTION ( 'NONE',  ( -0.000000000000000000, 1.000000000000000000, -0.000000000000000000 ) ) ;
#285 = ORIENTED_EDGE ( 'NONE', *, *, #1456, .T. ) ;
#286 = ORIENTED_EDGE ( 'NONE', *, *, #2353, .F. ) ;
#287 = AXIS2_PLACEMENT_3D ( 'NONE', #2231, #4216, #1169 ) ;
#288 = DIRECTION ( 'NONE',  ( 0.000000000000000000, 0.000000000000000000, 1.000000000000000000 ) ) ;
#289 = EDGE_CURVE ( 'NONE', #1533, #3435, #3790, .T. ) ;
#290 = ORIENTED_EDGE ( 'NONE', *, *, #773, .T. ) ;
#291 = CARTESIAN_POINT ( 'NONE',  ( 40.10507299503969136, 54.51213258930412309, -124.1847672745680171 ) ) ;
#292 = ADVANCED_FACE ( 'NONE', ( #3076 ), #659, .T. ) ;
#293 = AXIS2_PLACEMENT_3D ( 'NONE', #2681, #4376, #965 ) ;
#294 = ORIENTED_EDGE ( 'NONE', *, *, #3744, .T. ) ;
#295 = AXIS2_PLACEMENT_3D ( 'NONE', #2766, #2813, #4174 ) ;
#296 = EDGE_CURVE ( 'NONE', #2544, #1126, #55, .T. ) ;
#297 = CARTESIAN_POINT ( 'NONE',  ( -65.71713970067902721, 10.00000000000000000, -140.9308608841989496 ) ) ;
#298 = CIRCLE ( 'NONE', #878, 195.5000000000000000 ) ;
#299 = CARTESIAN_POINT ( 'NONE',  ( 0.000000000000000000, 61.99999999999999289, 0.000000000000000000 ) ) ;
#300 = CARTESIAN_POINT ( 'NONE',  ( -42.25273972865245753, 25.00000000000000000, -123.7819540552209645 ) ) ;
#301 = ORIENTED_EDGE ( 'NONE', *, *, #1869, .T. ) ;
#302 = ORIENTED_EDGE ( 'NONE', *, *, #1234, .F. ) ;
#303 = DIRECTION ( 'NONE',  ( 0.000000000000000000, 0.000000000000000000, 1.000000000000000000 ) ) ;
#304 = DIRECTION ( 'NONE',  ( 0.000000000000000000, 1.000000000000000000, -0.000000000000000000 ) ) ;
#305 = CARTESIAN_POINT ( 'NONE',  ( 39.03543664284581638, 56.99999999999998579, -124.5250363826583140 ) ) ;
#306 = DIRECTION ( 'NONE',  ( 0.000000000000000000, 0.000000000000000000, -1.000000000000000000 ) ) ;
#307 = CARTESIAN_POINT ( 'NONE',  ( 33.65635996737503888, 72.00000000000000000, -151.8140291071497074 ) ) ;
#308 = CARTESIAN_POINT ( 'NONE',  ( 65.71713970067897037, 10.00000000000000000, -140.9308608841990065 ) ) ;
#309 = DIRECTION ( 'NONE',  ( 0.000000000000000000, 0.000000000000000000, -1.000000000000000000 ) ) ;
#310 = ORIENTED_EDGE ( 'NONE', *, *, #128, .T. ) ;
#311 = ORIENTED_EDGE ( 'NONE', *, *, #3495, .T. ) ;
#312 = CIRCLE ( 'NONE', #3746, 155.5000000000000284 ) ;
#313 = ORIENTED_EDGE ( 'NONE', *, *, #3839, .F. ) ;
#314 = CARTESIAN_POINT ( 'NONE',  ( 39.68126759393452829, 54.98634013194394043, -124.3208004784546574 ) ) ;
#315 = VERTEX_POINT ( 'NONE', #1760 ) ;
#316 = EDGE_CURVE ( 'NONE', #3737, #4297, #1119, .T. ) ;
#317 = DIRECTION ( 'NONE',  ( 0.000000000000000000, 0.000000000000000000, 1.000000000000000000 ) ) ;
#318 = EDGE_CURVE ( 'NONE', #2236, #2779, #2678, .T. ) ;
#319 = AXIS2_PLACEMENT_3D ( 'NONE', #2850, #455, #1823 ) ;
#320 = DIRECTION ( 'NONE',  ( -0.000000000000000000, 1.000000000000000000, -0.000000000000000000 ) ) ;
#321 = CARTESIAN_POINT ( 'NONE',  ( -43.74159680812655893, 22.13573499504635933, -122.9510286240928565 ) ) ;
#322 = AXIS2_PLACEMENT_3D ( 'NONE', #4079, #2808, #2713 ) ;
#323 = ORIENTED_EDGE ( 'NONE', *, *, #3999, .F. ) ;
#324 = ORIENTED_EDGE ( 'NONE', *, *, #837, .F. ) ;
#325 = CARTESIAN_POINT ( 'NONE',  ( 52.39463284441546875, 72.00000000000000000, -141.8496111077022306 ) ) ;
#326 = DIRECTION ( 'NONE',  ( 0.000000000000000000, -1.000000000000000000, 0.000000000000000000 ) ) ;
#327 = CARTESIAN_POINT ( 'NONE',  ( -89.18254656228583599, 10.00000000000000178, -181.2902312082954950 ) ) ;
#328 = CARTESIAN_POINT ( 'NONE',  ( -36.44477503485190084, 25.00000000000000000, -114.8565556364068954 ) ) ;
#329 = AXIS2_PLACEMENT_3D ( 'NONE', #1219, #2571, #3601 ) ;
#330 = ADVANCED_FACE ( 'NONE', ( #3390 ), #2029, .F. ) ;
#331 = DIRECTION ( 'NONE',  ( 0.1305261922200517677, -0.000000000000000000, -0.9914448613738104932 ) ) ;
#332 = ADVANCED_FACE ( 'NONE', ( #2785 ), #1673, .F. ) ;
#333 = DIRECTION ( 'NONE',  ( 0.000000000000000000, 1.000000000000000000, 0.000000000000000000 ) ) ;
#334 = AXIS2_PLACEMENT_3D ( 'NONE', #2293, #3279, #4302 ) ;
#335 = CARTESIAN_POINT ( 'NONE',  ( 59.37786577456844128, 72.00000000000000000, -127.3362440786492442 ) ) ;
#336 = DIRECTION ( 'NONE',  ( 0.000000000000000000, -1.000000000000000000, 0.000000000000000000 ) ) ;
#337 = ORIENTED_EDGE ( 'NONE', *, *, #734, .T. ) ;
#338 = CIRCLE ( 'NONE', #2848, 2.749999999999974687 ) ;
#339 = ADVANCED_FACE ( 'NONE', ( #1335 ), #1002, .F. ) ;
#340 = EDGE_LOOP ( 'NONE', ( #1963, #3357, #4115, #3909, #285, #3546 ) ) ;
#341 = CARTESIAN_POINT ( 'NONE',  ( 39.03543664284581638, 56.99999999999998579, -124.5250363826583140 ) ) ;
#342 = EDGE_LOOP ( 'NONE', ( #629, #1818, #866, #655, #4316, #3738, #862 ) ) ;
#343 = DIRECTION ( 'NONE',  ( -0.000000000000000000, -1.000000000000000000, -0.000000000000000000 ) ) ;
#344 = CARTESIAN_POINT ( 'NONE',  ( -36.76316597214761117, 23.53780903682200787, -114.7550714746286218 ) ) ;
#345 = CARTESIAN_POINT ( 'NONE',  ( -42.98847531682300627, 21.80586681833110774, -123.2164211182523417 ) ) ;
#346 = CIRCLE ( 'NONE', #3212, 6.000000000000005329 ) ;
#347 = EDGE_LOOP ( 'NONE', ( #1375, #2782, #521, #3531 ) ) ;
#348 = CARTESIAN_POINT ( 'NONE',  ( 42.38671570290378554, 60.29970243464220658, -123.4247293214118741 ) ) ;
#349 = DIRECTION ( 'NONE',  ( 0.000000000000000000, 0.000000000000000000, 1.000000000000000000 ) ) ;
#350 = LINE ( 'NONE', #15, #382 ) ;
#351 = CARTESIAN_POINT ( 'NONE',  ( -44.97922491495283737, 26.46569620810207368, -122.5035762727996485 ) ) ;
#352 = CARTESIAN_POINT ( 'NONE',  ( -14.99999999999999645, 5.025000000000002132, -148.8000000000000114 ) ) ;
#353 = LINE ( 'NONE', #399, #444 ) ;
#354 = CARTESIAN_POINT ( 'NONE',  ( 52.39463284441546875, 36.64466094067258695, -141.8496111077022306 ) ) ;
#355 = CARTESIAN_POINT ( 'NONE',  ( -78.39568755290005697, 72.00000000000000000, -168.1200944952984742 ) ) ;
#356 = DIRECTION ( 'NONE',  ( -0.9762960071199332512, 0.000000000000000000, -0.2164396139381034034 ) ) ;
#357 = ORIENTED_EDGE ( 'NONE', *, *, #1464, .T. ) ;
#358 = AXIS2_PLACEMENT_3D ( 'NONE', #2566, #193, #1679 ) ;
#359 = DIRECTION ( 'NONE',  ( -0.000000000000000000, -0.000000000000000000, 1.000000000000000000 ) ) ;
#360 = ORIENTED_EDGE ( 'NONE', *, *, #3238, .T. ) ;
#361 = LINE ( 'NONE', #2664, #2393 ) ;
#362 = VERTEX_POINT ( 'NONE', #1091 ) ;
#363 = DIRECTION ( 'NONE',  ( 0.000000000000000000, 0.000000000000000000, -1.000000000000000000 ) ) ;
#364 = ADVANCED_FACE ( 'NONE', ( #3770 ), #2982, .F. ) ;
#365 = CARTESIAN_POINT ( 'NONE',  ( 60.25000000000012790, 81.99999999999998579, -104.3560611560247793 ) ) ;
#366 = CARTESIAN_POINT ( 'NONE',  ( 0.000000000000000000, 81.99999999999998579, 0.000000000000000000 ) ) ;
#367 = VECTOR ( 'NONE', #2992, 999.9999999999998863 ) ;
#368 = ORIENTED_EDGE ( 'NONE', *, *, #2575, .T. ) ;
#369 = AXIS2_PLACEMENT_3D ( 'NONE', #4043, #3016, #1680 ) ;
#370 = ORIENTED_EDGE ( 'NONE', *, *, #2938, .F. ) ;
#371 = CARTESIAN_POINT ( 'NONE',  ( 15.00000000000000355, 5.000000000000000000, -163.7750000000000341 ) ) ;
#372 = CARTESIAN_POINT ( 'NONE',  ( 36.44477503485185821, 57.21834568099540519, -114.8565556364068954 ) ) ;
#373 = PLANE ( 'NONE',  #2312 ) ;
#375 = EDGE_CURVE ( 'NONE', #2243, #1146, #728, .T. ) ;
#374 = CARTESIAN_POINT ( 'NONE',  ( -78.39568755290005697, 0.000000000000000000, -168.1200944952984742 ) ) ;
#376 = LINE ( 'NONE', #1748, #535 ) ;
#377 = DIRECTION ( 'NONE',  ( 0.000000000000000000, 0.000000000000000000, -1.000000000000000000 ) ) ;
#378 = EDGE_CURVE ( 'NONE', #100, #3116, #3908, .T. ) ;
#379 = CARTESIAN_POINT ( 'NONE',  ( -52.39463284441555402, 0.000000000000000000, -154.3496111077021737 ) ) ;
#380 = DIRECTION ( 'NONE',  ( -0.000000000000000000, 1.000000000000000000, -0.000000000000000000 ) ) ;
#381 = VERTEX_POINT ( 'NONE', #2361 ) ;
#382 = VECTOR ( 'NONE', #1383, 999.9999999999998863 ) ;
#383 = CARTESIAN_POINT ( 'NONE',  ( 52.39463284441546875, 81.99999999999998579, -157.0996111077022022 ) ) ;
#384 = ORIENTED_EDGE ( 'NONE', *, *, #2476, .T. ) ;
#385 = CARTESIAN_POINT ( 'NONE',  ( -82.24954684975014629, 26.57782668629988265, -184.5661240571402573 ) ) ;
#386 = ORIENTED_EDGE ( 'NONE', *, *, #938, .F. ) ;
#387 = CARTESIAN_POINT ( 'NONE',  ( 0.000000000000000000, 5.000000000000000000, 0.000000000000000000 ) ) ;
#388 = DIRECTION ( 'NONE',  ( 0.000000000000000000, 0.000000000000000000, 1.000000000000000000 ) ) ;
#389 = EDGE_CURVE ( 'NONE', #2706, #462, #3122, .T. ) ;
#390 = VERTEX_POINT ( 'NONE', #2738 ) ;
#391 = FACE_OUTER_BOUND ( 'NONE', #3276, .T. ) ;
#392 = VERTEX_POINT ( 'NONE', #4409 ) ;
#393 = CIRCLE ( 'NONE', #244, 10.00000000000000355 ) ;
#394 = ORIENTED_EDGE ( 'NONE', *, *, #2921, .F. ) ;
#395 = DIRECTION ( 'NONE',  ( -0.000000000000000000, -1.000000000000000000, -0.000000000000000000 ) ) ;
#396 = VECTOR ( 'NONE', #646, 1000.000000000000000 ) ;
#397 = CARTESIAN_POINT ( 'NONE',  ( 0.000000000000000000, 81.99999999999998579, 0.000000000000000000 ) ) ;
#398 = DIRECTION ( 'NONE',  ( 0.000000000000000000, 0.000000000000000000, -1.000000000000000000 ) ) ;
#399 = CARTESIAN_POINT ( 'NONE',  ( 64.38717422483068731, 76.99999999999998579, -157.8750828830862076 ) ) ;
#400 = EDGE_CURVE ( 'NONE', #1087, #1757, #4103, .T. ) ;
#401 = DIRECTION ( 'NONE',  ( 0.000000000000000000, 0.000000000000000000, 1.000000000000000000 ) ) ;
#402 = CARTESIAN_POINT ( 'NONE',  ( 0.000000000000000000, 81.99999999999998579, 0.000000000000000000 ) ) ;
#403 = LINE ( 'NONE', #3207, #3655 ) ;
#404 = DIRECTION ( 'NONE',  ( 0.000000000000000000, 0.000000000000000000, -1.000000000000000000 ) ) ;
#405 = EDGE_LOOP ( 'NONE', ( #1289, #2719, #2068, #994, #2031, #1608 ) ) ;
#406 = AXIS2_PLACEMENT_3D ( 'NONE', #2350, #3713, #3400 ) ;
#407 = CARTESIAN_POINT ( 'NONE',  ( -72.05641362678954920, 10.00000000000000000, -154.5254776897487261 ) ) ;
#408 = AXIS2_PLACEMENT_3D ( 'NONE', #1251, #3974, #2644 ) ;
#409 = ORIENTED_EDGE ( 'NONE', *, *, #3638, .T. ) ;
#410 = CARTESIAN_POINT ( 'NONE',  ( 42.69510015324293306, 56.99999999999999289, -112.6826447280350010 ) ) ;
#411 = ORIENTED_EDGE ( 'NONE', *, *, #1641, .T. ) ;
#412 = CIRCLE ( 'NONE', #188, 120.5000000000000000 ) ;
#413 = CARTESIAN_POINT ( 'NONE',  ( 0.000000000000000000, 81.99999999999998579, 0.000000000000000000 ) ) ;
#414 = CARTESIAN_POINT ( 'NONE',  ( -52.39463284441555402, 0.000000000000000000, -154.3496111077021737 ) ) ;
#415 = EDGE_LOOP ( 'NONE', ( #2787, #2205, #4314, #4060 ) ) ;
#416 = VECTOR ( 'NONE', #4270, 1000.000000000000000 ) ;
#417 = VERTEX_POINT ( 'NONE', #2714 ) ;
#418 = ORIENTED_EDGE ( 'NONE', *, *, #3603, .T. ) ;
#419 = CARTESIAN_POINT ( 'NONE',  ( 41.37004520513910677, 60.19605783787654474, -123.7691962008042879 ) ) ;
#420 = SURFACE_STYLE_USAGE ( .BOTH. , #1815 ) ;
#421 = CARTESIAN_POINT ( 'NONE',  ( -18.50000000000001776, 0.000000000000000000, -169.2500000000000000 ) ) ;
#422 = LINE ( 'NONE', #374, #4082 ) ;
#423 = FACE_OUTER_BOUND ( 'NONE', #268, .T. ) ;
#425 = CARTESIAN_POINT ( 'NONE',  ( 52.39463284441546165, 45.35533905932756227, -154.3496111077022590 ) ) ;
#424 = AXIS2_PLACEMENT_3D ( 'NONE', #1045, #4122, #3769 ) ;
#426 = CARTESIAN_POINT ( 'NONE',  ( 41.48326883727614955, 54.37583171642943825, -113.1345250697440719 ) ) ;
#427 = EDGE_CURVE ( 'NONE', #2180, #2265, #892, .T. ) ;
#428 = CARTESIAN_POINT ( 'NONE',  ( 65.71713970067897037, 10.00000000000000000, -140.9308608841990065 ) ) ;
#429 = VERTEX_POINT ( 'NONE', #1830 ) ;
#430 = LINE ( 'NONE', #2852, #2875 ) ;
#431 = LINE ( 'NONE', #795, #528 ) ;
#432 = ORIENTED_EDGE ( 'NONE', *, *, #316, .T. ) ;
#433 = EDGE_CURVE ( 'NONE', #3291, #2311, #3478, .T. ) ;
#434 = DIRECTION ( 'NONE',  ( 0.000000000000000000, 0.000000000000000000, -1.000000000000000000 ) ) ;
#435 = EDGE_CURVE ( 'NONE', #3215, #1583, #1985, .T. ) ;
#436 = EDGE_LOOP ( 'NONE', ( #631, #1427, #1330, #129 ) ) ;
#437 = AXIS2_PLACEMENT_3D ( 'NONE', #562, #2823, #2331 ) ;
#438 = EDGE_LOOP ( 'NONE', ( #4298, #225, #2111, #43 ) ) ;
#439 = EDGE_CURVE ( 'NONE', #2266, #2639, #2767, .T. ) ;
#440 = DIRECTION ( 'NONE',  ( -0.000000000000000000, 1.000000000000000000, -0.000000000000000000 ) ) ;
#441 = ORIENTED_EDGE ( 'NONE', *, *, #2186, .F. ) ;
#442 = CARTESIAN_POINT ( 'NONE',  ( -65.71713970067911248, 10.00000000000000000, -140.9308608841989212 ) ) ;
#443 = CARTESIAN_POINT ( 'NONE',  ( 39.17649664342559390, 60.27934313994274618, -113.9539275325228260 ) ) ;
#444 = VECTOR ( 'NONE', #2412, 1000.000000000000000 ) ;
#445 = DIRECTION ( 'NONE',  ( 0.000000000000000000, 0.000000000000000000, -1.000000000000000000 ) ) ;
#446 = VECTOR ( 'NONE', #113, 1000.000000000000000 ) ;
#447 = AXIS2_PLACEMENT_3D ( 'NONE', #2891, #517, #4332 ) ;
#448 = AXIS2_PLACEMENT_3D ( 'NONE', #3242, #2523, #4237 ) ;
#449 = ORIENTED_EDGE ( 'NONE', *, *, #166, .T. ) ;
#450 = CYLINDRICAL_SURFACE ( 'NONE', #3297, 185.5000000000000568 ) ;
#451 = CARTESIAN_POINT ( 'NONE',  ( 52.39463284441546165, 10.00000000000000178, -154.3496111077022590 ) ) ;
#452 = CARTESIAN_POINT ( 'NONE',  ( -81.34323906271349358, 0.000000000000000000, -184.1435057953995624 ) ) ;
#453 = CARTESIAN_POINT ( 'NONE',  ( 39.38039292325085938, 53.69968953983465099, -113.8836342647327626 ) ) ;
#454 = AXIS2_PLACEMENT_3D ( 'NONE', #1486, #897, #3557 ) ;
#455 = DIRECTION ( 'NONE',  ( 0.000000000000000000, 1.000000000000000000, -0.000000000000000000 ) ) ;
#456 = ORIENTED_EDGE ( 'NONE', *, *, #400, .T. ) ;
#457 = CARTESIAN_POINT ( 'NONE',  ( 78.39568755290000013, 72.00000000000000000, -168.1200944952985310 ) ) ;
#458 = CARTESIAN_POINT ( 'NONE',  ( -78.41068271674377854, 10.00000000000000178, -179.0866126651963555 ) ) ;
#459 = VERTEX_POINT ( 'NONE', #3861 ) ;
#460 = EDGE_CURVE ( 'NONE', #2342, #518, #1115, .T. ) ;
#461 = CARTESIAN_POINT ( 'NONE',  ( -40.38862950528535123, 21.80488557531068494, -113.5299660362365870 ) ) ;
#462 = VERTEX_POINT ( 'NONE', #2471 ) ;
#463 = ORIENTED_EDGE ( 'NONE', *, *, #140, .F. ) ;
#464 = EDGE_CURVE ( 'NONE', #4257, #1206, #159, .T. ) ;
#465 = DIRECTION ( 'NONE',  ( -0.000000000000000000, -1.000000000000000000, -0.000000000000000000 ) ) ;
#466 = ORIENTED_EDGE ( 'NONE', *, *, #1603, .T. ) ;
#467 = AXIS2_PLACEMENT_3D ( 'NONE', #1695, #3456, #2094 ) ;
#468 = ORIENTED_EDGE ( 'NONE', *, *, #1932, .F. ) ;
#469 = CARTESIAN_POINT ( 'NONE',  ( -14.99999999999999645, 5.000000000000000000, -150.5000000000000284 ) ) ;
#470 = DIRECTION ( 'NONE',  ( -0.000000000000000000, -1.000000000000000000, 0.000000000000000000 ) ) ;
#471 = CARTESIAN_POINT ( 'NONE',  ( 0.000000000000000000, 72.00000000000000000, 0.000000000000000000 ) ) ;
#472 = CARTESIAN_POINT ( 'NONE',  ( 42.59593457778098013, 56.14426029657919770, -112.7201763808036219 ) ) ;
#473 = EDGE_CURVE ( 'NONE', #1920, #3737, #125, .T. ) ;
#474 = ORIENTED_EDGE ( 'NONE', *, *, #1140, .T. ) ;
#475 = FACE_OUTER_BOUND ( 'NONE', #2669, .T. ) ;
#476 = FACE_OUTER_BOUND ( 'NONE', #1864, .T. ) ;
#477 = ORIENTED_EDGE ( 'NONE', *, *, #1088, .F. ) ;
#478 = AXIS2_PLACEMENT_3D ( 'NONE', #1950, #4398, #2038 ) ;
#479 = DIRECTION ( 'NONE',  ( 1.541976423090495880E-16, 0.000000000000000000, -1.000000000000000000 ) ) ;
#480 = ORIENTED_EDGE ( 'NONE', *, *, #76, .T. ) ;
#481 = AXIS2_PLACEMENT_3D ( 'NONE', #934, #588, #4277 ) ;
#482 = EDGE_LOOP ( 'NONE', ( #386, #1761, #2830, #2248 ) ) ;
#483 = AXIS2_PLACEMENT_3D ( 'NONE', #1476, #4208, #1160 ) ;
#484 = CARTESIAN_POINT ( 'NONE',  ( 0.000000000000000000, 81.99999999999998579, 0.000000000000000000 ) ) ;
#485 = CARTESIAN_POINT ( 'NONE',  ( 39.78644581514902256, 60.29992356722955549, -113.7424072213298416 ) ) ;
#486 = ORIENTED_EDGE ( 'NONE', *, *, #2100, .F. ) ;
#487 = DIRECTION ( 'NONE',  ( 0.000000000000000000, 0.000000000000000000, -1.000000000000000000 ) ) ;
#488 = DIRECTION ( 'NONE',  ( 0.000000000000000000, 0.000000000000000000, -1.000000000000000000 ) ) ;
#489 = DIRECTION ( 'NONE',  ( 0.000000000000000000, -1.000000000000000000, 0.000000000000000000 ) ) ;
#490 = DIRECTION ( 'NONE',  ( 0.000000000000000000, 0.000000000000000000, -1.000000000000000000 ) ) ;
#491 = ORIENTED_EDGE ( 'NONE', *, *, #651, .T. ) ;
#492 = CARTESIAN_POINT ( 'NONE',  ( 15.00000000000000355, 5.000000000000000000, -148.8000000000000114 ) ) ;
#493 = LINE ( 'NONE', #1906, #3200 ) ;
#494 = LINE ( 'NONE', #3228, #3583 ) ;
#495 = ORIENTED_EDGE ( 'NONE', *, *, #1257, .F. ) ;
#496 = CARTESIAN_POINT ( 'NONE',  ( -37.67308009134645630, 22.37452133374635821, -114.4596932745476465 ) ) ;
#497 = ORIENTED_EDGE ( 'NONE', *, *, #4071, .F. ) ;
#498 = VERTEX_POINT ( 'NONE', #3170 ) ;
#499 = EDGE_CURVE ( 'NONE', #2888, #4166, #1630, .T. ) ;
#500 = DIRECTION ( 'NONE',  ( 0.000000000000000000, 1.000000000000000000, -0.000000000000000000 ) ) ;
#501 = CARTESIAN_POINT ( 'NONE',  ( 36.86141657668386529, 58.65500978976254487, -114.7235826342628968 ) ) ;
#502 = ORIENTED_EDGE ( 'NONE', *, *, #3810, .T. ) ;
#503 = VECTOR ( 'NONE', #3822, 1000.000000000000000 ) ;
#504 = CARTESIAN_POINT ( 'NONE',  ( -52.39463284441555402, 72.00000000000000000, -154.3496111077021737 ) ) ;
#505 = ADVANCED_FACE ( 'NONE', ( #2182 ), #3902, .T. ) ;
#506 = LINE ( 'NONE', #3574, #1240 ) ;
#507 = CARTESIAN_POINT ( 'NONE',  ( 0.000000000000000000, 10.00000000000000000, 0.000000000000000000 ) ) ;
#508 = VECTOR ( 'NONE', #284, 1000.000000000000000 ) ;
#509 = CARTESIAN_POINT ( 'NONE',  ( 38.01816069135738019, 54.13283380879428819, -114.3455366745504449 ) ) ;
#510 = PRODUCT_DEFINITION_SHAPE ( 'NONE', 'NONE',  #1181 ) ;
#511 = AXIS2_PLACEMENT_3D ( 'NONE', #960, #2297, #2696 ) ;
#512 = EDGE_LOOP ( 'NONE', ( #793, #1590, #3258, #1888 ) ) ;
#513 = EDGE_CURVE ( 'NONE', #4209, #757, #1275, .T. ) ;
#514 = AXIS2_PLACEMENT_3D ( 'NONE', #3066, #4130, #787 ) ;
#515 = DIRECTION ( 'NONE',  ( -0.000000000000000000, -1.000000000000000000, -0.000000000000000000 ) ) ;
#516 = CARTESIAN_POINT ( 'NONE',  ( -45.02648131759492145, 72.00000000000000000, -164.4471525449932869 ) ) ;
#517 = DIRECTION ( 'NONE',  ( 0.000000000000000000, 1.000000000000000000, 0.000000000000000000 ) ) ;
#518 = VERTEX_POINT ( 'NONE', #2514 ) ;
#519 = B_SPLINE_CURVE_WITH_KNOTS ( 'NONE', 3,
 ( #2235, #214, #573, #3937, #3244, #4219, #4307, #2567, #4284, #235, #898, #2867, #169, #1548, #3597, #2909, #4261, #2261, #1597, #1948, #554, #2954, #1258, #3308, #1637, #2995, #4350, #2677, #3419, #941, #643, #2011, #4372, #328 ),
 .UNSPECIFIED., .F., .F.,
 ( 4, 2, 2, 2, 2, 2, 2, 2, 2, 2, 2, 2, 2, 2, 2, 2, 4 ),
 ( 3.469446951953613804E-18, 0.0006457363791848142430, 0.001291472758369625017, 0.001937209137554435790, 0.002582945516739246564, 0.003228681895924057337, 0.003874418275108868111, 0.004520154654293678451, 0.005165891033478489658, 0.005811627412663300865, 0.006457363791848111205, 0.007103100171032921545, 0.007748836550217732752, 0.008394572929402543959, 0.009040309308587353432, 0.009686045687772164639, 0.01033178206695697585 ),
 .UNSPECIFIED. ) ;
#520 = CARTESIAN_POINT ( 'NONE',  ( 52.39463284441546875, 36.64466094067258695, -154.3496111077022306 ) ) ;
#521 = ORIENTED_EDGE ( 'NONE', *, *, #1498, .F. ) ;
#522 = EDGE_CURVE ( 'NONE', #589, #1097, #3882, .T. ) ;
#523 = ORIENTED_EDGE ( 'NONE', *, *, #400, .F. ) ;
#524 = FACE_OUTER_BOUND ( 'NONE', #4333, .T. ) ;
#525 = EDGE_CURVE ( 'NONE', #1533, #1072, #196, .T. ) ;
#526 = CIRCLE ( 'NONE', #1314, 1.700000000000007061 ) ;
#527 = DIRECTION ( 'NONE',  ( -1.387778780781444413E-14, 0.000000000000000000, -1.000000000000000000 ) ) ;
#528 = VECTOR ( 'NONE', #2158, 1000.000000000000000 ) ;
#529 = ORIENTED_EDGE ( 'NONE', *, *, #236, .F. ) ;
#530 = CARTESIAN_POINT ( 'NONE',  ( 0.000000000000000000, 0.000000000000000000, 0.000000000000000000 ) ) ;
#531 = EDGE_CURVE ( 'NONE', #865, #1022, #2622, .T. ) ;
#532 = CARTESIAN_POINT ( 'NONE',  ( 52.39463284441546875, 72.00000000000000000, -154.3496111077022306 ) ) ;
#533 = DIRECTION ( 'NONE',  ( -0.000000000000000000, -1.000000000000000000, -0.000000000000000000 ) ) ;
#534 = FACE_BOUND ( 'NONE', #32, .T. ) ;
#535 = VECTOR ( 'NONE', #39, 1000.000000000000000 ) ;
#536 = EDGE_CURVE ( 'NONE', #462, #2587, #2919, .T. ) ;
#537 = CYLINDRICAL_SURFACE ( 'NONE', #1355, 170.5000000000000284 ) ;
#538 = CARTESIAN_POINT ( 'NONE',  ( -30.40976575830357476, 10.00000000000000000, -137.1695890003506122 ) ) ;
#539 = AXIS2_PLACEMENT_3D ( 'NONE', #2404, #3412, #3701 ) ;
#540 = DIRECTION ( 'NONE',  ( 0.000000000000000000, 0.000000000000000000, -1.000000000000000000 ) ) ;
#541 = ORIENTED_EDGE ( 'NONE', *, *, #3383, .T. ) ;
#542 = ORIENTED_EDGE ( 'NONE', *, *, #3593, .F. ) ;
#543 = DIRECTION ( 'NONE',  ( 0.000000000000000000, 1.000000000000000000, 0.000000000000000000 ) ) ;
#544 = ORIENTED_EDGE ( 'NONE', *, *, #624, .F. ) ;
#545 = EDGE_LOOP ( 'NONE', ( #3923, #3900, #3840, #2223 ) ) ;
#546 = DIRECTION ( 'NONE',  ( -0.000000000000000000, -1.000000000000000000, 0.000000000000000000 ) ) ;
#547 = CIRCLE ( 'NONE', #2841, 140.5000000000000000 ) ;
#548 = CARTESIAN_POINT ( 'NONE',  ( -88.53283739194542079, 10.00000000000000178, -180.9872668465922345 ) ) ;
#549 = AXIS2_PLACEMENT_3D ( 'NONE', #232, #4370, #2233 ) ;
#550 = ORIENTED_EDGE ( 'NONE', *, *, #4419, .F. ) ;
#551 = CARTESIAN_POINT ( 'NONE',  ( -14.99999999999999645, 10.00000000000000000, -167.2000000000000455 ) ) ;
#552 = DIRECTION ( 'NONE',  ( -0.000000000000000000, 1.000000000000000000, -0.000000000000000000 ) ) ;
#553 = DIRECTION ( 'NONE',  ( -0.2588190451025249583, -0.000000000000000000, -0.9659258262890670910 ) ) ;
#554 = CARTESIAN_POINT ( 'NONE',  ( -38.57795969551489890, 28.13303492155866437, -114.1579217716632542 ) ) ;
#555 = EDGE_CURVE ( 'NONE', #2562, #1423, #1645, .T. ) ;
#556 = FACE_OUTER_BOUND ( 'NONE', #819, .T. ) ;
#557 = DIRECTION ( 'NONE',  ( -0.000000000000000000, -1.000000000000000000, -0.000000000000000000 ) ) ;
#558 = AXIS2_PLACEMENT_3D ( 'NONE', #1800, #1036, #2797 ) ;
#559 = CARTESIAN_POINT ( 'NONE',  ( -14.99999999999999645, 5.000000000000000000, -148.7750000000000057 ) ) ;
#560 = ORIENTED_EDGE ( 'NONE', *, *, #3280, .F. ) ;
#561 = ORIENTED_EDGE ( 'NONE', *, *, #1717, .F. ) ;
#562 = CARTESIAN_POINT ( 'NONE',  ( 15.00000000000000355, 5.025000000000002132, -165.5000000000000284 ) ) ;
#563 = VERTEX_POINT ( 'NONE', #4315 ) ;
#564 = ORIENTED_EDGE ( 'NONE', *, *, #4354, .T. ) ;
#565 = CARTESIAN_POINT ( 'NONE',  ( 65.71713970067897037, 0.000000000000000000, -140.9308608841990065 ) ) ;
#566 = DIRECTION ( 'NONE',  ( -0.2164396139381042916, -0.000000000000000000, -0.9762960071199330292 ) ) ;
#567 = EDGE_CURVE ( 'NONE', #1380, #1469, #3294, .T. ) ;
#568 = AXIS2_PLACEMENT_3D ( 'NONE', #593, #3979, #2368 ) ;
#569 = EDGE_LOOP ( 'NONE', ( #4126, #3875, #1671, #3049 ) ) ;
#570 = DIRECTION ( 'NONE',  ( 0.000000000000000000, 0.000000000000000000, 1.000000000000000000 ) ) ;
#571 = DIRECTION ( 'NONE',  ( 1.000000000000000000, 0.000000000000000000, -0.000000000000000000 ) ) ;
#572 = PLANE ( 'NONE',  #1937 ) ;
#573 = CARTESIAN_POINT ( 'NONE',  ( -42.67493421078715699, 25.43302697826884540, -112.6902913920583984 ) ) ;
#574 = LINE ( 'NONE', #216, #3351 ) ;
#575 = DIRECTION ( 'NONE',  ( -0.000000000000000000, -1.000000000000000000, -0.000000000000000000 ) ) ;
#576 = DIRECTION ( 'NONE',  ( -0.4226182617407002184, 0.000000000000000000, 0.9063077870366494926 ) ) ;
#577 = VECTOR ( 'NONE', #3932, 1000.000000000000000 ) ;
#578 = ORIENTED_EDGE ( 'NONE', *, *, #108, .T. ) ;
#579 = AXIS2_PLACEMENT_3D ( 'NONE', #1420, #1778, #2753 ) ;
#580 = VECTOR ( 'NONE', #576, 1000.000000000000114 ) ;
#581 = ORIENTED_EDGE ( 'NONE', *, *, #3731, .F. ) ;
#582 = ORIENTED_EDGE ( 'NONE', *, *, #996, .T. ) ;
#583 = CARTESIAN_POINT ( 'NONE',  ( -52.39463284441563218, 45.35533905932756227, -166.8496111077022306 ) ) ;
#584 = VERTEX_POINT ( 'NONE', #952 ) ;
#585 = ORIENTED_EDGE ( 'NONE', *, *, #2708, .T. ) ;
#586 = CARTESIAN_POINT ( 'NONE',  ( 64.38717422483071573, 81.99999999999998579, -157.8750828830861224 ) ) ;
#587 = ADVANCED_FACE ( 'NONE', ( #2310 ), #2939, .F. ) ;
#588 = DIRECTION ( 'NONE',  ( 0.9063077870366493816, -0.000000000000000000, 0.4226182617407008291 ) ) ;
#589 = VERTEX_POINT ( 'NONE', #2961 ) ;
#590 = ORIENTED_EDGE ( 'NONE', *, *, #863, .T. ) ;
#591 = DIRECTION ( 'NONE',  ( 0.000000000000000000, 1.000000000000000000, 0.000000000000000000 ) ) ;
#592 = CARTESIAN_POINT ( 'NONE',  ( -81.34323906271349358, 10.00000000000000178, -185.1435057953995624 ) ) ;
#593 = CARTESIAN_POINT ( 'NONE',  ( -52.39463284441563218, 10.00000000000000178, -154.3496111077021737 ) ) ;
#594 = DIRECTION ( 'NONE',  ( -0.000000000000000000, -1.000000000000000000, -0.000000000000000000 ) ) ;
#595 = AXIS2_PLACEMENT_3D ( 'NONE', #49, #4140, #75 ) ;
#596 = CARTESIAN_POINT ( 'NONE',  ( 0.000000000000000000, 72.00000000000000000, 0.000000000000000000 ) ) ;
#597 = CARTESIAN_POINT ( 'NONE',  ( 0.000000000000000000, 10.00000000000000000, 0.000000000000000000 ) ) ;
#598 = EDGE_CURVE ( 'NONE', #3740, #663, #203, .T. ) ;
#599 = DIRECTION ( 'NONE',  ( 0.000000000000000000, 0.000000000000000000, 1.000000000000000000 ) ) ;
#600 = EDGE_LOOP ( 'NONE', ( #1490, #665, #3689, #1933 ) ) ;
#601 = ORIENTED_EDGE ( 'NONE', *, *, #2816, .T. ) ;
#602 = VECTOR ( 'NONE', #3441, 1000.000000000000000 ) ;
#603 = CARTESIAN_POINT ( 'NONE',  ( 40.14954838551813054, 10.00000000000000000, -181.1029093207476990 ) ) ;
#604 = ADVANCED_FACE ( 'NONE', ( #2553 ), #3001, .T. ) ;
#605 = EDGE_LOOP ( 'NONE', ( #4271, #1845, #3153, #2023, #2399, #974, #1811 ) ) ;
#606 = ORIENTED_EDGE ( 'NONE', *, *, #2550, .T. ) ;
#607 = CARTESIAN_POINT ( 'NONE',  ( -80.74789786640749867, 0.000000000000000000, -184.9469787943117467 ) ) ;
#608 = DIRECTION ( 'NONE',  ( 0.1305261922200524061, 0.000000000000000000, 0.9914448613738102711 ) ) ;
#609 = EDGE_LOOP ( 'NONE', ( #189, #2217, #101, #1338 ) ) ;
#610 = EDGE_LOOP ( 'NONE', ( #3120, #3994, #1226, #523, #3455, #638 ) ) ;
#611 = VECTOR ( 'NONE', #331, 999.9999999999998863 ) ;
#612 = STYLED_ITEM ( 'NONE', ( #105 ), #3445 ) ;
#613 = ORIENTED_EDGE ( 'NONE', *, *, #2921, .T. ) ;
#614 = FACE_OUTER_BOUND ( 'NONE', #3192, .T. ) ;
#615 = DIRECTION ( 'NONE',  ( -0.000000000000000000, 1.000000000000000000, -0.000000000000000000 ) ) ;
#616 = CARTESIAN_POINT ( 'NONE',  ( 0.000000000000000000, 81.99999999999998579, 0.000000000000000000 ) ) ;
#617 = CARTESIAN_POINT ( 'NONE',  ( -42.38187816147731724, 28.30004444402169383, -123.4263906080985151 ) ) ;
#618 = AXIS2_PLACEMENT_3D ( 'NONE', #2631, #615, #2952 ) ;
#619 = SHAPE_DEFINITION_REPRESENTATION ( #510, #1349 ) ;
#620 = CARTESIAN_POINT ( 'NONE',  ( -24.21260865681972518, 72.00000000000000000, -183.9130217848418738 ) ) ;
#621 = ADVANCED_FACE ( 'NONE', ( #1935 ), #2287, .F. ) ;
#622 = AXIS2_PLACEMENT_3D ( 'NONE', #1956, #180, #3316 ) ;
#623 = DIRECTION ( 'NONE',  ( -0.000000000000000000, 1.000000000000000000, -0.000000000000000000 ) ) ;
#624 = EDGE_CURVE ( 'NONE', #3059, #498, #3671, .T. ) ;
#625 = ORIENTED_EDGE ( 'NONE', *, *, #908, .F. ) ;
#626 = EDGE_LOOP ( 'NONE', ( #954, #1853, #3715, #4269 ) ) ;
#627 = ORIENTED_EDGE ( 'NONE', *, *, #2487, .T. ) ;
#628 = CARTESIAN_POINT ( 'NONE',  ( 72.05641362678947814, 10.00000000000000000, -154.5254776897487830 ) ) ;
#629 = ORIENTED_EDGE ( 'NONE', *, *, #2938, .T. ) ;
#630 = FACE_OUTER_BOUND ( 'NONE', #4280, .T. ) ;
#631 = ORIENTED_EDGE ( 'NONE', *, *, #439, .F. ) ;
#632 = DIRECTION ( 'NONE',  ( -0.9063077870366493816, 0.000000000000000000, 0.4226182617407008291 ) ) ;
#633 = CIRCLE ( 'NONE', #3924, 155.5000000000000284 ) ;
#634 = DIRECTION ( 'NONE',  ( -0.000000000000000000, -1.000000000000000000, -0.000000000000000000 ) ) ;
#635 = FACE_OUTER_BOUND ( 'NONE', #2810, .T. ) ;
#636 = CIRCLE ( 'NONE', #1222, 170.5000000000000568 ) ;
#637 = EDGE_CURVE ( 'NONE', #1454, #3476, #1566, .T. ) ;
#638 = ORIENTED_EDGE ( 'NONE', *, *, #1851, .F. ) ;
#639 = ORIENTED_EDGE ( 'NONE', *, *, #2113, .T. ) ;
#640 = FACE_BOUND ( 'NONE', #342, .T. ) ;
#641 = CARTESIAN_POINT ( 'NONE',  ( 52.39463284441546875, 81.99999999999998579, -151.5996111077022590 ) ) ;
#642 = PLANE ( 'NONE',  #1514 ) ;
#643 = CARTESIAN_POINT ( 'NONE',  ( -36.54610794714415078, 25.85809625568601788, -114.8243605942322034 ) ) ;
#644 = EDGE_CURVE ( 'NONE', #4166, #957, #4296, .T. ) ;
#645 = CARTESIAN_POINT ( 'NONE',  ( 0.000000000000000000, 72.00000000000000000, 0.000000000000000000 ) ) ;
#646 = DIRECTION ( 'NONE',  ( -0.000000000000000000, 1.000000000000000000, -0.000000000000000000 ) ) ;
#647 = CARTESIAN_POINT ( 'NONE',  ( 40.14954838551813765, 0.000000000000000000, -181.1029093207476990 ) ) ;
#648 = CYLINDRICAL_SURFACE ( 'NONE', #1220, 12.50000000000001066 ) ;
#649 = ADVANCED_FACE ( 'NONE', ( #1559 ), #245, .F. ) ;
#650 = ORIENTED_EDGE ( 'NONE', *, *, #3174, .F. ) ;
#651 = EDGE_CURVE ( 'NONE', #518, #584, #4006, .T. ) ;
#652 = EDGE_LOOP ( 'NONE', ( #4226, #4178, #2285, #1404 ) ) ;
#653 = CARTESIAN_POINT ( 'NONE',  ( 44.52814200932483146, 54.81901303851599749, -122.6683270575155120 ) ) ;
#654 = CIRCLE ( 'NONE', #3088, 2.749999999999974687 ) ;
#655 = ORIENTED_EDGE ( 'NONE', *, *, #2232, .F. ) ;
#656 = VECTOR ( 'NONE', #1797, 1000.000000000000000 ) ;
#657 = DIRECTION ( 'NONE',  ( -0.000000000000000000, 1.000000000000000000, -0.000000000000000000 ) ) ;
#658 = ADVANCED_FACE ( 'NONE', ( #1225 ), #1976, .T. ) ;
#659 = CYLINDRICAL_SURFACE ( 'NONE', #539, 6.000000000000005329 ) ;
#660 = CARTESIAN_POINT ( 'NONE',  ( 0.000000000000000000, 72.00000000000000000, 0.000000000000000000 ) ) ;
#661 = AXIS2_PLACEMENT_3D ( 'NONE', #471, #1172, #112 ) ;
#662 = ADVANCED_FACE ( 'NONE', ( #1913 ), #3274, .T. ) ;
#663 = VERTEX_POINT ( 'NONE', #909 ) ;
#664 = EDGE_CURVE ( 'NONE', #957, #3888, #4262, .T. ) ;
#665 = ORIENTED_EDGE ( 'NONE', *, *, #2559, .F. ) ;
#666 = CARTESIAN_POINT ( 'NONE',  ( -14.99999999999999645, 5.000000000000000000, -150.5000000000000284 ) ) ;
#667 = DIRECTION ( 'NONE',  ( 0.000000000000000000, 1.000000000000000000, -0.000000000000000000 ) ) ;
#668 = DIRECTION ( 'NONE',  ( 0.000000000000000000, 0.000000000000000000, -1.000000000000000000 ) ) ;
#669 = CARTESIAN_POINT ( 'NONE',  ( -42.58547537532289340, 28.27869198875449896, -123.3562801357502110 ) ) ;
#670 = EDGE_CURVE ( 'NONE', #1757, #1733, #636, .T. ) ;
#671 = DIRECTION ( 'NONE',  ( -0.000000000000000000, -1.000000000000000000, -0.000000000000000000 ) ) ;
#672 = CARTESIAN_POINT ( 'NONE',  ( 59.37786577456844128, 81.99999999999998579, -127.3362440786492442 ) ) ;
#673 = LINE ( 'NONE', #4047, #1092 ) ;
#674 = ORIENTED_EDGE ( 'NONE', *, *, #176, .T. ) ;
#675 = ORIENTED_EDGE ( 'NONE', *, *, #3270, .T. ) ;
#676 = AXIS2_PLACEMENT_3D ( 'NONE', #3696, #2334, #4381 ) ;
#677 = UNCERTAINTY_MEASURE_WITH_UNIT (LENGTH_MEASURE( 1.000000000000000082E-05 ), #282, 'distance_accuracy_value', 'NONE');
#678 = ORIENTED_EDGE ( 'NONE', *, *, #3270, .F. ) ;
#679 = CARTESIAN_POINT ( 'NONE',  ( 41.97310585039972608, 53.69994646149461914, -123.5659938456565783 ) ) ;
#680 = EDGE_LOOP ( 'NONE', ( #2683, #449, #2666, #1698 ) ) ;
#681 = CIRCLE ( 'NONE', #2535, 2.749999999999974687 ) ;
#682 = FACE_OUTER_BOUND ( 'NONE', #2554, .T. ) ;
#683 = CARTESIAN_POINT ( 'NONE',  ( -36.46474528283710015, 24.57007571290976244, -114.8502248348150516 ) ) ;
#684 = DIRECTION ( 'NONE',  ( -0.000000000000000000, -1.000000000000000000, -0.000000000000000000 ) ) ;
#685 = VECTOR ( 'NONE', #249, 1000.000000000000000 ) ;
#686 = ORIENTED_EDGE ( 'NONE', *, *, #2237, .F. ) ;
#687 = CARTESIAN_POINT ( 'NONE',  ( 39.81542027226085168, 59.18470922696937464, -124.2779371452255361 ) ) ;
#688 = CARTESIAN_POINT ( 'NONE',  ( -14.99999999999999645, 5.000000000000000000, -165.5000000000000284 ) ) ;
#689 = DIRECTION ( 'NONE',  ( -0.000000000000000000, 1.000000000000000000, -0.000000000000000000 ) ) ;
#690 = CARTESIAN_POINT ( 'NONE',  ( -43.73910132882627266, 27.86566175124386646, -122.9519146120028381 ) ) ;
#691 = AXIS2_PLACEMENT_3D ( 'NONE', #3268, #3209, #1262 ) ;
#692 = CARTESIAN_POINT ( 'NONE',  ( -65.71713970067902721, 0.000000000000000000, -140.9308608841989496 ) ) ;
#693 = DIRECTION ( 'NONE',  ( 0.000000000000000000, 0.000000000000000000, -1.000000000000000000 ) ) ;
#694 = CARTESIAN_POINT ( 'NONE',  ( -20.29682289021814867, 72.00000000000000000, -154.1696759436275102 ) ) ;
#695 = AXIS2_PLACEMENT_3D ( 'NONE', #2390, #4395, #4128 ) ;
#696 = CARTESIAN_POINT ( 'NONE',  ( 0.000000000000000000, 81.99999999999998579, -195.5000000000000284 ) ) ;
#697 = VECTOR ( 'NONE', #1025, 1000.000000000000114 ) ;
#698 = CYLINDRICAL_SURFACE ( 'NONE', #1898, 170.5000000000000284 ) ;
#699 = EDGE_CURVE ( 'NONE', #1332, #4263, #765, .T. ) ;
#700 = ORIENTED_EDGE ( 'NONE', *, *, #3550, .F. ) ;
#701 = DIRECTION ( 'NONE',  ( 0.000000000000000000, -1.000000000000000000, 0.000000000000000000 ) ) ;
#702 = ORIENTED_EDGE ( 'NONE', *, *, #651, .F. ) ;
#703 = CARTESIAN_POINT ( 'NONE',  ( 45.29537560312243727, 56.78435660178922006, -122.3870048206592287 ) ) ;
#704 = VERTEX_POINT ( 'NONE', #4158 ) ;
#705 = LINE ( 'NONE', #1424, #1688 ) ;
#706 = DIRECTION ( 'NONE',  ( -0.2164396139381029871, 0.000000000000000000, 0.9762960071199332512 ) ) ;
#707 = CARTESIAN_POINT ( 'NONE',  ( -40.79062699516364887, 22.03202944424212362, -123.9613439825810275 ) ) ;
#708 = AXIS2_PLACEMENT_3D ( 'NONE', #3830, #3162, #2776 ) ;
#709 = EDGE_CURVE ( 'NONE', #4120, #1248, #2130, .T. ) ;
#710 = VERTEX_POINT ( 'NONE', #3514 ) ;
#711 = CARTESIAN_POINT ( 'NONE',  ( 41.97432665695023957, 60.30029150794607773, -123.5655833063487137 ) ) ;
#712 = ADVANCED_FACE ( 'NONE', ( #4181 ), #1131, .F. ) ;
#713 = DIRECTION ( 'NONE',  ( 0.000000000000000000, 0.000000000000000000, -1.000000000000000000 ) ) ;
#714 = DIRECTION ( 'NONE',  ( -0.2164396139381017103, 0.000000000000000000, 0.9762960071199335843 ) ) ;
#715 = DIRECTION ( 'NONE',  ( 0.000000000000000000, -1.000000000000000000, 0.000000000000000000 ) ) ;
#716 = LINE ( 'NONE', #1055, #602 ) ;
#717 = CARTESIAN_POINT ( 'NONE',  ( -59.12955738187344679, 76.99999999999998579, -143.8191414375142472 ) ) ;
#718 = DIRECTION ( 'NONE',  ( 0.000000000000000000, 0.000000000000000000, 1.000000000000000000 ) ) ;
#719 = FACE_OUTER_BOUND ( 'NONE', #2647, .T. ) ;
#720 = VERTEX_POINT ( 'NONE', #3465 ) ;
#721 = EDGE_CURVE ( 'NONE', #1155, #781, #2156, .T. ) ;
#722 = LINE ( 'NONE', #407, #1302 ) ;
#723 = VERTEX_POINT ( 'NONE', #3491 ) ;
#724 = CARTESIAN_POINT ( 'NONE',  ( 42.98824962693668539, 53.80589319708714413, -123.2164975738028829 ) ) ;
#725 = ORIENTED_EDGE ( 'NONE', *, *, #996, .F. ) ;
#726 = AXIS2_PLACEMENT_3D ( 'NONE', #1436, #64, #2772 ) ;
#727 = FACE_BOUND ( 'NONE', #1560, .T. ) ;
#728 = LINE ( 'NONE', #3454, #697 ) ;
#729 = ORIENTED_EDGE ( 'NONE', *, *, #3017, .F. ) ;
#730 = FACE_BOUND ( 'NONE', #4335, .T. ) ;
#731 = AXIS2_PLACEMENT_3D ( 'NONE', #167, #488, #4259 ) ;
#732 = EDGE_LOOP ( 'NONE', ( #601, #2473, #4118, #1431 ) ) ;
#733 = AXIS2_PLACEMENT_3D ( 'NONE', #1319, #1296, #2348 ) ;
#734 = EDGE_CURVE ( 'NONE', #3315, #3740, #2364, .T. ) ;
#735 = ORIENTED_EDGE ( 'NONE', *, *, #768, .T. ) ;
#736 = LINE ( 'NONE', #371, #1810 ) ;
#737 = DIRECTION ( 'NONE',  ( -0.000000000000000000, 1.000000000000000000, -0.000000000000000000 ) ) ;
#738 = CARTESIAN_POINT ( 'NONE',  ( 0.000000000000000000, 0.000000000000000000, 0.000000000000000000 ) ) ;
#739 = CARTESIAN_POINT ( 'NONE',  ( -80.74789786640749867, 26.57782668629988265, -184.9469787943117467 ) ) ;
#740 = CARTESIAN_POINT ( 'NONE',  ( -36.90295417644669840, 10.00000000000000000, -166.4584692139486322 ) ) ;
#741 = DIRECTION ( 'NONE',  ( 0.000000000000000000, 0.000000000000000000, -1.000000000000000000 ) ) ;
#742 = DIRECTION ( 'NONE',  ( -0.000000000000000000, 1.000000000000000000, -0.000000000000000000 ) ) ;
#743 = LINE ( 'NONE', #92, #2493 ) ;
#744 = ORIENTED_EDGE ( 'NONE', *, *, #1696, .T. ) ;
#745 = VECTOR ( 'NONE', #2058, 1000.000000000000000 ) ;
#746 = CARTESIAN_POINT ( 'NONE',  ( 0.000000000000000000, 72.00000000000000000, 0.000000000000000000 ) ) ;
#747 = ORIENTED_EDGE ( 'NONE', *, *, #3936, .T. ) ;
#748 = DIRECTION ( 'NONE',  ( 0.000000000000000000, -1.000000000000000000, 0.000000000000000000 ) ) ;
#749 = ORIENTED_EDGE ( 'NONE', *, *, #3961, .F. ) ;
#750 = FACE_OUTER_BOUND ( 'NONE', #1161, .T. ) ;
#751 = EDGE_CURVE ( 'NONE', #315, #3429, #1999, .T. ) ;
#752 = CARTESIAN_POINT ( 'NONE',  ( -41.92674055893398588, 22.81597942312276572, -112.9708893304850363 ) ) ;
#753 = ORIENTED_EDGE ( 'NONE', *, *, #1588, .T. ) ;
#754 = VERTEX_POINT ( 'NONE', #790 ) ;
#755 = VECTOR ( 'NONE', #3548, 1000.000000000000000 ) ;
#756 = AXIS2_PLACEMENT_3D ( 'NONE', #3093, #3069, #21 ) ;
#757 = VERTEX_POINT ( 'NONE', #2151 ) ;
#758 = CARTESIAN_POINT ( 'NONE',  ( 39.03543664284581638, 56.99999999999998579, -124.5250363826583140 ) ) ;
#759 = AXIS2_PLACEMENT_3D ( 'NONE', #297, #1609, #3028 ) ;
#760 = ADVANCED_FACE ( 'NONE', ( #2435 ), #1305, .T. ) ;
#761 = PLANE ( 'NONE',  #481 ) ;
#762 = DIRECTION ( 'NONE',  ( 0.000000000000000000, 0.000000000000000000, -1.000000000000000000 ) ) ;
#763 = CYLINDRICAL_SURFACE ( 'NONE', #2086, 1.000000000000000888 ) ;
#764 = LINE ( 'NONE', #2539, #656 ) ;
#765 = LINE ( 'NONE', #628, #3712 ) ;
#766 = DIRECTION ( 'NONE',  ( 0.000000000000000000, 0.000000000000000000, 1.000000000000000000 ) ) ;
#767 = CARTESIAN_POINT ( 'NONE',  ( 40.14954838551813765, 10.00000000000000000, -181.1029093207476990 ) ) ;
#768 = EDGE_CURVE ( 'NONE', #1146, #2488, #4274, .T. ) ;
#769 = ORIENTED_EDGE ( 'NONE', *, *, #2149, .T. ) ;
#770 = EDGE_CURVE ( 'NONE', #1306, #893, #1586, .T. ) ;
#771 = CYLINDRICAL_SURFACE ( 'NONE', #2300, 185.5000000000000568 ) ;
#772 = AXIS2_PLACEMENT_3D ( 'NONE', #1960, #229, #1610 ) ;
#773 = EDGE_CURVE ( 'NONE', #4120, #2937, #70, .T. ) ;
#774 = ORIENTED_EDGE ( 'NONE', *, *, #2903, .F. ) ;
#775 = DIRECTION ( 'NONE',  ( 0.000000000000000000, 1.000000000000000000, 0.000000000000000000 ) ) ;
#776 = VERTEX_POINT ( 'NONE', #1798 ) ;
#777 = AXIS2_PLACEMENT_3D ( 'NONE', #788, #2845, #812 ) ;
#778 = B_SPLINE_CURVE_WITH_KNOTS ( 'NONE', 3,
 ( #1964, #3326, #255, #2366, #1293, #3728, #4016, #1989, #3347, #4040, #211, #1592, #4304, #1254, #3105, #1405, #348, #711, #2389, #419, #1098, #2097, #2408, #2741, #4127, #687, #2122, #60, #4107, #33, #3750, #758 ),
 .UNSPECIFIED., .F., .F.,
 ( 4, 2, 2, 2, 2, 2, 2, 2, 2, 2, 2, 2, 2, 2, 2, 4 ),
 ( 0.01032965888433664409, 0.01097511015414767005, 0.01162056142395869775, 0.01226601269376972371, 0.01291146396358074967, 0.01355691523339177737, 0.01420236650320280333, 0.01484781777301382930, 0.01549326904282485526, 0.01613872031263588469, 0.01678417158244691065, 0.01742962285225793662, 0.01807507412206896258, 0.01872052539187998854, 0.01936597666169101450, 0.02065687920131305255 ),
 .UNSPECIFIED. ) ;
#779 = DIRECTION ( 'NONE',  ( 0.1305261922200515179, -0.000000000000000000, -0.9914448613738104932 ) ) ;
#780 = ORIENTED_EDGE ( 'NONE', *, *, #4293, .F. ) ;
#781 = VERTEX_POINT ( 'NONE', #1056 ) ;
#782 = ORIENTED_EDGE ( 'NONE', *, *, #2490, .F. ) ;
#783 = DIRECTION ( 'NONE',  ( 0.1305261922200524061, 0.000000000000000000, 0.9914448613738103822 ) ) ;
#784 = SURFACE_STYLE_FILL_AREA ( #1123 ) ;
#785 = DIRECTION ( 'NONE',  ( -0.2164396139381040973, -0.000000000000000000, -0.9762960071199330292 ) ) ;
#786 = ORIENTED_EDGE ( 'NONE', *, *, #2816, .F. ) ;
#787 = DIRECTION ( 'NONE',  ( 0.000000000000000000, 0.000000000000000000, -1.000000000000000000 ) ) ;
#788 = CARTESIAN_POINT ( 'NONE',  ( 0.000000000000000000, 81.99999999999998579, 0.000000000000000000 ) ) ;
#790 = CARTESIAN_POINT ( 'NONE',  ( -33.65635996737514546, 0.000000000000000000, -151.8140291071496506 ) ) ;
#789 = AXIS2_PLACEMENT_3D ( 'NONE', #880, #1551, #2593 ) ;
#791 = CARTESIAN_POINT ( 'NONE',  ( 39.99448692079243273, 53.72189331200975460, -113.6694136981199108 ) ) ;
#792 = DIRECTION ( 'NONE',  ( -0.2164396139381030704, 0.000000000000000000, 0.9762960071199333623 ) ) ;
#793 = ORIENTED_EDGE ( 'NONE', *, *, #522, .T. ) ;
#794 = CARTESIAN_POINT ( 'NONE',  ( 18.49999999999997868, 0.000000000000000000, -146.7500000000000284 ) ) ;
#795 = CARTESIAN_POINT ( 'NONE',  ( 45.02648131759479355, 5.000000000000004441, -164.4471525449933438 ) ) ;
#796 = ADVANCED_FACE ( 'NONE', ( #3159 ), #2414, .T. ) ;
#797 = EDGE_CURVE ( 'NONE', #4148, #2551, #3780, .T. ) ;
#798 = VERTEX_POINT ( 'NONE', #1821 ) ;
#799 = AXIS2_PLACEMENT_3D ( 'NONE', #2698, #1279, #4306 ) ;
#800 = DIRECTION ( 'NONE',  ( -0.000000000000000000, -1.000000000000000000, -0.000000000000000000 ) ) ;
#801 = ORIENTED_EDGE ( 'NONE', *, *, #460, .F. ) ;
#802 = ORIENTED_EDGE ( 'NONE', *, *, #3303, .F. ) ;
#803 = DIRECTION ( 'NONE',  ( 0.000000000000000000, 1.000000000000000000, 0.000000000000000000 ) ) ;
#804 = ORIENTED_EDGE ( 'NONE', *, *, #4233, .T. ) ;
#805 = CARTESIAN_POINT ( 'NONE',  ( -64.38717422483078678, 81.99999999999998579, -157.8750828830860655 ) ) ;
#806 = CONICAL_SURFACE ( 'NONE', #3439, 1.725000000000004308, 0.7853981633974309595 ) ;
#807 = EDGE_CURVE ( 'NONE', #2517, #3657, #2774, .T. ) ;
#808 = AXIS2_PLACEMENT_3D ( 'NONE', #68, #41, #2152 ) ;
#809 = VECTOR ( 'NONE', #1507, 1000.000000000000000 ) ;
#810 = VERTEX_POINT ( 'NONE', #2662 ) ;
#811 = CARTESIAN_POINT ( 'NONE',  ( 59.37786577456843418, 72.00000000000000000, -127.3362440786492442 ) ) ;
#812 = DIRECTION ( 'NONE',  ( 0.000000000000000000, -0.000000000000000000, 1.000000000000000000 ) ) ;
#813 = CARTESIAN_POINT ( 'NONE',  ( -52.39463284441555402, 81.99999999999998579, -154.3496111077021737 ) ) ;
#814 = CARTESIAN_POINT ( 'NONE',  ( -18.50000000000002132, 5.000000000000000000, -146.7500000000000284 ) ) ;
#815 = AXIS2_PLACEMENT_3D ( 'NONE', #4283, #533, #853 ) ;
#816 = ORIENTED_EDGE ( 'NONE', *, *, #4071, .T. ) ;
#817 = CARTESIAN_POINT ( 'NONE',  ( -14.99999999999999645, 5.000000000000000000, -165.5000000000000284 ) ) ;
#818 = LINE ( 'NONE', #2871, #823 ) ;
#819 = EDGE_LOOP ( 'NONE', ( #2245, #93, #1764, #2601 ) ) ;
#820 = DIRECTION ( 'NONE',  ( 0.2164396139381033757, -0.000000000000000000, -0.9762960071199331402 ) ) ;
#821 = VERTEX_POINT ( 'NONE', #1749 ) ;
#822 = EDGE_LOOP ( 'NONE', ( #700, #1555, #749, #2096 ) ) ;
#823 = VECTOR ( 'NONE', #836, 1000.000000000000000 ) ;
#824 = CARTESIAN_POINT ( 'NONE',  ( 0.000000000000000000, 72.00000000000000000, 0.000000000000000000 ) ) ;
#825 = VECTOR ( 'NONE', #3391, 1000.000000000000000 ) ;
#826 = EDGE_LOOP ( 'NONE', ( #3716, #1654, #916, #950 ) ) ;
#827 = CIRCLE ( 'NONE', #514, 140.5000000000000000 ) ;
#828 = DIRECTION ( 'NONE',  ( 0.000000000000000000, 0.000000000000000000, 1.000000000000000000 ) ) ;
#829 = PLANE ( 'NONE',  #3483 ) ;
#830 = CARTESIAN_POINT ( 'NONE',  ( 70.25000000000012790, 20.00000000000000355, -121.6765692317135716 ) ) ;
#831 = PLANE ( 'NONE',  #3654 ) ;
#832 = ORIENTED_EDGE ( 'NONE', *, *, #3959, .F. ) ;
#833 = CARTESIAN_POINT ( 'NONE',  ( 0.000000000000000000, 72.00000000000000000, 0.000000000000000000 ) ) ;
#834 = FACE_OUTER_BOUND ( 'NONE', #2858, .T. ) ;
#835 = B_SPLINE_CURVE_WITH_KNOTS ( 'NONE', 3,
 ( #1651, #1716, #3007, #3791, #1357, #3771, #4124, #3057, #3365, #3343, #3432, #321, #3413, #1984, #345, #2005, #3102, #273, #4366, #1312, #2668, #707, #1336, #2715, #2425, #3722, #1069, #4387, #2761, #4410, #4081, #1401, #2073, #3077 ),
 .UNSPECIFIED., .F., .F.,
 ( 4, 2, 2, 2, 2, 2, 2, 2, 2, 2, 2, 2, 2, 2, 2, 2, 4 ),
 ( 0.000000000000000000, 0.0006456025153362813553, 0.001291205030672562711, 0.001936807546008844066, 0.002582410061345125421, 0.003228012576681406776, 0.003873615092017688132, 0.004519217607353969920, 0.005164820122690250842, 0.005810422638026531764, 0.006456025153362813553, 0.007101627668699095342, 0.007747230184035376263, 0.008392832699371657185, 0.009038435214707939841, 0.009684037730044220763, 0.01032964024538050168 ),
 .UNSPECIFIED. ) ;
#836 = DIRECTION ( 'NONE',  ( -0.000000000000000000, 1.000000000000000000, -0.000000000000000000 ) ) ;
#837 = EDGE_CURVE ( 'NONE', #3657, #1423, #3146, .T. ) ;
#838 = ORIENTED_EDGE ( 'NONE', *, *, #4251, .F. ) ;
#839 = CIRCLE ( 'NONE', #2838, 1.725000000000004308 ) ;
#840 = CIRCLE ( 'NONE', #3481, 185.5000000000000568 ) ;
#841 = CARTESIAN_POINT ( 'NONE',  ( 15.00000000000000355, 10.00000000000000000, -150.5000000000000284 ) ) ;
#842 = ORIENTED_EDGE ( 'NONE', *, *, #979, .T. ) ;
#843 = VERTEX_POINT ( 'NONE', #2930 ) ;
#844 = VECTOR ( 'NONE', #779, 1000.000000000000000 ) ;
#845 = DIRECTION ( 'NONE',  ( -0.000000000000000000, -1.000000000000000000, -0.000000000000000000 ) ) ;
#846 = VECTOR ( 'NONE', #1268, 1000.000000000000000 ) ;
#847 = CARTESIAN_POINT ( 'NONE',  ( 36.60616107927512530, 58.06525945254212928, -114.8052519788308530 ) ) ;
#848 = EDGE_CURVE ( 'NONE', #1687, #927, #2733, .T. ) ;
#849 = ADVANCED_FACE ( 'NONE', ( #133 ), #2847, .F. ) ;
#850 = ORIENTED_EDGE ( 'NONE', *, *, #4022, .F. ) ;
#851 = CARTESIAN_POINT ( 'NONE',  ( 36.44477503485185821, 56.99999999999999289, -114.8565556364069096 ) ) ;
#852 = FACE_BOUND ( 'NONE', #3626, .T. ) ;
#853 = DIRECTION ( 'NONE',  ( 0.000000000000000000, 0.000000000000000000, -1.000000000000000000 ) ) ;
#854 = CARTESIAN_POINT ( 'NONE',  ( 37.22422867803058466, 54.81497579025556632, -114.6064141849032580 ) ) ;
#855 = ORIENTED_EDGE ( 'NONE', *, *, #3835, .F. ) ;
#856 = EDGE_CURVE ( 'NONE', #2765, #2660, #1379, .T. ) ;
#857 = CARTESIAN_POINT ( 'NONE',  ( -87.30658484334630032, 0.000000000000000000, -174.9222977295676458 ) ) ;
#858 = AXIS2_PLACEMENT_3D ( 'NONE', #387, #1001, #1759 ) ;
#859 = CARTESIAN_POINT ( 'NONE',  ( 52.39463284441546875, 81.99999999999998579, -157.0996111077022022 ) ) ;
#860 = VECTOR ( 'NONE', #2998, 1000.000000000000227 ) ;
#861 = DIRECTION ( 'NONE',  ( -0.000000000000000000, 1.000000000000000000, -0.000000000000000000 ) ) ;
#862 = ORIENTED_EDGE ( 'NONE', *, *, #1272, .F. ) ;
#863 = EDGE_CURVE ( 'NONE', #1755, #3833, #3880, .T. ) ;
#864 = CARTESIAN_POINT ( 'NONE',  ( 0.000000000000000000, 81.99999999999998579, 0.000000000000000000 ) ) ;
#865 = VERTEX_POINT ( 'NONE', #168 ) ;
#866 = ORIENTED_EDGE ( 'NONE', *, *, #182, .F. ) ;
#867 = DIRECTION ( 'NONE',  ( -0.8660254037844381525, 0.000000000000000000, -0.5000000000000008882 ) ) ;
#868 = DIRECTION ( 'NONE',  ( -0.000000000000000000, 1.000000000000000000, -0.000000000000000000 ) ) ;
#869 = EDGE_CURVE ( 'NONE', #2660, #3740, #3935, .T. ) ;
#870 = ORIENTED_EDGE ( 'NONE', *, *, #3247, .T. ) ;
#871 = DIRECTION ( 'NONE',  ( -0.000000000000000000, -1.000000000000000000, -0.000000000000000000 ) ) ;
#872 = DIRECTION ( 'NONE',  ( 0.000000000000000000, 1.000000000000000000, 0.000000000000000000 ) ) ;
#873 = CARTESIAN_POINT ( 'NONE',  ( 0.000000000000000000, 10.00000000000000000, 0.000000000000000000 ) ) ;
#874 = AXIS2_PLACEMENT_3D ( 'NONE', #3919, #3271, #2917 ) ;
#875 = CARTESIAN_POINT ( 'NONE',  ( 36.52862896048283403, 56.12973116283725972, -114.8300337683580210 ) ) ;
#876 = AXIS2_PLACEMENT_3D ( 'NONE', #2075, #3080, #2056 ) ;
#877 = ORIENTED_EDGE ( 'NONE', *, *, #3043, .F. ) ;
#879 = ORIENTED_EDGE ( 'NONE', *, *, #929, .F. ) ;
#878 = AXIS2_PLACEMENT_3D ( 'NONE', #3447, #3522, #2085 ) ;
#880 = CARTESIAN_POINT ( 'NONE',  ( -52.39463284441555402, 81.99999999999998579, -154.3496111077021737 ) ) ;
#881 = CARTESIAN_POINT ( 'NONE',  ( 52.39463284441546875, 9.999999999999994671, -151.5996111077022590 ) ) ;
#882 = DIRECTION ( 'NONE',  ( -0.000000000000000000, -1.000000000000000000, -0.000000000000000000 ) ) ;
#883 = ORIENTED_EDGE ( 'NONE', *, *, #2605, .F. ) ;
#884 = ORIENTED_EDGE ( 'NONE', *, *, #2103, .F. ) ;
#885 = DIRECTION ( 'NONE',  ( 0.1305261922200524061, 0.000000000000000000, 0.9914448613738103822 ) ) ;
#886 = ORIENTED_EDGE ( 'NONE', *, *, #3608, .T. ) ;
#887 = ORIENTED_EDGE ( 'NONE', *, *, #1170, .F. ) ;
#888 = DIRECTION ( 'NONE',  ( 0.000000000000000000, 0.000000000000000000, -1.000000000000000000 ) ) ;
#889 = CARTESIAN_POINT ( 'NONE',  ( -59.12955738187360311, 0.000000000000000000, -143.8191414375142188 ) ) ;
#890 = EDGE_CURVE ( 'NONE', #3719, #3371, #1882, .T. ) ;
#891 = AXIS2_PLACEMENT_3D ( 'NONE', #2829, #2445, #1086 ) ;
#892 = B_SPLINE_CURVE_WITH_KNOTS ( 'NONE', 3,
 ( #4080, #2384, #683, #2072, #3431, #344, #3838, #1808, #2448, #3233, #496, #1182, #2876, #1870, #3811, #2809, #4189, #1535, #2532, #461, #1141, #2833, #2139, #121, #2117, #752, #3565, #2494, #141, #4169, #3527, #2896 ),
 .UNSPECIFIED., .F., .F.,
 ( 4, 2, 2, 2, 2, 2, 2, 2, 2, 2, 2, 2, 2, 2, 2, 4 ),
 ( 0.01033178206695697585, 0.01097737726408915329, 0.01162297246122133074, 0.01226856765835350818, 0.01291416285548568736, 0.01355975805261786481, 0.01420535324975004225, 0.01485094844688221970, 0.01549654364401439888, 0.01614213884114657632, 0.01678773403827875377, 0.01743332923541093121, 0.01807892443254310866, 0.01872451962967528610, 0.01937011482680746355, 0.02066130522107184272 ),
 .UNSPECIFIED. ) ;
#893 = VERTEX_POINT ( 'NONE', #3537 ) ;
#894 = EDGE_CURVE ( 'NONE', #1116, #4291, #2885, .T. ) ;
#895 = CARTESIAN_POINT ( 'NONE',  ( 0.000000000000000000, 0.000000000000000000, 0.000000000000000000 ) ) ;
#896 = DIRECTION ( 'NONE',  ( -0.000000000000000000, -1.000000000000000000, -0.000000000000000000 ) ) ;
#897 = DIRECTION ( 'NONE',  ( 0.000000000000000000, -1.000000000000000000, 0.000000000000000000 ) ) ;
#898 = CARTESIAN_POINT ( 'NONE',  ( -41.48438379807506493, 27.62337282625398771, -113.1341180391120815 ) ) ;
#899 = VECTOR ( 'NONE', #440, 1000.000000000000000 ) ;
#900 = LINE ( 'NONE', #155, #1430 ) ;
#901 = CARTESIAN_POINT ( 'NONE',  ( -52.39463284441555402, 9.999999999999994671, -157.0996111077021453 ) ) ;
#902 = CIRCLE ( 'NONE', #319, 6.000000000000005329 ) ;
#903 = VECTOR ( 'NONE', #2625, 999.9999999999998863 ) ;
#904 = CARTESIAN_POINT ( 'NONE',  ( 0.000000000000000000, 72.00000000000000000, 0.000000000000000000 ) ) ;
#905 = EDGE_CURVE ( 'NONE', #2799, #1097, #4218, .T. ) ;
#906 = EDGE_LOOP ( 'NONE', ( #441, #302, #1497, #3385 ) ) ;
#907 = ORIENTED_EDGE ( 'NONE', *, *, #2575, .F. ) ;
#908 = EDGE_CURVE ( 'NONE', #2265, #1914, #4238, .T. ) ;
#909 = CARTESIAN_POINT ( 'NONE',  ( 65.71713970067897037, 81.99999999999998579, -140.9308608841990065 ) ) ;
#910 = ORIENTED_EDGE ( 'NONE', *, *, #1140, .F. ) ;
#911 = ORIENTED_EDGE ( 'NONE', *, *, #58, .T. ) ;
#912 = CIRCLE ( 'NONE', #329, 12.50000000000006750 ) ;
#913 = LINE ( 'NONE', #2314, #971 ) ;
#914 = CIRCLE ( 'NONE', #2981, 1.700000000000007061 ) ;
#915 = DIRECTION ( 'NONE',  ( 0.2164396139381040973, -0.000000000000000000, 0.9762960071199330292 ) ) ;
#916 = ORIENTED_EDGE ( 'NONE', *, *, #1354, .F. ) ;
#917 = CARTESIAN_POINT ( 'NONE',  ( 0.000000000000000000, 72.00000000000000000, 0.000000000000000000 ) ) ;
#918 = DIRECTION ( 'NONE',  ( 0.000000000000000000, 1.000000000000000000, -0.000000000000000000 ) ) ;
#919 = LINE ( 'NONE', #3707, #1363 ) ;
#920 = CARTESIAN_POINT ( 'NONE',  ( 36.44477503485187242, 56.56341260101491741, -114.8565556364069522 ) ) ;
#921 = CARTESIAN_POINT ( 'NONE',  ( 0.000000000000000000, 10.00000000000000000, 0.000000000000000000 ) ) ;
#922 = CYLINDRICAL_SURFACE ( 'NONE', #478, 170.5000000000000568 ) ;
#923 = AXIS2_PLACEMENT_3D ( 'NONE', #2978, #3667, #599 ) ;
#924 = DIRECTION ( 'NONE',  ( 0.000000000000000000, 0.000000000000000000, -1.000000000000000000 ) ) ;
#925 = CARTESIAN_POINT ( 'NONE',  ( -80.74789786640749867, 10.00000000000000178, -184.9469787943117467 ) ) ;
#926 = ADVANCED_FACE ( 'NONE', ( #3243 ), #2524, .F. ) ;
#927 = VERTEX_POINT ( 'NONE', #2234 ) ;
#928 = ORIENTED_EDGE ( 'NONE', *, *, #2012, .T. ) ;
#929 = EDGE_CURVE ( 'NONE', #3435, #1646, #3733, .T. ) ;
#930 = CARTESIAN_POINT ( 'NONE',  ( 97.75000000000019895, 10.00000000000000000, -169.3079664398576654 ) ) ;
#931 = ORIENTED_EDGE ( 'NONE', *, *, #2166, .T. ) ;
#932 = EDGE_LOOP ( 'NONE', ( #1191, #82, #969, #4137 ) ) ;
#933 = CARTESIAN_POINT ( 'NONE',  ( -97.75000000000027001, 0.000000000000000000, -169.3079664398576654 ) ) ;
#934 = CARTESIAN_POINT ( 'NONE',  ( 72.05641362678947814, 10.00000000000000000, -154.5254776897487830 ) ) ;
#935 = VECTOR ( 'NONE', #4042, 1000.000000000000000 ) ;
#936 = ORIENTED_EDGE ( 'NONE', *, *, #271, .T. ) ;
#937 = CYLINDRICAL_SURFACE ( 'NONE', #511, 12.50000000000001066 ) ;
#938 = EDGE_CURVE ( 'NONE', #1936, #4425, #3872, .T. ) ;
#939 = DIRECTION ( 'NONE',  ( -0.2164396139381040973, 0.000000000000000000, -0.9762960071199330292 ) ) ;
#940 = CARTESIAN_POINT ( 'NONE',  ( 52.39463284441546165, 45.35533905932756227, -166.8496111077022590 ) ) ;
#941 = CARTESIAN_POINT ( 'NONE',  ( -36.60576720845112675, 26.06407595672204280, -114.8053775594480754 ) ) ;
#942 = EDGE_CURVE ( 'NONE', #1622, #3187, #3526, .T. ) ;
#943 =( NAMED_UNIT ( * ) PLANE_ANGLE_UNIT ( ) SI_UNIT ( $, .RADIAN. ) );
#944 = DIRECTION ( 'NONE',  ( 0.000000000000000000, -1.000000000000000000, 0.000000000000000000 ) ) ;
#945 = PRODUCT_DEFINITION_CONTEXT ( 'detailed design', #3743, 'design' ) ;
#946 = DIRECTION ( 'NONE',  ( -0.000000000000000000, -1.000000000000000000, -0.000000000000000000 ) ) ;
#947 = AXIS2_PLACEMENT_3D ( 'NONE', #4235, #2501, #190 ) ;
#948 = CARTESIAN_POINT ( 'NONE',  ( 52.39463284441546165, 45.35533905932756227, -154.3496111077022590 ) ) ;
#949 = AXIS2_PLACEMENT_3D ( 'NONE', #2795, #90, #3443 ) ;
#950 = ORIENTED_EDGE ( 'NONE', *, *, #3045, .F. ) ;
#951 = ORIENTED_EDGE ( 'NONE', *, *, #3498, .F. ) ;
#952 = CARTESIAN_POINT ( 'NONE',  ( 40.14954838551813054, 0.000000000000000000, -181.1029093207476990 ) ) ;
#953 = ORIENTED_EDGE ( 'NONE', *, *, #2846, .T. ) ;
#954 = ORIENTED_EDGE ( 'NONE', *, *, #2394, .T. ) ;
#955 = CARTESIAN_POINT ( 'NONE',  ( 20.29682289021804920, 72.00000000000000000, -154.1696759436275670 ) ) ;
#956 = CARTESIAN_POINT ( 'NONE',  ( 15.00000000000000355, 5.000000000000000000, -165.5000000000000284 ) ) ;
#957 = VERTEX_POINT ( 'NONE', #3575 ) ;
#958 = CIRCLE ( 'NONE', #2665, 1.000000000000000888 ) ;
#959 = ORIENTED_EDGE ( 'NONE', *, *, #1257, .T. ) ;
#960 = CARTESIAN_POINT ( 'NONE',  ( -52.39463284441555402, 36.64466094067258695, -154.3496111077021737 ) ) ;
#961 = DIRECTION ( 'NONE',  ( 0.000000000000000000, 0.000000000000000000, 1.000000000000000000 ) ) ;
#962 = CARTESIAN_POINT ( 'NONE',  ( -20.29682289021814867, 81.99999999999998579, -154.1696759436275102 ) ) ;
#963 = CARTESIAN_POINT ( 'NONE',  ( -39.68223429764202592, 27.01514578893234741, -124.3204927658393899 ) ) ;
#964 = CARTESIAN_POINT ( 'NONE',  ( -52.39463284441555402, 81.99999999999998579, -154.3496111077021737 ) ) ;
#965 = DIRECTION ( 'NONE',  ( 0.000000000000000000, 0.000000000000000000, -1.000000000000000000 ) ) ;
#966 = VECTOR ( 'NONE', #3886, 1000.000000000000000 ) ;
#967 = ORIENTED_EDGE ( 'NONE', *, *, #3344, .F. ) ;
#968 = ORIENTED_EDGE ( 'NONE', *, *, #2427, .F. ) ;
#969 = ORIENTED_EDGE ( 'NONE', *, *, #908, .T. ) ;
#970 = AXIS2_PLACEMENT_3D ( 'NONE', #2064, #1708, #1728 ) ;
#971 = VECTOR ( 'NONE', #1982, 1000.000000000000227 ) ;
#972 = ADVANCED_FACE ( 'NONE', ( #3264 ), #2260, .F. ) ;
#973 = DIRECTION ( 'NONE',  ( 0.000000000000000000, 0.000000000000000000, -1.000000000000000000 ) ) ;
#974 = ORIENTED_EDGE ( 'NONE', *, *, #144, .F. ) ;
#975 = CARTESIAN_POINT ( 'NONE',  ( 41.36577361598847347, 53.80499194069155067, -123.7706275547166967 ) ) ;
#976 = ORIENTED_EDGE ( 'NONE', *, *, #3453, .T. ) ;
#977 = CARTESIAN_POINT ( 'NONE',  ( 0.000000000000000000, 0.000000000000000000, 0.000000000000000000 ) ) ;
#978 = DIRECTION ( 'NONE',  ( -0.2588190451025250138, -0.000000000000000000, -0.9659258262890673130 ) ) ;
#979 = EDGE_CURVE ( 'NONE', #518, #821, #1602, .T. ) ;
#980 = ORIENTED_EDGE ( 'NONE', *, *, #3300, .T. ) ;
#981 = AXIS2_PLACEMENT_3D ( 'NONE', #596, #1638, #3310 ) ;
#982 = CIRCLE ( 'NONE', #695, 185.5000000000000568 ) ;
#983 = ORIENTED_EDGE ( 'NONE', *, *, #4337, .F. ) ;
#984 = FACE_BOUND ( 'NONE', #222, .T. ) ;
#985 = CARTESIAN_POINT ( 'NONE',  ( -24.21260865681972518, 81.99999999999998579, -183.9130217848418738 ) ) ;
#986 = LINE ( 'NONE', #3307, #3078 ) ;
#987 = EDGE_CURVE ( 'NONE', #893, #1134, #1, .T. ) ;
#988 = CARTESIAN_POINT ( 'NONE',  ( 0.000000000000000000, 72.00000000000000000, 0.000000000000000000 ) ) ;
#989 = EDGE_CURVE ( 'NONE', #3884, #798, #3222, .T. ) ;
#990 = AXIS2_PLACEMENT_3D ( 'NONE', #111, #3871, #2173 ) ;
#991 = DIRECTION ( 'NONE',  ( -0.000000000000000000, 1.000000000000000000, -0.000000000000000000 ) ) ;
#992 = FACE_OUTER_BOUND ( 'NONE', #2578, .T. ) ;
#993 = ORIENTED_EDGE ( 'NONE', *, *, #837, .T. ) ;
#994 = ORIENTED_EDGE ( 'NONE', *, *, #2386, .T. ) ;
#995 = EDGE_CURVE ( 'NONE', #4425, #1284, #3866, .T. ) ;
#996 = EDGE_CURVE ( 'NONE', #3833, #459, #1009, .T. ) ;
#997 = EDGE_LOOP ( 'NONE', ( #3236, #3946, #3862, #104 ) ) ;
#998 = CARTESIAN_POINT ( 'NONE',  ( 40.60746631919874972, 54.13456908695852121, -124.0214351832646429 ) ) ;
#999 = EDGE_CURVE ( 'NONE', #2555, #1248, #4349, .T. ) ;
#1000 = EDGE_LOOP ( 'NONE', ( #2869, #3632 ) ) ;
#1001 = DIRECTION ( 'NONE',  ( 0.000000000000000000, -1.000000000000000000, 0.000000000000000000 ) ) ;
#1002 = CYLINDRICAL_SURFACE ( 'NONE', #1416, 185.5000000000000568 ) ;
#1003 = DIRECTION ( 'NONE',  ( -0.000000000000000000, -1.000000000000000000, -0.000000000000000000 ) ) ;
#1004 = EDGE_CURVE ( 'NONE', #2859, #3414, #1925, .T. ) ;
#1005 = ORIENTED_EDGE ( 'NONE', *, *, #2427, .T. ) ;
#1006 = ORIENTED_EDGE ( 'NONE', *, *, #3915, .F. ) ;
#1007 = FACE_BOUND ( 'NONE', #626, .T. ) ;
#1008 = CARTESIAN_POINT ( 'NONE',  ( 45.02648131759482908, 0.000000000000000000, -164.4471525449933722 ) ) ;
#1009 = LINE ( 'NONE', #1295, #1724 ) ;
#1010 = DIRECTION ( 'NONE',  ( 0.000000000000000000, 1.000000000000000000, 0.000000000000000000 ) ) ;
#1011 = CARTESIAN_POINT ( 'NONE',  ( 36.90295417644658471, 10.00000000000000000, -166.4584692139487174 ) ) ;
#1012 = DIRECTION ( 'NONE',  ( 0.000000000000000000, 0.000000000000000000, -1.000000000000000000 ) ) ;
#1013 = VECTOR ( 'NONE', #40, 1000.000000000000000 ) ;
#1014 = CARTESIAN_POINT ( 'NONE',  ( -14.99999999999999645, 5.000000000000000000, -163.7750000000000341 ) ) ;
#1015 = ORIENTED_EDGE ( 'NONE', *, *, #3247, .F. ) ;
#1016 = ORIENTED_EDGE ( 'NONE', *, *, #664, .F. ) ;
#1017 = CIRCLE ( 'NONE', #726, 155.5000000000000284 ) ;
#1018 = ORIENTED_EDGE ( 'NONE', *, *, #4300, .F. ) ;
#1019 = CARTESIAN_POINT ( 'NONE',  ( 0.000000000000000000, 10.00000000000000000, 0.000000000000000000 ) ) ;
#1020 = VECTOR ( 'NONE', #4134, 1000.000000000000000 ) ;
#1021 = AXIS2_PLACEMENT_3D ( 'NONE', #597, #1299, #2730 ) ;
#1022 = VERTEX_POINT ( 'NONE', #4326 ) ;
#1023 = CIRCLE ( 'NONE', #1598, 170.5000000000000853 ) ;
#1024 = FACE_BOUND ( 'NONE', #246, .T. ) ;
#1025 = DIRECTION ( 'NONE',  ( 0.4226182617407002184, 0.000000000000000000, -0.9063077870366494926 ) ) ;
#1026 = DIRECTION ( 'NONE',  ( 0.000000000000000000, 0.000000000000000000, 1.000000000000000000 ) ) ;
#1027 = ORIENTED_EDGE ( 'NONE', *, *, #3188, .F. ) ;
#1028 = CARTESIAN_POINT ( 'NONE',  ( -30.40976575830357476, 72.00000000000000000, -137.1695890003506122 ) ) ;
#1029 = DIRECTION ( 'NONE',  ( -0.000000000000000000, -1.000000000000000000, -0.000000000000000000 ) ) ;
#1030 = DIRECTION ( 'NONE',  ( 0.000000000000000000, 1.000000000000000000, -0.000000000000000000 ) ) ;
#1031 = EDGE_CURVE ( 'NONE', #563, #226, #3038, .T. ) ;
#1032 = CARTESIAN_POINT ( 'NONE',  ( -43.18207713225814359, 28.13206187443522666, -123.1486840020121889 ) ) ;
#1033 = CARTESIAN_POINT ( 'NONE',  ( -64.38717422483094310, 10.00000000000000000, -157.8750828830860087 ) ) ;
#1034 = CARTESIAN_POINT ( 'NONE',  ( 52.39463284441546875, 81.99999999999998579, -151.5996111077022590 ) ) ;
#1035 = CARTESIAN_POINT ( 'NONE',  ( -78.39568755290005697, 10.00000000000000000, -168.1200944952984742 ) ) ;
#1036 = DIRECTION ( 'NONE',  ( -0.000000000000000000, 1.000000000000000000, -0.000000000000000000 ) ) ;
#1037 = ORIENTED_EDGE ( 'NONE', *, *, #4012, .F. ) ;
#1038 = VECTOR ( 'NONE', #1756, 1000.000000000000114 ) ;
#1039 = ORIENTED_EDGE ( 'NONE', *, *, #995, .F. ) ;
#1040 = CARTESIAN_POINT ( 'NONE',  ( 39.19691069913586290, 55.93495328005801781, -124.4743310698070360 ) ) ;
#1041 = ADVANCED_FACE ( 'NONE', ( #2322 ), #642, .F. ) ;
#1042 = ORIENTED_EDGE ( 'NONE', *, *, #1838, .F. ) ;
#1043 = AXIS2_PLACEMENT_3D ( 'NONE', #3464, #2396, #401 ) ;
#1044 = EDGE_CURVE ( 'NONE', #3079, #2242, #4074, .T. ) ;
#1045 = CARTESIAN_POINT ( 'NONE',  ( 0.000000000000000000, 10.00000000000000000, 0.000000000000000000 ) ) ;
#1046 = DIRECTION ( 'NONE',  ( 0.000000000000000000, 0.000000000000000000, 1.000000000000000000 ) ) ;
#1047 = CARTESIAN_POINT ( 'NONE',  ( 0.000000000000000000, 0.000000000000000000, 0.000000000000000000 ) ) ;
#1048 = EDGE_LOOP ( 'NONE', ( #3484, #1085, #3098, #183 ) ) ;
#1049 = FACE_OUTER_BOUND ( 'NONE', #1291, .T. ) ;
#1050 = CARTESIAN_POINT ( 'NONE',  ( 0.000000000000000000, 10.00000000000000000, 0.000000000000000000 ) ) ;
#1051 = DIRECTION ( 'NONE',  ( 0.000000000000000000, 1.000000000000000000, -0.000000000000000000 ) ) ;
#1052 = EDGE_CURVE ( 'NONE', #1646, #927, #1966, .T. ) ;
#1053 = CIRCLE ( 'NONE', #4322, 155.5000000000000284 ) ;
#1054 = LINE ( 'NONE', #1385, #3581 ) ;
#1055 = CARTESIAN_POINT ( 'NONE',  ( -18.50000000000002132, 0.000000000000000000, -146.7500000000000284 ) ) ;
#1056 = CARTESIAN_POINT ( 'NONE',  ( 15.00000000000000355, 5.000000000000000000, -167.2250000000000512 ) ) ;
#1057 = AXIS2_PLACEMENT_3D ( 'NONE', #2346, #304, #713 ) ;
#1058 = DIRECTION ( 'NONE',  ( -1.000000000000000000, 0.000000000000000000, -1.541976423090495880E-16 ) ) ;
#1059 = VECTOR ( 'NONE', #820, 1000.000000000000114 ) ;
#1060 = CARTESIAN_POINT ( 'NONE',  ( -52.39463284441555402, 72.00000000000000000, -157.0996111077021453 ) ) ;
#1061 = EDGE_LOOP ( 'NONE', ( #4085, #1309, #1327, #2365, #2141, #177, #2043, #411, #3474, #3295 ) ) ;
#1062 = LINE ( 'NONE', #4138, #3087 ) ;
#1063 = ORIENTED_EDGE ( 'NONE', *, *, #1101, .F. ) ;
#1064 = CARTESIAN_POINT ( 'NONE',  ( 43.74260427277704366, 54.13650669771795521, -122.9506677130454335 ) ) ;
#1065 = EDGE_CURVE ( 'NONE', #4303, #119, #3433, .T. ) ;
#1066 = ORIENTED_EDGE ( 'NONE', *, *, #987, .F. ) ;
#1067 = CARTESIAN_POINT ( 'NONE',  ( -33.65635996737514546, 72.00000000000000000, -151.8140291071496506 ) ) ;
#1068 = DIRECTION ( 'NONE',  ( -0.000000000000000000, 1.000000000000000000, -0.000000000000000000 ) ) ;
#1069 = CARTESIAN_POINT ( 'NONE',  ( -39.68213313046499024, 22.98523482257368400, -124.3205239371046815 ) ) ;
#1070 = ORIENTED_EDGE ( 'NONE', *, *, #894, .F. ) ;
#1071 = VECTOR ( 'NONE', #1176, 1000.000000000000227 ) ;
#1072 = VERTEX_POINT ( 'NONE', #279 ) ;
#1073 = FACE_OUTER_BOUND ( 'NONE', #415, .T. ) ;
#1074 = CARTESIAN_POINT ( 'NONE',  ( 30.40976575830350015, 81.99999999999998579, -137.1695890003506406 ) ) ;
#1075 = CARTESIAN_POINT ( 'NONE',  ( 24.21260865681960439, 81.99999999999998579, -183.9130217848419022 ) ) ;
#1076 = EDGE_CURVE ( 'NONE', #2309, #3692, #3289, .T. ) ;
#1077 = DIRECTION ( 'NONE',  ( -0.000000000000000000, 1.000000000000000000, -0.000000000000000000 ) ) ;
#1078 = DIRECTION ( 'NONE',  ( -0.000000000000000000, 1.000000000000000000, -0.000000000000000000 ) ) ;
#1079 = DIRECTION ( 'NONE',  ( 0.000000000000000000, -1.000000000000000000, 0.000000000000000000 ) ) ;
#1080 = CARTESIAN_POINT ( 'NONE',  ( -78.41068271674377854, 5.000000000000004441, -179.0866126651963555 ) ) ;
#1081 = DIRECTION ( 'NONE',  ( -0.2164396139381033757, 0.000000000000000000, 0.9762960071199331402 ) ) ;
#1082 = EDGE_CURVE ( 'NONE', #1332, #4264, #4001, .T. ) ;
#1083 = VERTEX_POINT ( 'NONE', #3014 ) ;
#1084 = DIRECTION ( 'NONE',  ( 0.000000000000000000, -0.7071067811865597852, -0.7071067811865352493 ) ) ;
#1085 = ORIENTED_EDGE ( 'NONE', *, *, #3589, .F. ) ;
#1086 = DIRECTION ( 'NONE',  ( 0.000000000000000000, 0.000000000000000000, 1.000000000000000000 ) ) ;
#1087 = VERTEX_POINT ( 'NONE', #1636 ) ;
#1088 = EDGE_CURVE ( 'NONE', #810, #3786, #3640, .T. ) ;
#1089 = CIRCLE ( 'NONE', #3084, 12.50000000000001066 ) ;
#1090 = CARTESIAN_POINT ( 'NONE',  ( 52.39463284441546875, 72.00000000000000000, -154.3496111077022306 ) ) ;
#1091 = CARTESIAN_POINT ( 'NONE',  ( -78.41068271674377854, 0.000000000000000000, -179.0866126651963555 ) ) ;
#1092 = VECTOR ( 'NONE', #2040, 1000.000000000000000 ) ;
#1093 = ORIENTED_EDGE ( 'NONE', *, *, #3848, .F. ) ;
#1094 = AXIS2_PLACEMENT_3D ( 'NONE', #1433, #3436, #2033 ) ;
#1095 = ORIENTED_EDGE ( 'NONE', *, *, #1851, .T. ) ;
#1096 = VECTOR ( 'NONE', #1439, 1000.000000000000227 ) ;
#1097 = VERTEX_POINT ( 'NONE', #1256 ) ;
#1098 = CARTESIAN_POINT ( 'NONE',  ( 41.17131965747066857, 60.13315163170189948, -123.8354255711623040 ) ) ;
#1099 = CARTESIAN_POINT ( 'NONE',  ( 37.51363021273733267, 59.48817710629571565, -114.5120119095048778 ) ) ;
#1100 = CARTESIAN_POINT ( 'NONE',  ( -14.99999999999999645, 5.000000000000000000, -165.5000000000000284 ) ) ;
#1101 = EDGE_CURVE ( 'NONE', #2562, #2517, #3644, .T. ) ;
#1102 = EDGE_CURVE ( 'NONE', #1974, #3203, #919, .T. ) ;
#1103 = ADVANCED_FACE ( 'NONE', ( #2278 ), #572, .F. ) ;
#1104 = DIRECTION ( 'NONE',  ( 0.000000000000000000, 0.000000000000000000, -1.000000000000000000 ) ) ;
#1105 = LINE ( 'NONE', #3735, #396 ) ;
#1106 = CARTESIAN_POINT ( 'NONE',  ( -81.64620342441676826, 26.57782668629988265, -183.4937966250591330 ) ) ;
#1107 = CARTESIAN_POINT ( 'NONE',  ( 41.64300728901733351, 54.51502641650331782, -113.0757854210336859 ) ) ;
#1108 = CARTESIAN_POINT ( 'NONE',  ( 40.14954838551813765, 72.00000000000000000, -181.1029093207476990 ) ) ;
#1109 = ORIENTED_EDGE ( 'NONE', *, *, #2693, .F. ) ;
#1110 = AXIS2_PLACEMENT_3D ( 'NONE', #1100, #3156, #668 ) ;
#1111 = DIRECTION ( 'NONE',  ( 0.000000000000000000, -1.000000000000000000, 0.000000000000000000 ) ) ;
#1112 = VERTEX_POINT ( 'NONE', #305 ) ;
#1113 = CYLINDRICAL_SURFACE ( 'NONE', #3815, 6.000000000000005329 ) ;
#1114 = ORIENTED_EDGE ( 'NONE', *, *, #3938, .F. ) ;
#1115 = LINE ( 'NONE', #2204, #1059 ) ;
#1116 = VERTEX_POINT ( 'NONE', #2676 ) ;
#1117 = ORIENTED_EDGE ( 'NONE', *, *, #3356, .T. ) ;
#1118 = AXIS2_PLACEMENT_3D ( 'NONE', #3175, #2518, #3905 ) ;
#1119 = CIRCLE ( 'NONE', #3466, 3.299999999999997158 ) ;
#1120 = EDGE_LOOP ( 'NONE', ( #1483, #1093, #3234, #4313 ) ) ;
#1121 = CARTESIAN_POINT ( 'NONE',  ( -14.99999999999999645, 5.000000000000000000, -150.5000000000000284 ) ) ;
#1122 = CIRCLE ( 'NONE', #3613, 12.50000000000001066 ) ;
#1123 = FILL_AREA_STYLE ('',( #2123 ) ) ;
#1124 = CARTESIAN_POINT ( 'NONE',  ( 0.000000000000000000, 72.00000000000000000, 0.000000000000000000 ) ) ;
#1125 = EDGE_CURVE ( 'NONE', #2114, #1757, #986, .T. ) ;
#1126 = VERTEX_POINT ( 'NONE', #1615 ) ;
#1128 = EDGE_CURVE ( 'NONE', #1711, #1622, #3661, .T. ) ;
#1127 = CARTESIAN_POINT ( 'NONE',  ( -81.34323906271349358, 0.000000000000000000, -185.1435057953995624 ) ) ;
#1129 = DIRECTION ( 'NONE',  ( 0.000000000000000000, 0.000000000000000000, 1.000000000000000000 ) ) ;
#1130 = ADVANCED_FACE ( 'NONE', ( #3328 ), #257, .F. ) ;
#1131 = CYLINDRICAL_SURFACE ( 'NONE', #4285, 2.749999999999974687 ) ;
#1132 = CARTESIAN_POINT ( 'NONE',  ( -88.11021913020472596, 0.000000000000000000, -181.8935746336288730 ) ) ;
#1133 = CARTESIAN_POINT ( 'NONE',  ( -84.31994504424355341, 10.00000000000000178, -180.1261408008386695 ) ) ;
#1134 = VERTEX_POINT ( 'NONE', #3397 ) ;
#1135 = CARTESIAN_POINT ( 'NONE',  ( 0.000000000000000000, 10.00000000000000000, 0.000000000000000000 ) ) ;
#1136 = AXIS2_PLACEMENT_3D ( 'NONE', #4108, #2721, #3396 ) ;
#1137 = LINE ( 'NONE', #1178, #1611 ) ;
#1138 = ORIENTED_EDGE ( 'NONE', *, *, #2434, .T. ) ;
#1139 = AXIS2_PLACEMENT_3D ( 'NONE', #4017, #918, #3996 ) ;
#1140 = EDGE_CURVE ( 'NONE', #1022, #3921, #3132, .T. ) ;
#1141 = CARTESIAN_POINT ( 'NONE',  ( -40.58600039006925897, 21.86798242205805209, -113.4595379274521321 ) ) ;
#1142 = EDGE_CURVE ( 'NONE', #4106, #1144, #958, .T. ) ;
#1143 = ORIENTED_EDGE ( 'NONE', *, *, #281, .F. ) ;
#1144 = VERTEX_POINT ( 'NONE', #2391 ) ;
#1145 = CARTESIAN_POINT ( 'NONE',  ( 0.000000000000000000, 10.00000000000000000, 0.000000000000000000 ) ) ;
#1146 = VERTEX_POINT ( 'NONE', #1702 ) ;
#1147 = CIRCLE ( 'NONE', #2855, 170.5000000000000284 ) ;
#1148 =( LENGTH_UNIT ( ) NAMED_UNIT ( * ) SI_UNIT ( .MILLI., .METRE. ) );
#1149 = ADVANCED_FACE ( 'NONE', ( #36 ), #4375, .F. ) ;
#1150 = EDGE_LOOP ( 'NONE', ( #3865, #1138, #2271, #3528, #4407, #842, #3903 ) ) ;
#1151 = CARTESIAN_POINT ( 'NONE',  ( 40.64091420145724243, 72.00000000000000000, -150.0951901057119073 ) ) ;
#1152 = DIRECTION ( 'NONE',  ( 0.000000000000000000, 1.000000000000000000, -0.000000000000000000 ) ) ;
#1153 = CARTESIAN_POINT ( 'NONE',  ( -18.50000000000001776, 5.000000000000000000, -169.2500000000000000 ) ) ;
#1154 = CARTESIAN_POINT ( 'NONE',  ( 38.57862797269209665, 53.86670312597972554, -114.1576965231511167 ) ) ;
#1155 = VERTEX_POINT ( 'NONE', #62 ) ;
#1156 = CARTESIAN_POINT ( 'NONE',  ( 36.90295417644659182, 0.000000000000000000, -166.4584692139487458 ) ) ;
#1157 = LINE ( 'NONE', #385, #1753 ) ;
#1158 = ORIENTED_EDGE ( 'NONE', *, *, #3777, .T. ) ;
#1159 = VECTOR ( 'NONE', #4396, 1000.000000000000000 ) ;
#1160 = DIRECTION ( 'NONE',  ( 0.000000000000000000, 0.000000000000000000, -1.000000000000000000 ) ) ;
#1161 = EDGE_LOOP ( 'NONE', ( #2533, #3384, #1015, #3026 ) ) ;
#1162 = VERTEX_POINT ( 'NONE', #3819 ) ;
#1163 = DIRECTION ( 'NONE',  ( -0.000000000000000000, -1.000000000000000000, -0.000000000000000000 ) ) ;
#1164 = FACE_OUTER_BOUND ( 'NONE', #1988, .T. ) ;
#1165 = CIRCLE ( 'NONE', #3652, 1.725000000000004308 ) ;
#1166 = CIRCLE ( 'NONE', #3585, 155.5000000000000284 ) ;
#1167 = AXIS2_PLACEMENT_3D ( 'NONE', #904, #1264, #2615 ) ;
#1168 = ORIENTED_EDGE ( 'NONE', *, *, #525, .F. ) ;
#1169 = DIRECTION ( 'NONE',  ( 0.000000000000000000, 0.000000000000000000, 1.000000000000000000 ) ) ;
#1170 = EDGE_CURVE ( 'NONE', #3371, #2140, #163, .T. ) ;
#1171 = DIRECTION ( 'NONE',  ( 0.000000000000000000, 0.000000000000000000, 1.000000000000000000 ) ) ;
#1172 = DIRECTION ( 'NONE',  ( -0.000000000000000000, -1.000000000000000000, -0.000000000000000000 ) ) ;
#1173 = B_SPLINE_CURVE_WITH_KNOTS ( 'NONE', 3,
 ( #3802, #2106, #3853, #472, #3467, #4159, #3160, #3538, #2849, #1107, #426, #4182, #2824, #2175, #2485, #791, #3515, #453, #1822, #4201, #1154, #195, #509, #1527, #3286, #854, #2611, #1215, #1196, #875, #920, #2216 ),
 .UNSPECIFIED., .F., .F.,
 ( 4, 2, 2, 2, 2, 2, 2, 2, 2, 2, 2, 2, 2, 2, 2, 4 ),
 ( 0.01033180460106038895, 0.01097738865798950775, 0.01162297271491862481, 0.01226855677184774361, 0.01291414082877686068, 0.01355972488570597947, 0.01420530894263509654, 0.01485089299956421534, 0.01549647705649333240, 0.01614206111342245120, 0.01678764517035157000, 0.01743322922728068880, 0.01807881328420980413, 0.01872439734113892293, 0.01936998139806804173, 0.02066114951192627239 ),
 .UNSPECIFIED. ) ;
#1174 = PLANE ( 'NONE',  #4365 ) ;
#1175 = ORIENTED_EDGE ( 'NONE', *, *, #3605, .F. ) ;
#1176 = DIRECTION ( 'NONE',  ( -0.4226182617407012732, -0.000000000000000000, 0.9063077870366490485 ) ) ;
#1177 = DIRECTION ( 'NONE',  ( 0.4226182617407016617, 0.000000000000000000, 0.9063077870366489375 ) ) ;
#1178 = CARTESIAN_POINT ( 'NONE',  ( 45.44029495540633690, 56.99999999999999289, -122.9278512063826838 ) ) ;
#1179 = ORIENTED_EDGE ( 'NONE', *, *, #3227, .F. ) ;
#1180 = CIRCLE ( 'NONE', #3665, 120.5000000000000000 ) ;
#1181 = PRODUCT_DEFINITION ( 'UNKNOWN', '', #2783, #945 ) ;
#1182 = CARTESIAN_POINT ( 'NONE',  ( -38.01459161057504588, 22.13496766410333905, -114.3467234893668660 ) ) ;
#1183 = VERTEX_POINT ( 'NONE', #1793 ) ;
#1184 = EDGE_CURVE ( 'NONE', #2765, #3315, #3062, .T. ) ;
#1185 = VERTEX_POINT ( 'NONE', #2411 ) ;
#1186 = EDGE_CURVE ( 'NONE', #1183, #1920, #1767, .T. ) ;
#1187 = AXIS2_PLACEMENT_3D ( 'NONE', #4119, #2088, #3763 ) ;
#1188 = CARTESIAN_POINT ( 'NONE',  ( 33.65635996737503888, 0.000000000000000000, -151.8140291071497074 ) ) ;
#1189 = CARTESIAN_POINT ( 'NONE',  ( 41.48222352848545569, 59.62495804645644881, -113.1349074141270279 ) ) ;
#1190 = VECTOR ( 'NONE', #2836, 1000.000000000000114 ) ;
#1191 = ORIENTED_EDGE ( 'NONE', *, *, #4338, .F. ) ;
#1192 = DIRECTION ( 'NONE',  ( -0.000000000000000000, -1.000000000000000000, -0.000000000000000000 ) ) ;
#1193 = CYLINDRICAL_SURFACE ( 'NONE', #2802, 12.50000000000001066 ) ;
#1194 = DIRECTION ( 'NONE',  ( -0.000000000000000000, -1.000000000000000000, -0.000000000000000000 ) ) ;
#1195 = EDGE_CURVE ( 'NONE', #4039, #3429, #1180, .T. ) ;
#1196 = CARTESIAN_POINT ( 'NONE',  ( 36.76508858245411204, 55.53372413138818331, -114.7544557251177935 ) ) ;
#1197 = ORIENTED_EDGE ( 'NONE', *, *, #2441, .T. ) ;
#1198 = DIRECTION ( 'NONE',  ( 0.000000000000000000, 0.000000000000000000, -1.000000000000000000 ) ) ;
#1199 = DIRECTION ( 'NONE',  ( 0.1305261922200524061, 0.000000000000000000, 0.9914448613738102711 ) ) ;
#1200 = FACE_OUTER_BOUND ( 'NONE', #2877, .T. ) ;
#1201 = ORIENTED_EDGE ( 'NONE', *, *, #4157, .F. ) ;
#1202 = AXIS2_PLACEMENT_3D ( 'NONE', #3643, #1994, #1281 ) ;
#1203 = CIRCLE ( 'NONE', #1981, 170.5000000000000284 ) ;
#1204 = ADVANCED_FACE ( 'NONE', ( #1361 ), #1435, .F. ) ;
#1205 = DIRECTION ( 'NONE',  ( 0.000000000000000000, 0.000000000000000000, 1.000000000000000000 ) ) ;
#1206 = VERTEX_POINT ( 'NONE', #2455 ) ;
#1207 = ORIENTED_EDGE ( 'NONE', *, *, #97, .F. ) ;
#1208 = CARTESIAN_POINT ( 'NONE',  ( 40.64091420145725664, 0.000000000000000000, -150.0951901057119073 ) ) ;
#1209 = AXIS2_PLACEMENT_3D ( 'NONE', #2922, #1623, #885 ) ;
#1210 = LINE ( 'NONE', #3635, #2267 ) ;
#1211 = ORIENTED_EDGE ( 'NONE', *, *, #1125, .T. ) ;
#1212 = DIRECTION ( 'NONE',  ( 0.000000000000000000, -1.000000000000000000, 0.000000000000000000 ) ) ;
#1213 = FACE_OUTER_BOUND ( 'NONE', #652, .T. ) ;
#1214 = DIRECTION ( 'NONE',  ( -0.8660254037844381525, 0.000000000000000000, -0.5000000000000008882 ) ) ;
#1215 = CARTESIAN_POINT ( 'NONE',  ( 36.86353307680001024, 55.34103754545689924, -114.7229034074718612 ) ) ;
#1216 = ORIENTED_EDGE ( 'NONE', *, *, #536, .T. ) ;
#1217 = CARTESIAN_POINT ( 'NONE',  ( -39.06518450189854263, 25.00000000000000000, -124.6360569040592878 ) ) ;
#1218 = CIRCLE ( 'NONE', #66, 155.5000000000000284 ) ;
#1219 = CARTESIAN_POINT ( 'NONE',  ( -52.39463284441563218, 10.00000000000000178, -154.3496111077021737 ) ) ;
#1220 = AXIS2_PLACEMENT_3D ( 'NONE', #948, #3985, #1996 ) ;
#1221 = CYLINDRICAL_SURFACE ( 'NONE', #1167, 130.5000000000000000 ) ;
#1222 = AXIS2_PLACEMENT_3D ( 'NONE', #2483, #4358, #288 ) ;
#1223 = ORIENTED_EDGE ( 'NONE', *, *, #2711, .T. ) ;
#1224 = ORIENTED_EDGE ( 'NONE', *, *, #3509, .F. ) ;
#1225 = FACE_OUTER_BOUND ( 'NONE', #2686, .T. ) ;
#1226 = ORIENTED_EDGE ( 'NONE', *, *, #670, .F. ) ;
#1227 = EDGE_LOOP ( 'NONE', ( #3989, #3612 ) ) ;
#1228 = ADVANCED_FACE ( 'NONE', ( #3487 ), #373, .F. ) ;
#1229 = DIRECTION ( 'NONE',  ( -0.5000000000000002220, 0.000000000000000000, 0.8660254037844383745 ) ) ;
#1230 = LINE ( 'NONE', #1940, #4328 ) ;
#1231 = VERTEX_POINT ( 'NONE', #4152 ) ;
#1232 = VECTOR ( 'NONE', #3910, 1000.000000000000000 ) ;
#1233 = CARTESIAN_POINT ( 'NONE',  ( -52.39463284441555402, 72.00000000000000000, -154.3496111077021737 ) ) ;
#1234 = EDGE_CURVE ( 'NONE', #1097, #3335, #2124, .T. ) ;
#1235 = DIRECTION ( 'NONE',  ( -0.9659258262890674240, 0.000000000000000000, -0.2588190451025242922 ) ) ;
#1236 = CARTESIAN_POINT ( 'NONE',  ( 0.000000000000000000, 61.99999999999999289, 0.000000000000000000 ) ) ;
#1237 = ADVANCED_FACE ( 'NONE', ( #2769 ), #2722, .T. ) ;
#1238 = CIRCLE ( 'NONE', #3164, 10.00000000000001066 ) ;
#1239 = FACE_BOUND ( 'NONE', #1150, .T. ) ;
#1240 = VECTOR ( 'NONE', #2190, 1000.000000000000000 ) ;
#1241 = EDGE_CURVE ( 'NONE', #1741, #1267, #350, .T. ) ;
#1242 = CYLINDRICAL_SURFACE ( 'NONE', #2356, 195.5000000000000284 ) ;
#1243 = DIRECTION ( 'NONE',  ( -0.000000000000000000, 1.000000000000000000, -0.000000000000000000 ) ) ;
#1244 = CARTESIAN_POINT ( 'NONE',  ( -52.39463284441555402, 81.99999999999998579, -154.3496111077021737 ) ) ;
#1245 = EDGE_LOOP ( 'NONE', ( #337, #3196, #139, #2646 ) ) ;
#1246 = VERTEX_POINT ( 'NONE', #2743 ) ;
#1247 = DIRECTION ( 'NONE',  ( -0.000000000000000000, 1.000000000000000000, -0.000000000000000000 ) ) ;
#1248 = VERTEX_POINT ( 'NONE', #4109 ) ;
#1249 = ORIENTED_EDGE ( 'NONE', *, *, #2166, .F. ) ;
#1250 = LINE ( 'NONE', #3653, #3468 ) ;
#1251 = CARTESIAN_POINT ( 'NONE',  ( 0.000000000000000000, 0.000000000000000000, 0.000000000000000000 ) ) ;
#1252 = AXIS2_PLACEMENT_3D ( 'NONE', #738, #1817, #445 ) ;
#1253 = ORIENTED_EDGE ( 'NONE', *, *, #1125, .F. ) ;
#1254 = CARTESIAN_POINT ( 'NONE',  ( 43.18665657645605904, 60.13038804741719190, -123.1470772913434075 ) ) ;
#1255 = CARTESIAN_POINT ( 'NONE',  ( -52.39463284441555402, 0.000000000000000000, -151.5996111077022022 ) ) ;
#1256 = CARTESIAN_POINT ( 'NONE',  ( -18.50000000000001776, 0.000000000000000000, -169.2500000000000000 ) ) ;
#1257 = EDGE_CURVE ( 'NONE', #1134, #459, #2456, .T. ) ;
#1258 = CARTESIAN_POINT ( 'NONE',  ( -38.01465621055670141, 27.86501556376579103, -114.3467010824042660 ) ) ;
#1259 = CIRCLE ( 'NONE', #34, 155.5000000000000284 ) ;
#1260 = EDGE_CURVE ( 'NONE', #1936, #1692, #526, .T. ) ;
#1261 = LINE ( 'NONE', #1217, #3567 ) ;
#1262 = DIRECTION ( 'NONE',  ( 0.000000000000000000, 0.000000000000000000, 1.000000000000000000 ) ) ;
#1263 = CIRCLE ( 'NONE', #1542, 120.5000000000000000 ) ;
#1264 = DIRECTION ( 'NONE',  ( -0.000000000000000000, -1.000000000000000000, -0.000000000000000000 ) ) ;
#1265 = FACE_OUTER_BOUND ( 'NONE', #1457, .T. ) ;
#1266 = ORIENTED_EDGE ( 'NONE', *, *, #2291, .T. ) ;
#1267 = VERTEX_POINT ( 'NONE', #1075 ) ;
#1268 = DIRECTION ( 'NONE',  ( -0.000000000000000000, -0.000000000000000000, 1.000000000000000000 ) ) ;
#1269 = ORIENTED_EDGE ( 'NONE', *, *, #1429, .T. ) ;
#1270 = ORIENTED_EDGE ( 'NONE', *, *, #4391, .T. ) ;
#1271 = AXIS2_PLACEMENT_3D ( 'NONE', #2890, #3561, #217 ) ;
#1272 = EDGE_CURVE ( 'NONE', #3275, #2121, #4023, .T. ) ;
#1273 = DIRECTION ( 'NONE',  ( 0.2164396139381017103, -0.000000000000000000, -0.9762960071199335843 ) ) ;
#1274 = CARTESIAN_POINT ( 'NONE',  ( -65.71713970067911248, 0.000000000000000000, -140.9308608841989212 ) ) ;
#1275 = CIRCLE ( 'NONE', #483, 140.5000000000000000 ) ;
#1276 = ORIENTED_EDGE ( 'NONE', *, *, #4419, .T. ) ;
#1277 = DIRECTION ( 'NONE',  ( 0.000000000000000000, -0.000000000000000000, 1.000000000000000000 ) ) ;
#1278 = FACE_OUTER_BOUND ( 'NONE', #2990, .T. ) ;
#1279 = DIRECTION ( 'NONE',  ( -0.000000000000000000, 1.000000000000000000, -0.000000000000000000 ) ) ;
#1280 = CARTESIAN_POINT ( 'NONE',  ( -44.65447210106800213, 27.01802114520076969, -122.6223584521785455 ) ) ;
#1281 = DIRECTION ( 'NONE',  ( 0.000000000000000000, 0.000000000000000000, -1.000000000000000000 ) ) ;
#1282 = AXIS2_PLACEMENT_3D ( 'NONE', #767, #356, #1081 ) ;
#1283 = DIRECTION ( 'NONE',  ( 0.000000000000000000, 0.000000000000000000, 1.000000000000000000 ) ) ;
#1284 = VERTEX_POINT ( 'NONE', #3508 ) ;
#1285 = ORIENTED_EDGE ( 'NONE', *, *, #3564, .F. ) ;
#1286 = EDGE_LOOP ( 'NONE', ( #976, #3427, #1037, #3129 ) ) ;
#1287 = DIRECTION ( 'NONE',  ( -0.000000000000000000, -1.000000000000000000, -0.000000000000000000 ) ) ;
#1288 = ORIENTED_EDGE ( 'NONE', *, *, #3499, .T. ) ;
#1289 = ORIENTED_EDGE ( 'NONE', *, *, #2670, .T. ) ;
#1290 = LINE ( 'NONE', #3676, #4191 ) ;
#1291 = EDGE_LOOP ( 'NONE', ( #725, #3904, #3856, #959 ) ) ;
#1292 = ORIENTED_EDGE ( 'NONE', *, *, #989, .F. ) ;
#1293 = CARTESIAN_POINT ( 'NONE',  ( 45.13621970082314760, 58.06433074398164251, -122.4458186337824372 ) ) ;
#1294 = CARTESIAN_POINT ( 'NONE',  ( -52.39463284441555402, 9.999999999999994671, -154.3496111077021737 ) ) ;
#1295 = CARTESIAN_POINT ( 'NONE',  ( 0.000000000000000000, 72.00000000000000000, -130.5000000000000000 ) ) ;
#1296 = DIRECTION ( 'NONE',  ( -0.000000000000000000, -1.000000000000000000, 0.000000000000000000 ) ) ;
#1297 = EDGE_CURVE ( 'NONE', #2587, #1444, #3847, .T. ) ;
#1298 = CYLINDRICAL_SURFACE ( 'NONE', #1202, 1.700000000000007061 ) ;
#1299 = DIRECTION ( 'NONE',  ( -0.000000000000000000, -1.000000000000000000, -0.000000000000000000 ) ) ;
#1300 = CIRCLE ( 'NONE', #1453, 1.000000000000000888 ) ;
#1301 = DIRECTION ( 'NONE',  ( 0.000000000000000000, 0.000000000000000000, -1.000000000000000000 ) ) ;
#1302 = VECTOR ( 'NONE', #23, 1000.000000000000000 ) ;
#1303 = ORIENTED_EDGE ( 'NONE', *, *, #389, .T. ) ;
#1304 = ORIENTED_EDGE ( 'NONE', *, *, #1408, .F. ) ;
#1305 = CYLINDRICAL_SURFACE ( 'NONE', #1792, 12.50000000000001066 ) ;
#1306 = VERTEX_POINT ( 'NONE', #1308 ) ;
#1307 = ADVANCED_FACE ( 'NONE', ( #2710 ), #2421, .F. ) ;
#1308 = CARTESIAN_POINT ( 'NONE',  ( 59.37786577456843418, 10.00000000000000000, -127.3362440786492442 ) ) ;
#1309 = ORIENTED_EDGE ( 'NONE', *, *, #1603, .F. ) ;
#1310 = EDGE_CURVE ( 'NONE', #2544, #3547, #312, .T. ) ;
#1311 = CARTESIAN_POINT ( 'NONE',  ( 45.02648131759487171, 76.99999999999998579, -164.4471525449933722 ) ) ;
#1312 = CARTESIAN_POINT ( 'NONE',  ( -41.36610583022090282, 21.80499080622330155, -123.7705141962349842 ) ) ;
#1313 = ORIENTED_EDGE ( 'NONE', *, *, #3370, .F. ) ;
#1314 = AXIS2_PLACEMENT_3D ( 'NONE', #3107, #4129, #1407 ) ;
#1315 = ORIENTED_EDGE ( 'NONE', *, *, #106, .T. ) ;
#1316 = FACE_BOUND ( 'NONE', #3717, .T. ) ;
#1317 = CARTESIAN_POINT ( 'NONE',  ( -97.75000000000027001, 10.00000000000000000, -169.3079664398576654 ) ) ;
#1318 = DIRECTION ( 'NONE',  ( -0.9063077870366497146, 0.000000000000000000, 0.4226182617407001629 ) ) ;
#1319 = CARTESIAN_POINT ( 'NONE',  ( 52.39463284441546875, 9.999999999999994671, -154.3496111077022306 ) ) ;
#1320 = ADVANCED_FACE ( 'NONE', ( #630 ), #3072, .T. ) ;
#1321 = APPLICATION_PROTOCOL_DEFINITION ( 'draft international standard', 'automotive_design', 1998, #2206 ) ;
#1322 = LINE ( 'NONE', #3983, #3125 ) ;
#1323 = EDGE_CURVE ( 'NONE', #248, #2355, #2530, .T. ) ;
#1324 = CARTESIAN_POINT ( 'NONE',  ( -65.25000000000018474, 61.99999999999999289, -113.0163151938691470 ) ) ;
#1325 = CIRCLE ( 'NONE', #2320, 155.5000000000000284 ) ;
#1326 = VERTEX_POINT ( 'NONE', #3408 ) ;
#1327 = ORIENTED_EDGE ( 'NONE', *, *, #4205, .F. ) ;
#1328 = VECTOR ( 'NONE', #272, 1000.000000000000000 ) ;
#1329 = EDGE_CURVE ( 'NONE', #4059, #4073, #4308, .T. ) ;
#1330 = ORIENTED_EDGE ( 'NONE', *, *, #1837, .T. ) ;
#1331 = CARTESIAN_POINT ( 'NONE',  ( 39.45233079335547188, 55.34527942679293488, -124.3936414148119809 ) ) ;
#1332 = VERTEX_POINT ( 'NONE', #2381 ) ;
#1333 = CARTESIAN_POINT ( 'NONE',  ( -14.99999999999999645, 5.000000000000000000, -167.2000000000000455 ) ) ;
#1334 = EDGE_CURVE ( 'NONE', #4120, #2330, #1961, .T. ) ;
#1335 = FACE_OUTER_BOUND ( 'NONE', #600, .T. ) ;
#1336 = CARTESIAN_POINT ( 'NONE',  ( -40.60663107907964786, 22.13522704996355017, -124.0217062621134261 ) ) ;
#1337 = ORIENTED_EDGE ( 'NONE', *, *, #2989, .F. ) ;
#1338 = ORIENTED_EDGE ( 'NONE', *, *, #2118, .T. ) ;
#1339 = DIRECTION ( 'NONE',  ( 0.000000000000000000, 0.000000000000000000, -1.000000000000000000 ) ) ;
#1340 = DIRECTION ( 'NONE',  ( 0.000000000000000000, 0.000000000000000000, -1.000000000000000000 ) ) ;
#1341 = DIRECTION ( 'NONE',  ( 0.9063077870366493816, 0.000000000000000000, 0.4226182617407008291 ) ) ;
#1342 = CARTESIAN_POINT ( 'NONE',  ( -40.60655543885014396, 27.86478353024377341, -124.0217318915244959 ) ) ;
#1343 = AXIS2_PLACEMENT_3D ( 'NONE', #256, #2277, #1593 ) ;
#1344 = LINE ( 'NONE', #4421, #4116 ) ;
#1345 = CARTESIAN_POINT ( 'NONE',  ( 40.14954838551813765, 72.00000000000000000, -181.1029093207476990 ) ) ;
#1346 = CARTESIAN_POINT ( 'NONE',  ( -65.71713970067904143, 81.99999999999998579, -140.9308608841989496 ) ) ;
#1347 = DIRECTION ( 'NONE',  ( -0.000000000000000000, 1.000000000000000000, -0.000000000000000000 ) ) ;
#1348 = ORIENTED_EDGE ( 'NONE', *, *, #3149, .F. ) ;
#1349 = ADVANCED_BREP_SHAPE_REPRESENTATION ( 'AroMotoresTemp', ( #3445, #2210 ), #4132 ) ;
#1350 = ORIENTED_EDGE ( 'NONE', *, *, #4068, .T. ) ;
#1351 = CARTESIAN_POINT ( 'NONE',  ( 40.79027434016096265, 54.03230181186279424, -123.9614581031369482 ) ) ;
#1352 = ORIENTED_EDGE ( 'NONE', *, *, #3848, .T. ) ;
#1353 = LINE ( 'NONE', #1949, #1071 ) ;
#1354 = EDGE_CURVE ( 'NONE', #1112, #3726, #3690, .T. ) ;
#1355 = AXIS2_PLACEMENT_3D ( 'NONE', #921, #3982, #2239 ) ;
#1356 = CARTESIAN_POINT ( 'NONE',  ( 40.14954838551813765, 81.99999999999998579, -181.1029093207476990 ) ) ;
#1357 = CARTESIAN_POINT ( 'NONE',  ( -45.13610683388491651, 23.93503740563365056, -122.4458606805187770 ) ) ;
#1358 = EDGE_LOOP ( 'NONE', ( #967, #2659, #3163, #4336 ) ) ;
#1359 = DIRECTION ( 'NONE',  ( 0.000000000000000000, -1.000000000000000000, 0.000000000000000000 ) ) ;
#1360 = DIRECTION ( 'NONE',  ( 0.000000000000000000, 0.000000000000000000, -1.000000000000000000 ) ) ;
#1361 = FACE_OUTER_BOUND ( 'NONE', #1569, .T. ) ;
#1362 = CARTESIAN_POINT ( 'NONE',  ( -14.99999999999999645, 5.000000000000000000, -152.2250000000000227 ) ) ;
#1363 = VECTOR ( 'NONE', #4371, 1000.000000000000000 ) ;
#1364 = DIRECTION ( 'NONE',  ( -0.000000000000000000, -1.000000000000000000, -0.000000000000000000 ) ) ;
#1365 = DIRECTION ( 'NONE',  ( -0.000000000000000000, -1.000000000000000000, -0.000000000000000000 ) ) ;
#1366 = CYLINDRICAL_SURFACE ( 'NONE', #1021, 195.5000000000000000 ) ;
#1367 = EDGE_CURVE ( 'NONE', #2330, #4257, #361, .T. ) ;
#1368 = DIRECTION ( 'NONE',  ( 0.000000000000000000, 1.000000000000000000, 0.000000000000000000 ) ) ;
#1369 = ORIENTED_EDGE ( 'NONE', *, *, #3870, .F. ) ;
#1370 = CIRCLE ( 'NONE', #1807, 2.749999999999974687 ) ;
#1371 = EDGE_LOOP ( 'NONE', ( #2960, #3096, #3296, #4323 ) ) ;
#1372 = CARTESIAN_POINT ( 'NONE',  ( 39.35538207995823257, 55.53496622683955763, -124.4243175788899407 ) ) ;
#1373 = AXIS2_PLACEMENT_3D ( 'NONE', #1658, #1010, #2723 ) ;
#1374 = CIRCLE ( 'NONE', #2728, 1.700000000000007061 ) ;
#1375 = ORIENTED_EDGE ( 'NONE', *, *, #464, .T. ) ;
#1376 = CARTESIAN_POINT ( 'NONE',  ( 0.000000000000000000, 10.00000000000000000, -195.5000000000000000 ) ) ;
#1377 = DIRECTION ( 'NONE',  ( 0.000000000000000000, 0.000000000000000000, -1.000000000000000000 ) ) ;
#1378 = CARTESIAN_POINT ( 'NONE',  ( -60.25000000000015632, 81.99999999999998579, -104.3560611560247651 ) ) ;
#1379 = CIRCLE ( 'NONE', #661, 140.5000000000000000 ) ;
#1380 = VERTEX_POINT ( 'NONE', #25 ) ;
#1381 = DIRECTION ( 'NONE',  ( 0.000000000000000000, 0.000000000000000000, -1.000000000000000000 ) ) ;
#1382 = CARTESIAN_POINT ( 'NONE',  ( -52.39463284441555402, 81.99999999999998579, -154.3496111077021737 ) ) ;
#1383 = DIRECTION ( 'NONE',  ( 0.1305261922200517677, -0.000000000000000000, -0.9914448613738104932 ) ) ;
#1384 = CARTESIAN_POINT ( 'NONE',  ( -45.29537560312247990, 25.00000000000000000, -122.3870048206592003 ) ) ;
#1385 = CARTESIAN_POINT ( 'NONE',  ( 40.64091420145724953, 76.99999999999998579, -150.0951901057118789 ) ) ;
#1386 = EDGE_CURVE ( 'NONE', #4215, #2147, #3029, .T. ) ;
#1387 = CARTESIAN_POINT ( 'NONE',  ( -65.71713970067902721, 81.99999999999998579, -140.9308608841989496 ) ) ;
#1388 = DIRECTION ( 'NONE',  ( 0.000000000000000000, -1.000000000000000000, 0.000000000000000000 ) ) ;
#1389 = CARTESIAN_POINT ( 'NONE',  ( 52.39463284441546165, 10.00000000000000178, -166.8496111077022590 ) ) ;
#1390 = CARTESIAN_POINT ( 'NONE',  ( -78.39568755290005697, 10.00000000000000000, -168.1200944952984742 ) ) ;
#1391 = EDGE_CURVE ( 'NONE', #1206, #2555, #2600, .T. ) ;
#1392 = VERTEX_POINT ( 'NONE', #410 ) ;
#1393 = AXIS2_PLACEMENT_3D ( 'NONE', #1712, #2046, #3003 ) ;
#1394 = CARTESIAN_POINT ( 'NONE',  ( 0.000000000000000000, 10.00000000000000000, 0.000000000000000000 ) ) ;
#1395 = ORIENTED_EDGE ( 'NONE', *, *, #555, .F. ) ;
#1396 = DIRECTION ( 'NONE',  ( 0.000000000000000000, 0.000000000000000000, -1.000000000000000000 ) ) ;
#1397 = ORIENTED_EDGE ( 'NONE', *, *, #1128, .F. ) ;
#1398 = VECTOR ( 'NONE', #1078, 1000.000000000000000 ) ;
#1399 = CARTESIAN_POINT ( 'NONE',  ( 0.000000000000000000, 10.00000000000000178, -140.5000000000000000 ) ) ;
#1400 = DIRECTION ( 'NONE',  ( -0.000000000000000000, 1.000000000000000000, -0.000000000000000000 ) ) ;
#1401 = CARTESIAN_POINT ( 'NONE',  ( -39.05609639940036004, 24.56539555477148440, -124.5185653787723652 ) ) ;
#1402 = ORIENTED_EDGE ( 'NONE', *, *, #194, .T. ) ;
#1403 = EDGE_CURVE ( 'NONE', #3392, #4148, #3318, .T. ) ;
#1404 = ORIENTED_EDGE ( 'NONE', *, *, #2883, .F. ) ;
#1405 = CARTESIAN_POINT ( 'NONE',  ( 42.58947708663966125, 60.27813950236267004, -123.3548986426051783 ) ) ;
#1406 = FACE_OUTER_BOUND ( 'NONE', #436, .T. ) ;
#1407 = DIRECTION ( 'NONE',  ( 0.000000000000000000, 0.000000000000000000, -1.000000000000000000 ) ) ;
#1408 = EDGE_CURVE ( 'NONE', #2317, #1755, #3599, .T. ) ;
#1409 = AXIS2_PLACEMENT_3D ( 'NONE', #1510, #2197, #1600 ) ;
#1410 = CIRCLE ( 'NONE', #408, 195.5000000000000000 ) ;
#1411 = LINE ( 'NONE', #3085, #4357 ) ;
#1412 = FACE_OUTER_BOUND ( 'NONE', #732, .T. ) ;
#1413 = DIRECTION ( 'NONE',  ( -0.000000000000000000, -1.000000000000000000, 0.000000000000000000 ) ) ;
#1414 = VECTOR ( 'NONE', #3824, 1000.000000000000000 ) ;
#1415 = DIRECTION ( 'NONE',  ( -1.541976423090495880E-16, 0.000000000000000000, 1.000000000000000000 ) ) ;
#1416 = AXIS2_PLACEMENT_3D ( 'NONE', #3364, #320, #1046 ) ;
#1417 = DIRECTION ( 'NONE',  ( -0.000000000000000000, -1.000000000000000000, -0.000000000000000000 ) ) ;
#1418 = ORIENTED_EDGE ( 'NONE', *, *, #1128, .T. ) ;
#1419 = AXIS2_PLACEMENT_3D ( 'NONE', #864, #2268, #1205 ) ;
#1420 = CARTESIAN_POINT ( 'NONE',  ( 0.000000000000000000, 72.00000000000000000, 0.000000000000000000 ) ) ;
#1421 = ORIENTED_EDGE ( 'NONE', *, *, #1889, .F. ) ;
#1422 = CARTESIAN_POINT ( 'NONE',  ( 0.000000000000000000, 0.000000000000000000, 0.000000000000000000 ) ) ;
#1423 = VERTEX_POINT ( 'NONE', #3834 ) ;
#1424 = CARTESIAN_POINT ( 'NONE',  ( 60.25000000000011369, 0.000000000000000000, -104.3560611560247793 ) ) ;
#1425 = DIRECTION ( 'NONE',  ( 0.000000000000000000, 0.000000000000000000, -1.000000000000000000 ) ) ;
#1426 = EDGE_CURVE ( 'NONE', #3939, #3547, #818, .T. ) ;
#1427 = ORIENTED_EDGE ( 'NONE', *, *, #140, .T. ) ;
#1428 = ORIENTED_EDGE ( 'NONE', *, *, #3823, .T. ) ;
#1429 = EDGE_CURVE ( 'NONE', #584, #2221, #1681, .T. ) ;
#1430 = VECTOR ( 'NONE', #3917, 1000.000000000000114 ) ;
#1431 = ORIENTED_EDGE ( 'NONE', *, *, #709, .T. ) ;
#1432 = CIRCLE ( 'NONE', #3420, 1.700000000000007061 ) ;
#1433 = CARTESIAN_POINT ( 'NONE',  ( -52.39463284441555402, 72.00000000000000000, -154.3496111077021737 ) ) ;
#1434 = CARTESIAN_POINT ( 'NONE',  ( 41.63917706363072568, 59.48876640214533751, -113.0771986502715833 ) ) ;
#1435 = PLANE ( 'NONE',  #2101 ) ;
#1436 = CARTESIAN_POINT ( 'NONE',  ( 0.000000000000000000, 0.000000000000000000, 0.000000000000000000 ) ) ;
#1437 = CARTESIAN_POINT ( 'NONE',  ( 52.39463284441546875, 9.999999999999994671, -154.3496111077022306 ) ) ;
#1438 = DIRECTION ( 'NONE',  ( 0.000000000000000000, 0.000000000000000000, 1.000000000000000000 ) ) ;
#1439 = DIRECTION ( 'NONE',  ( 0.2164396139381040973, -0.000000000000000000, 0.9762960071199330292 ) ) ;
#1440 = DIRECTION ( 'NONE',  ( -0.000000000000000000, -1.000000000000000000, -0.000000000000000000 ) ) ;
#1441 = EDGE_CURVE ( 'NONE', #381, #2236, #3167, .T. ) ;
#1442 = ORIENTED_EDGE ( 'NONE', *, *, #2693, .T. ) ;
#1443 = CARTESIAN_POINT ( 'NONE',  ( -40.14954838551826555, 72.00000000000000000, -181.1029093207476706 ) ) ;
#1444 = VERTEX_POINT ( 'NONE', #4187 ) ;
#1445 = DIRECTION ( 'NONE',  ( 0.000000000000000000, 0.000000000000000000, -1.000000000000000000 ) ) ;
#1446 = ORIENTED_EDGE ( 'NONE', *, *, #427, .F. ) ;
#1447 = VECTOR ( 'NONE', #149, 1000.000000000000000 ) ;
#1448 = CARTESIAN_POINT ( 'NONE',  ( -40.14954838551826555, 10.00000000000000000, -181.1029093207476706 ) ) ;
#1449 = EDGE_CURVE ( 'NONE', #3806, #1605, #2112, .T. ) ;
#1450 = DIRECTION ( 'NONE',  ( -0.000000000000000000, -1.000000000000000000, -0.000000000000000000 ) ) ;
#1451 = VECTOR ( 'NONE', #623, 1000.000000000000000 ) ;
#1452 = ORIENTED_EDGE ( 'NONE', *, *, #144, .T. ) ;
#1453 = AXIS2_PLACEMENT_3D ( 'NONE', #1719, #3845, #3773 ) ;
#1454 = VERTEX_POINT ( 'NONE', #2853 ) ;
#1455 = EDGE_CURVE ( 'NONE', #4240, #1083, #3450, .T. ) ;
#1456 = EDGE_CURVE ( 'NONE', #1690, #3577, #1826, .T. ) ;
#1457 = EDGE_LOOP ( 'NONE', ( #1397, #4378, #1894, #2803 ) ) ;
#1458 = DIRECTION ( 'NONE',  ( -0.000000000000000000, 1.000000000000000000, -0.000000000000000000 ) ) ;
#1459 = FACE_OUTER_BOUND ( 'NONE', #3033, .T. ) ;
#1460 = VECTOR ( 'NONE', #1526, 1000.000000000000000 ) ;
#1461 = CARTESIAN_POINT ( 'NONE',  ( 0.000000000000000000, 0.000000000000000000, 0.000000000000000000 ) ) ;
#1462 = LINE ( 'NONE', #3180, #2160 ) ;
#1463 = PLANE ( 'NONE',  #777 ) ;
#1464 = EDGE_CURVE ( 'NONE', #1246, #1146, #1157, .T. ) ;
#1465 = DIRECTION ( 'NONE',  ( 0.000000000000000000, 0.000000000000000000, -1.000000000000000000 ) ) ;
#1466 = PLANE ( 'NONE',  #1595 ) ;
#1467 = LINE ( 'NONE', #3803, #1856 ) ;
#1468 = EDGE_CURVE ( 'NONE', #1392, #3726, #1137, .T. ) ;
#1469 = VERTEX_POINT ( 'NONE', #3475 ) ;
#1470 = ADVANCED_FACE ( 'NONE', ( #1780 ), #1113, .T. ) ;
#1471 = DIRECTION ( 'NONE',  ( 0.000000000000000000, 0.000000000000000000, 1.000000000000000000 ) ) ;
#1472 = DIRECTION ( 'NONE',  ( 0.4226182617407008291, 0.000000000000000000, 0.9063077870366492705 ) ) ;
#1473 = VECTOR ( 'NONE', #4165, 1000.000000000000000 ) ;
#1474 = ORIENTED_EDGE ( 'NONE', *, *, #2556, .T. ) ;
#1475 = ADVANCED_FACE ( 'NONE', ( #3878 ), #3497, .T. ) ;
#1476 = CARTESIAN_POINT ( 'NONE',  ( 0.000000000000000000, 10.00000000000000000, 0.000000000000000000 ) ) ;
#1477 = EDGE_LOOP ( 'NONE', ( #3604, #911 ) ) ;
#1478 = VERTEX_POINT ( 'NONE', #458 ) ;
#1479 = VECTOR ( 'NONE', #2747, 1000.000000000000000 ) ;
#1480 = CYLINDRICAL_SURFACE ( 'NONE', #4243, 1.700000000000007061 ) ;
#1481 = ORIENTED_EDGE ( 'NONE', *, *, #4275, .F. ) ;
#1482 = AXIS2_PLACEMENT_3D ( 'NONE', #2643, #2943, #4301 ) ;
#1483 = ORIENTED_EDGE ( 'NONE', *, *, #1777, .F. ) ;
#1484 = CARTESIAN_POINT ( 'NONE',  ( -33.65635996737514546, 72.00000000000000000, -151.8140291071496506 ) ) ;
#1485 = CARTESIAN_POINT ( 'NONE',  ( 0.000000000000000000, 72.00000000000000000, 0.000000000000000000 ) ) ;
#1486 = CARTESIAN_POINT ( 'NONE',  ( 52.39463284441546165, 0.000000000000000000, -154.3496111077022590 ) ) ;
#1487 = CARTESIAN_POINT ( 'NONE',  ( 0.000000000000000000, 81.99999999999998579, 0.000000000000000000 ) ) ;
#1488 = CONICAL_SURFACE ( 'NONE', #3906, 1.725000000000004308, 0.7853981633974309595 ) ;
#1489 = DIRECTION ( 'NONE',  ( -0.000000000000000000, -1.000000000000000000, -0.000000000000000000 ) ) ;
#1490 = ORIENTED_EDGE ( 'NONE', *, *, #3194, .T. ) ;
#1491 = DIRECTION ( 'NONE',  ( -0.000000000000000000, 1.000000000000000000, -0.000000000000000000 ) ) ;
#1492 = CIRCLE ( 'NONE', #1057, 12.50000000000001066 ) ;
#1493 = CARTESIAN_POINT ( 'NONE',  ( -40.14954838551826555, 72.00000000000000000, -181.1029093207476706 ) ) ;
#1494 = ORIENTED_EDGE ( 'NONE', *, *, #1142, .F. ) ;
#1495 = CARTESIAN_POINT ( 'NONE',  ( 0.000000000000000000, 72.00000000000000000, 0.000000000000000000 ) ) ;
#1496 = ORIENTED_EDGE ( 'NONE', *, *, #1889, .T. ) ;
#1497 = ORIENTED_EDGE ( 'NONE', *, *, #522, .F. ) ;
#1498 = EDGE_CURVE ( 'NONE', #2330, #3986, #96, .T. ) ;
#1499 = DIRECTION ( 'NONE',  ( 0.000000000000000000, 0.000000000000000000, 1.000000000000000000 ) ) ;
#1500 = ORIENTED_EDGE ( 'NONE', *, *, #3110, .F. ) ;
#1501 = CIRCLE ( 'NONE', #558, 170.5000000000000853 ) ;
#1502 = CARTESIAN_POINT ( 'NONE',  ( 38.57536237642233345, 60.13202363598649924, -114.1587973756973042 ) ) ;
#1503 = ORIENTED_EDGE ( 'NONE', *, *, #1403, .F. ) ;
#1504 = CARTESIAN_POINT ( 'NONE',  ( 52.39463284441546875, 72.00000000000000000, -154.3496111077022306 ) ) ;
#1505 = CARTESIAN_POINT ( 'NONE',  ( -81.34323906271349358, 0.000000000000000000, -184.1435057953995624 ) ) ;
#1506 = DIRECTION ( 'NONE',  ( 0.000000000000000000, 0.000000000000000000, 1.000000000000000000 ) ) ;
#1507 = DIRECTION ( 'NONE',  ( 1.000000000000000000, 0.000000000000000000, 0.000000000000000000 ) ) ;
#1508 = ORIENTED_EDGE ( 'NONE', *, *, #4236, .T. ) ;
#1509 = EDGE_CURVE ( 'NONE', #1809, #3275, #431, .T. ) ;
#1510 = CARTESIAN_POINT ( 'NONE',  ( 0.000000000000000000, 20.00000000000000355, 0.000000000000000000 ) ) ;
#1511 = ADVANCED_FACE ( 'NONE', ( #476 ), #4225, .T. ) ;
#1512 = CARTESIAN_POINT ( 'NONE',  ( 0.000000000000000000, 10.00000000000000000, -195.5000000000000000 ) ) ;
#1513 = ORIENTED_EDGE ( 'NONE', *, *, #2341, .T. ) ;
#1514 = AXIS2_PLACEMENT_3D ( 'NONE', #2347, #1341, #213 ) ;
#1515 = DIRECTION ( 'NONE',  ( 0.000000000000000000, 0.000000000000000000, -1.000000000000000000 ) ) ;
#1516 = ORIENTED_EDGE ( 'NONE', *, *, #1186, .T. ) ;
#1517 = ORIENTED_EDGE ( 'NONE', *, *, #2708, .F. ) ;
#1518 = CARTESIAN_POINT ( 'NONE',  ( 15.00000000000000355, 5.025000000000002132, -150.5000000000000284 ) ) ;
#1519 = EDGE_CURVE ( 'NONE', #1690, #810, #1849, .T. ) ;
#1520 = DIRECTION ( 'NONE',  ( 0.000000000000000000, 0.000000000000000000, -1.000000000000000000 ) ) ;
#1521 = AXIS2_PLACEMENT_3D ( 'NONE', #4369, #2630, #1339 ) ;
#1522 = VECTOR ( 'NONE', #3998, 1000.000000000000000 ) ;
#1523 = ORIENTED_EDGE ( 'NONE', *, *, #3783, .F. ) ;
#1524 = DIRECTION ( 'NONE',  ( -0.4226182617407012732, -0.000000000000000000, 0.9063077870366490485 ) ) ;
#1525 = DIRECTION ( 'NONE',  ( 0.000000000000000000, 0.000000000000000000, 1.000000000000000000 ) ) ;
#1526 = DIRECTION ( 'NONE',  ( -0.000000000000000000, 1.000000000000000000, -0.000000000000000000 ) ) ;
#1527 = CARTESIAN_POINT ( 'NONE',  ( 37.67690802457376265, 54.37147447558126601, -114.4584330726776784 ) ) ;
#1528 = ORIENTED_EDGE ( 'NONE', *, *, #4338, .T. ) ;
#1529 = EDGE_CURVE ( 'NONE', #390, #3409, #2037, .T. ) ;
#1530 = DIRECTION ( 'NONE',  ( 0.9762960071199331402, 0.000000000000000000, -0.2164396139381041251 ) ) ;
#1531 = DIRECTION ( 'NONE',  ( -0.4226182617407008291, -0.000000000000000000, 0.9063077870366492705 ) ) ;
#1532 = CARTESIAN_POINT ( 'NONE',  ( -52.39463284441555402, 0.000000000000000000, -157.0996111077021453 ) ) ;
#1533 = VERTEX_POINT ( 'NONE', #218 ) ;
#1534 = VECTOR ( 'NONE', #3462, 1000.000000000000000 ) ;
#1535 = CARTESIAN_POINT ( 'NONE',  ( -39.78733597029822278, 21.69997964485409625, -113.7421004673522020 ) ) ;
#1536 = ORIENTED_EDGE ( 'NONE', *, *, #3839, .T. ) ;
#1537 = ORIENTED_EDGE ( 'NONE', *, *, #3499, .F. ) ;
#1538 = LINE ( 'NONE', #2860, #2673 ) ;
#1539 = FACE_OUTER_BOUND ( 'NONE', #1917, .T. ) ;
#1540 = AXIS2_PLACEMENT_3D ( 'NONE', #3422, #4156, #2372 ) ;
#1541 = VECTOR ( 'NONE', #1440, 1000.000000000000000 ) ;
#1542 = AXIS2_PLACEMENT_3D ( 'NONE', #977, #3342, #4033 ) ;
#1543 = EDGE_LOOP ( 'NONE', ( #1042, #2788, #4027, #2295 ) ) ;
#1544 = CARTESIAN_POINT ( 'NONE',  ( -90.15506686589429819, 0.000000000000000000, -181.5230492897868544 ) ) ;
#1545 = EDGE_CURVE ( 'NONE', #210, #119, #2200, .T. ) ;
#1546 = LINE ( 'NONE', #2906, #1414 ) ;
#1547 = DIRECTION ( 'NONE',  ( 0.000000000000000000, -1.000000000000000000, 0.000000000000000000 ) ) ;
#1548 = CARTESIAN_POINT ( 'NONE',  ( -40.58907935621454044, 28.13080424255842971, -113.4584338833345782 ) ) ;
#1549 = VERTEX_POINT ( 'NONE', #559 ) ;
#1550 = ORIENTED_EDGE ( 'NONE', *, *, #296, .T. ) ;
#1551 = DIRECTION ( 'NONE',  ( 0.000000000000000000, 1.000000000000000000, 0.000000000000000000 ) ) ;
#1552 = CARTESIAN_POINT ( 'NONE',  ( -97.75000000000027001, 72.00000000000000000, -169.3079664398576369 ) ) ;
#1553 = EDGE_CURVE ( 'NONE', #1469, #2286, #1828, .T. ) ;
#1554 = CARTESIAN_POINT ( 'NONE',  ( 33.65635996737503888, 72.00000000000000000, -151.8140291071497074 ) ) ;
#1555 = ORIENTED_EDGE ( 'NONE', *, *, #2305, .F. ) ;
#1556 = CIRCLE ( 'NONE', #4045, 12.50000000000001066 ) ;
#1557 = EDGE_LOOP ( 'NONE', ( #456, #1253, #3449, #1442 ) ) ;
#1558 = PRESENTATION_LAYER_ASSIGNMENT (  '', '', ( #612 ) ) ;
#1559 = FACE_OUTER_BOUND ( 'NONE', #4392, .T. ) ;
#1560 = EDGE_LOOP ( 'NONE', ( #4356, #3070 ) ) ;
#1561 = CIRCLE ( 'NONE', #4404, 2.749999999999974687 ) ;
#1562 = VERTEX_POINT ( 'NONE', #2635 ) ;
#1563 = EDGE_CURVE ( 'NONE', #4209, #459, #2963, .T. ) ;
#1564 = DIRECTION ( 'NONE',  ( -0.000000000000000000, 1.000000000000000000, -0.000000000000000000 ) ) ;
#1565 = ADVANCED_FACE ( 'NONE', ( #240, #1601 ), #2957, .F. ) ;
#1566 = CIRCLE ( 'NONE', #622, 12.50000000000006750 ) ;
#1567 = CARTESIAN_POINT ( 'NONE',  ( -40.64091420145734190, 5.000000000000004441, -150.0951901057118505 ) ) ;
#1568 = ADVANCED_FACE ( 'NONE', ( #1200 ), #3602, .F. ) ;
#1569 = EDGE_LOOP ( 'NONE', ( #4203, #544, #1832, #3762, #252, #3199, #1872, #3387, #1143, #3616 ) ) ;
#1570 = DIRECTION ( 'NONE',  ( 0.000000000000000000, 0.000000000000000000, -1.000000000000000000 ) ) ;
#1571 = FACE_OUTER_BOUND ( 'NONE', #569, .T. ) ;
#1572 = CARTESIAN_POINT ( 'NONE',  ( -36.90295417644663445, 72.00000000000000000, -166.4584692139486606 ) ) ;
#1573 = DIRECTION ( 'NONE',  ( -0.000000000000000000, 1.000000000000000000, -0.000000000000000000 ) ) ;
#1574 = DIRECTION ( 'NONE',  ( -0.000000000000000000, -1.000000000000000000, -0.000000000000000000 ) ) ;
#1575 = VECTOR ( 'NONE', #3940, 1000.000000000000000 ) ;
#1576 = FACE_OUTER_BOUND ( 'NONE', #2806, .T. ) ;
#1577 = DIRECTION ( 'NONE',  ( 0.000000000000000000, 0.000000000000000000, 1.000000000000000000 ) ) ;
#1578 = ORIENTED_EDGE ( 'NONE', *, *, #1787, .F. ) ;
#1579 = ORIENTED_EDGE ( 'NONE', *, *, #1272, .T. ) ;
#1580 = CARTESIAN_POINT ( 'NONE',  ( 0.000000000000000000, 72.00000000000000000, 0.000000000000000000 ) ) ;
#1581 = ORIENTED_EDGE ( 'NONE', *, *, #1912, .T. ) ;
#1582 = AXIS2_PLACEMENT_3D ( 'NONE', #830, #1214, #1862 ) ;
#1583 = VERTEX_POINT ( 'NONE', #1532 ) ;
#1584 = B_SPLINE_CURVE_WITH_KNOTS ( 'NONE', 3,
 ( #3437, #372, #2145, #2814, #847, #2862, #501, #3486, #3887, #1099, #3507, #3201, #2209, #1502, #1836, #443, #3155, #485, #2477, #4232, #2839, #4214, #84, #1189, #1434, #61, #2454, #2790, #1791, #2880, #3867, #3570, #1876, #3178 ),
 .UNSPECIFIED., .F., .F.,
 ( 4, 2, 2, 2, 2, 2, 2, 2, 2, 2, 2, 2, 2, 2, 2, 2, 4 ),
 ( 0.000000000000000000, 0.0006457377875662743093, 0.001291475575132548619, 0.001937213362698822928, 0.002582951150265097237, 0.003228688937831371546, 0.003874426725397645856, 0.004520164512963919731, 0.005165902300530194474, 0.005811640088096469217, 0.006457377875662743093, 0.007103115663229016968, 0.007748853450795291711, 0.008394591238361566454, 0.009040329025927839462, 0.009686066813494114205, 0.01033180460106038895 ),
 .UNSPECIFIED. ) ;
#1585 = CARTESIAN_POINT ( 'NONE',  ( -88.75992830054512694, 10.00000000000000178, -182.1965389953321335 ) ) ;
#1586 = CIRCLE ( 'NONE', #4078, 140.5000000000000000 ) ;
#1587 = DIRECTION ( 'NONE',  ( -0.000000000000000000, -1.000000000000000000, -0.000000000000000000 ) ) ;
#1588 = EDGE_CURVE ( 'NONE', #781, #1155, #3945, .T. ) ;
#1589 = ADVANCED_FACE ( 'NONE', ( #3290 ), #3562, .F. ) ;
#1590 = ORIENTED_EDGE ( 'NONE', *, *, #905, .F. ) ;
#1591 = VECTOR ( 'NONE', #2905, 1000.000000000000227 ) ;
#1592 = CARTESIAN_POINT ( 'NONE',  ( 43.74257201968562470, 59.86356882940333435, -122.9506800550128247 ) ) ;
#1593 = DIRECTION ( 'NONE',  ( 0.000000000000000000, 0.000000000000000000, -1.000000000000000000 ) ) ;
#1594 = CARTESIAN_POINT ( 'NONE',  ( 15.00000000000000355, 5.000000000000000000, -148.7750000000000057 ) ) ;
#1595 = AXIS2_PLACEMENT_3D ( 'NONE', #814, #1058, #1415 ) ;
#1596 = VECTOR ( 'NONE', #2017, 1000.000000000000114 ) ;
#1597 = CARTESIAN_POINT ( 'NONE',  ( -39.17422819750959206, 28.27894050381374669, -113.9547048610841955 ) ) ;
#1598 = AXIS2_PLACEMENT_3D ( 'NONE', #1861, #3221, #3556 ) ;
#1599 = FACE_OUTER_BOUND ( 'NONE', #545, .T. ) ;
#1600 = DIRECTION ( 'NONE',  ( 0.000000000000000000, 0.000000000000000000, -1.000000000000000000 ) ) ;
#1601 = FACE_BOUND ( 'NONE', #3949, .T. ) ;
#1602 = CIRCLE ( 'NONE', #227, 185.5000000000000568 ) ;
#1603 = EDGE_CURVE ( 'NONE', #3647, #4039, #494, .T. ) ;
#1604 = ORIENTED_EDGE ( 'NONE', *, *, #598, .T. ) ;
#1605 = VERTEX_POINT ( 'NONE', #3251 ) ;
#1606 = DIRECTION ( 'NONE',  ( 0.000000000000000000, 0.000000000000000000, -1.000000000000000000 ) ) ;
#1607 = ORIENTED_EDGE ( 'NONE', *, *, #1441, .F. ) ;
#1608 = ORIENTED_EDGE ( 'NONE', *, *, #2989, .T. ) ;
#1609 = DIRECTION ( 'NONE',  ( -0.9063077870366489375, 0.000000000000000000, 0.4226182617407016617 ) ) ;
#1610 = DIRECTION ( 'NONE',  ( 0.000000000000000000, 0.000000000000000000, 1.000000000000000000 ) ) ;
#1611 = VECTOR ( 'NONE', #2529, 1000.000000000000114 ) ;
#1612 = ORIENTED_EDGE ( 'NONE', *, *, #1787, .T. ) ;
#1613 = FACE_OUTER_BOUND ( 'NONE', #202, .T. ) ;
#1614 = FACE_OUTER_BOUND ( 'NONE', #826, .T. ) ;
#1615 = CARTESIAN_POINT ( 'NONE',  ( 33.65635996737503177, 0.000000000000000000, -151.8140291071496790 ) ) ;
#1616 = CARTESIAN_POINT ( 'NONE',  ( -44.23795762805304577, 27.48794362304322547, -122.7732726980264317 ) ) ;
#1617 = DIRECTION ( 'NONE',  ( 0.2164396139381082329, -0.000000000000000000, 0.9762960071199321410 ) ) ;
#1618 = FACE_OUTER_BOUND ( 'NONE', #3511, .T. ) ;
#1619 = DIRECTION ( 'NONE',  ( -0.5000000000000013323, 0.000000000000000000, -0.8660254037844378194 ) ) ;
#1620 = DIRECTION ( 'NONE',  ( 0.4226182617407008846, 0.000000000000000000, -0.9063077870366492705 ) ) ;
#1621 = ORIENTED_EDGE ( 'NONE', *, *, #3280, .T. ) ;
#1622 = VERTEX_POINT ( 'NONE', #3311 ) ;
#1623 = DIRECTION ( 'NONE',  ( -0.9914448613738103822, 0.000000000000000000, 0.1305261922200524061 ) ) ;
#1624 = ORIENTED_EDGE ( 'NONE', *, *, #709, .F. ) ;
#1625 = ORIENTED_EDGE ( 'NONE', *, *, #2476, .F. ) ;
#1626 = TOROIDAL_SURFACE ( 'NONE', #1271, 140.5000000000000000, 10.00000000000000000 ) ;
#1627 = CARTESIAN_POINT ( 'NONE',  ( 0.000000000000000000, 72.00000000000000000, 0.000000000000000000 ) ) ;
#1628 = AXIS2_PLACEMENT_3D ( 'NONE', #956, #2966, #250 ) ;
#1629 = CARTESIAN_POINT ( 'NONE',  ( -72.05641362678954920, 72.00000000000000000, -154.5254776897487261 ) ) ;
#1630 = CIRCLE ( 'NONE', #1848, 1.700000000000007061 ) ;
#1631 = EDGE_CURVE ( 'NONE', #381, #2660, #1947, .T. ) ;
#1632 = ORIENTED_EDGE ( 'NONE', *, *, #1391, .T. ) ;
#1633 = EDGE_LOOP ( 'NONE', ( #1789, #953 ) ) ;
#1634 = DIRECTION ( 'NONE',  ( 0.000000000000000000, -1.000000000000000000, 0.000000000000000000 ) ) ;
#1635 = CARTESIAN_POINT ( 'NONE',  ( 42.25273972865242200, 56.99999999999999289, -123.7819540552210071 ) ) ;
#1636 = CARTESIAN_POINT ( 'NONE',  ( 40.14954838551813054, 81.99999999999998579, -181.1029093207476990 ) ) ;
#1637 = CARTESIAN_POINT ( 'NONE',  ( -37.51545988028055234, 27.49008003033953429, -114.5114149345575498 ) ) ;
#1638 = DIRECTION ( 'NONE',  ( 0.000000000000000000, 1.000000000000000000, 0.000000000000000000 ) ) ;
#1639 = CARTESIAN_POINT ( 'NONE',  ( -81.64620342441676826, 0.000000000000000000, -183.4937966250591330 ) ) ;
#1640 = LINE ( 'NONE', #2658, #135 ) ;
#1641 = EDGE_CURVE ( 'NONE', #2671, #2311, #1238, .T. ) ;
#1642 = ORIENTED_EDGE ( 'NONE', *, *, #3473, .F. ) ;
#1643 = ORIENTED_EDGE ( 'NONE', *, *, #1923, .T. ) ;
#1644 = EDGE_CURVE ( 'NONE', #2641, #210, #2515, .T. ) ;
#1645 = LINE ( 'NONE', #583, #2343 ) ;
#1646 = VERTEX_POINT ( 'NONE', #4245 ) ;
#1647 = CARTESIAN_POINT ( 'NONE',  ( 41.16802227993947838, 53.86813231905522059, -123.8365193202706820 ) ) ;
#1648 = EDGE_LOOP ( 'NONE', ( #1523, #276, #2763, #1292 ) ) ;
#1649 = FACE_OUTER_BOUND ( 'NONE', #2531, .T. ) ;
#1650 = EDGE_CURVE ( 'NONE', #2344, #243, #3798, .T. ) ;
#1651 = CARTESIAN_POINT ( 'NONE',  ( -45.29537560312247990, 25.00000000000000000, -122.3870048206592003 ) ) ;
#1652 = EDGE_LOOP ( 'NONE', ( #3346, #2045, #409, #1402, #639, #154, #2444, #2904, #2159, #3053, #3533, #1934, #3172, #77, #3359, #2812, #1117, #2752, #1223, #3273, #3479, #2941, #3317, #936, #1736, #4075, #2826, #1786, #1350, #1288 ) ) ;
#1653 = ADVANCED_FACE ( 'NONE', ( #4288, #4267 ), #1221, .T. ) ;
#1654 = ORIENTED_EDGE ( 'NONE', *, *, #1468, .T. ) ;
#1655 = FACE_BOUND ( 'NONE', #405, .T. ) ;
#1656 = DIRECTION ( 'NONE',  ( 1.000000000000000000, -0.000000000000000000, 0.000000000000000000 ) ) ;
#1657 = CARTESIAN_POINT ( 'NONE',  ( 72.05641362678947814, 72.00000000000000000, -154.5254776897487830 ) ) ;
#1658 = CARTESIAN_POINT ( 'NONE',  ( -52.39463284441555402, 36.64466094067258695, -154.3496111077021737 ) ) ;
#1659 = VECTOR ( 'NONE', #1077, 1000.000000000000000 ) ;
#1660 = CARTESIAN_POINT ( 'NONE',  ( 0.000000000000000000, 0.000000000000000000, 0.000000000000000000 ) ) ;
#1661 = FACE_OUTER_BOUND ( 'NONE', #1543, .T. ) ;
#1662 = DIRECTION ( 'NONE',  ( -0.000000000000000000, -1.000000000000000000, -0.000000000000000000 ) ) ;
#1663 = AXIS2_PLACEMENT_3D ( 'NONE', #3394, #4149, #3817 ) ;
#1664 = LINE ( 'NONE', #3646, #3145 ) ;
#1665 = CIRCLE ( 'NONE', #3015, 140.5000000000000000 ) ;
#1666 = EDGE_CURVE ( 'NONE', #1246, #3658, #3645, .T. ) ;
#1667 = ORIENTED_EDGE ( 'NONE', *, *, #1644, .T. ) ;
#1668 = CARTESIAN_POINT ( 'NONE',  ( 0.000000000000000000, 10.00000000000000000, 0.000000000000000000 ) ) ;
#1669 = ORIENTED_EDGE ( 'NONE', *, *, #929, .T. ) ;
#1670 = DIRECTION ( 'NONE',  ( 0.000000000000000000, -1.000000000000000000, 0.000000000000000000 ) ) ;
#1671 = ORIENTED_EDGE ( 'NONE', *, *, #2394, .F. ) ;
#1672 = FACE_OUTER_BOUND ( 'NONE', #2599, .T. ) ;
#1673 = PLANE ( 'NONE',  #3257 ) ;
#1674 = CARTESIAN_POINT ( 'NONE',  ( -89.18254656228583599, 10.00000000000000178, -181.2902312082954950 ) ) ;
#1675 = ORIENTED_EDGE ( 'NONE', *, *, #2027, .F. ) ;
#1676 = ORIENTED_EDGE ( 'NONE', *, *, #1044, .F. ) ;
#1677 = LINE ( 'NONE', #4061, #3723 ) ;
#1678 = CARTESIAN_POINT ( 'NONE',  ( -52.39463284441563218, 10.00000000000000178, -154.3496111077021737 ) ) ;
#1679 = DIRECTION ( 'NONE',  ( 0.000000000000000000, 0.000000000000000000, -1.000000000000000000 ) ) ;
#1680 = DIRECTION ( 'NONE',  ( 0.000000000000000000, 0.000000000000000000, 1.000000000000000000 ) ) ;
#1681 = CIRCLE ( 'NONE', #3108, 185.5000000000000568 ) ;
#1682 = DIRECTION ( 'NONE',  ( 0.000000000000000000, 0.000000000000000000, 1.000000000000000000 ) ) ;
#1683 = LINE ( 'NONE', #1387, #3190 ) ;
#1684 = CARTESIAN_POINT ( 'NONE',  ( 36.90295417644660603, 81.99999999999998579, -166.4584692139486890 ) ) ;
#1685 = CIRCLE ( 'NONE', #2604, 170.5000000000000284 ) ;
#1686 = EDGE_LOOP ( 'NONE', ( #3211, #161, #160, #1070 ) ) ;
#1687 = VERTEX_POINT ( 'NONE', #2977 ) ;
#1688 = VECTOR ( 'NONE', #3074, 1000.000000000000227 ) ;
#1689 = EDGE_CURVE ( 'NONE', #210, #2765, #3047, .T. ) ;
#1690 = VERTEX_POINT ( 'NONE', #355 ) ;
#1691 = CARTESIAN_POINT ( 'NONE',  ( 45.19538455917238906, 56.14215794177922447, -122.4239723883663231 ) ) ;
#1692 = VERTEX_POINT ( 'NONE', #2657 ) ;
#1693 = CARTESIAN_POINT ( 'NONE',  ( 78.39568755290000013, 10.00000000000000000, -168.1200944952985310 ) ) ;
#1694 = DIRECTION ( 'NONE',  ( 0.000000000000000000, 1.000000000000000000, -0.000000000000000000 ) ) ;
#1695 = CARTESIAN_POINT ( 'NONE',  ( 0.000000000000000000, 72.00000000000000000, 0.000000000000000000 ) ) ;
#1696 = EDGE_CURVE ( 'NONE', #204, #2286, #3666, .T. ) ;
#1697 = ORIENTED_EDGE ( 'NONE', *, *, #2711, .F. ) ;
#1698 = ORIENTED_EDGE ( 'NONE', *, *, #3509, .T. ) ;
#1699 = CYLINDRICAL_SURFACE ( 'NONE', #1663, 3.299999999999993161 ) ;
#1700 = ADVANCED_FACE ( 'NONE', ( #4401 ), #4361, .F. ) ;
#1701 = FACE_OUTER_BOUND ( 'NONE', #2913, .T. ) ;
#1702 = CARTESIAN_POINT ( 'NONE',  ( -82.24954684975014629, 0.000000000000000000, -184.5661240571402573 ) ) ;
#1703 = FACE_OUTER_BOUND ( 'NONE', #1648, .T. ) ;
#1704 = AXIS2_PLACEMENT_3D ( 'NONE', #3284, #1965, #2590 ) ;
#1705 = DIRECTION ( 'NONE',  ( 0.000000000000000000, 0.000000000000000000, 1.000000000000000000 ) ) ;
#1706 = CARTESIAN_POINT ( 'NONE',  ( 52.39463284441546875, 72.00000000000000000, -151.5996111077022590 ) ) ;
#1707 = CARTESIAN_POINT ( 'NONE',  ( -52.39463284441555402, 81.99999999999998579, -157.0996111077021453 ) ) ;
#1708 = DIRECTION ( 'NONE',  ( -0.000000000000000000, -1.000000000000000000, -0.000000000000000000 ) ) ;
#1709 = ORIENTED_EDGE ( 'NONE', *, *, #2351, .F. ) ;
#1710 = AXIS2_PLACEMENT_3D ( 'NONE', #3444, #2462, #2083 ) ;
#1711 = VERTEX_POINT ( 'NONE', #1389 ) ;
#1712 = CARTESIAN_POINT ( 'NONE',  ( -14.99999999999999645, 5.000000000000000000, -150.5000000000000284 ) ) ;
#1713 = ORIENTED_EDGE ( 'NONE', *, *, #2149, .F. ) ;
#1714 = DIRECTION ( 'NONE',  ( 0.5000000000000013323, 0.000000000000000000, 0.8660254037844379305 ) ) ;
#1715 = CARTESIAN_POINT ( 'NONE',  ( 15.00000000000000355, 5.000000000000000000, -152.2000000000000171 ) ) ;
#1716 = CARTESIAN_POINT ( 'NONE',  ( -45.29537560312247990, 24.78169416132308811, -122.3870048206592145 ) ) ;
#1717 = EDGE_CURVE ( 'NONE', #3888, #957, #2301, .T. ) ;
#1718 = ORIENTED_EDGE ( 'NONE', *, *, #2012, .F. ) ;
#1719 = CARTESIAN_POINT ( 'NONE',  ( -89.18254656228583599, 0.000000000000000000, -181.2902312082954950 ) ) ;
#1720 = CARTESIAN_POINT ( 'NONE',  ( -14.99999999999999645, 10.00000000000000000, -165.5000000000000284 ) ) ;
#1721 = CARTESIAN_POINT ( 'NONE',  ( 60.25000000000011369, 10.00000000000000000, -104.3560611560247793 ) ) ;
#1722 = ADVANCED_FACE ( 'NONE', ( #992 ), #3354, .T. ) ;
#1723 = CARTESIAN_POINT ( 'NONE',  ( -44.88201946669806119, 26.65823595085385733, -122.5392549332276673 ) ) ;
#1724 = VECTOR ( 'NONE', #3349, 1000.000000000000000 ) ;
#1725 = DIRECTION ( 'NONE',  ( 0.000000000000000000, 1.000000000000000000, 0.000000000000000000 ) ) ;
#1726 = FACE_OUTER_BOUND ( 'NONE', #1557, .T. ) ;
#1727 = DIRECTION ( 'NONE',  ( 0.000000000000000000, 0.000000000000000000, -1.000000000000000000 ) ) ;
#1728 = DIRECTION ( 'NONE',  ( 0.000000000000000000, 0.000000000000000000, -1.000000000000000000 ) ) ;
#1729 = ORIENTED_EDGE ( 'NONE', *, *, #4278, .F. ) ;
#1730 = DIRECTION ( 'NONE',  ( 0.000000000000000000, 0.000000000000000000, -1.000000000000000000 ) ) ;
#1731 = CIRCLE ( 'NONE', #4220, 140.5000000000000000 ) ;
#1732 = EDGE_CURVE ( 'NONE', #2355, #2344, #3687, .T. ) ;
#1733 = VERTEX_POINT ( 'NONE', #263 ) ;
#1734 = DIRECTION ( 'NONE',  ( -0.000000000000000000, 1.000000000000000000, -0.000000000000000000 ) ) ;
#1735 = AXIS2_PLACEMENT_3D ( 'NONE', #3019, #2749, #309 ) ;
#1736 = ORIENTED_EDGE ( 'NONE', *, *, #378, .T. ) ;
#1737 = DIRECTION ( 'NONE',  ( -0.000000000000000000, 1.000000000000000000, -0.000000000000000000 ) ) ;
#1738 = EDGE_CURVE ( 'NONE', #1583, #2309, #3381, .T. ) ;
#1739 = DIRECTION ( 'NONE',  ( -0.000000000000000000, -1.000000000000000000, -0.000000000000000000 ) ) ;
#1740 = DIRECTION ( 'NONE',  ( -0.9659258262890674240, 0.000000000000000000, 0.2588190451025242922 ) ) ;
#1741 = VERTEX_POINT ( 'NONE', #2352 ) ;
#1742 = VERTEX_POINT ( 'NONE', #1346 ) ;
#1743 = FACE_BOUND ( 'NONE', #1633, .T. ) ;
#1744 = LINE ( 'NONE', #4041, #2479 ) ;
#1745 = CARTESIAN_POINT ( 'NONE',  ( 0.000000000000000000, 20.00000000000000355, 0.000000000000000000 ) ) ;
#1746 = AXIS2_PLACEMENT_3D ( 'NONE', #1124, #689, #3418 ) ;
#1747 = FACE_OUTER_BOUND ( 'NONE', #4031, .T. ) ;
#1748 = CARTESIAN_POINT ( 'NONE',  ( 30.40976575830350015, 10.00000000000000000, -137.1695890003506406 ) ) ;
#1749 = CARTESIAN_POINT ( 'NONE',  ( 78.39568755290000013, 10.00000000000000000, -168.1200944952985310 ) ) ;
#1750 = LINE ( 'NONE', #3113, #4223 ) ;
#1751 = PLANE ( 'NONE',  #1282 ) ;
#1752 = ORIENTED_EDGE ( 'NONE', *, *, #751, .F. ) ;
#1753 = VECTOR ( 'NONE', #3542, 1000.000000000000000 ) ;
#1754 = CARTESIAN_POINT ( 'NONE',  ( 52.39463284441546875, 81.99999999999998579, -157.0996111077022022 ) ) ;
#1755 = VERTEX_POINT ( 'NONE', #1324 ) ;
#1756 = DIRECTION ( 'NONE',  ( 0.5000000000000011102, 0.000000000000000000, -0.8660254037844380415 ) ) ;
#1757 = VERTEX_POINT ( 'NONE', #1684 ) ;
#1758 = AXIS2_PLACEMENT_3D ( 'NONE', #300, #978, #1740 ) ;
#1759 = DIRECTION ( 'NONE',  ( 0.000000000000000000, -0.000000000000000000, -1.000000000000000000 ) ) ;
#1760 = CARTESIAN_POINT ( 'NONE',  ( 0.000000000000000000, 81.99999999999998579, -120.5000000000000000 ) ) ;
#1761 = ORIENTED_EDGE ( 'NONE', *, *, #3543, .F. ) ;
#1762 = CARTESIAN_POINT ( 'NONE',  ( 0.000000000000000000, 10.00000000000000000, 0.000000000000000000 ) ) ;
#1763 = ORIENTED_EDGE ( 'NONE', *, *, #4172, .T. ) ;
#1764 = ORIENTED_EDGE ( 'NONE', *, *, #4279, .T. ) ;
#1765 = DIRECTION ( 'NONE',  ( 0.000000000000000000, 1.000000000000000000, 0.000000000000000000 ) ) ;
#1766 = DIRECTION ( 'NONE',  ( 0.000000000000000000, 0.000000000000000000, 1.000000000000000000 ) ) ;
#1767 = LINE ( 'NONE', #3753, #3813 ) ;
#1768 = EDGE_CURVE ( 'NONE', #2121, #584, #3714, .T. ) ;
#1769 = VECTOR ( 'NONE', #1199, 1000.000000000000114 ) ;
#1770 = FACE_OUTER_BOUND ( 'NONE', #2695, .T. ) ;
#1771 = CARTESIAN_POINT ( 'NONE',  ( -72.05641362678953499, 81.99999999999998579, -154.5254776897487261 ) ) ;
#1772 = CARTESIAN_POINT ( 'NONE',  ( -18.33893000691735864, 72.00000000000000000, -139.2980030230203283 ) ) ;
#1773 = CIRCLE ( 'NONE', #1916, 12.50000000000001066 ) ;
#1774 = CARTESIAN_POINT ( 'NONE',  ( -39.03543664284585191, 25.00000000000000000, -124.5250363826582714 ) ) ;
#1775 = LINE ( 'NONE', #4135, #1921 ) ;
#1776 = ORIENTED_EDGE ( 'NONE', *, *, #721, .T. ) ;
#1777 = EDGE_CURVE ( 'NONE', #1162, #2779, #2704, .T. ) ;
#1778 = DIRECTION ( 'NONE',  ( -0.000000000000000000, 1.000000000000000000, -0.000000000000000000 ) ) ;
#1779 = ORIENTED_EDGE ( 'NONE', *, *, #905, .T. ) ;
#1780 = FACE_OUTER_BOUND ( 'NONE', #1686, .T. ) ;
#1781 = EDGE_CURVE ( 'NONE', #3116, #1246, #2015, .T. ) ;
#1782 = ORIENTED_EDGE ( 'NONE', *, *, #3075, .F. ) ;
#1783 = PLANE ( 'NONE',  #858 ) ;
#1784 = DIRECTION ( 'NONE',  ( 0.000000000000000000, 0.000000000000000000, 1.000000000000000000 ) ) ;
#1785 = ORIENTED_EDGE ( 'NONE', *, *, #721, .F. ) ;
#1786 = ORIENTED_EDGE ( 'NONE', *, *, #3920, .T. ) ;
#1787 = EDGE_CURVE ( 'NONE', #2872, #3859, #4070, .T. ) ;
#1788 = AXIS2_PLACEMENT_3D ( 'NONE', #4309, #3578, #3600 ) ;
#1789 = ORIENTED_EDGE ( 'NONE', *, *, #1354, .T. ) ;
#1790 = CYLINDRICAL_SURFACE ( 'NONE', #295, 1.000000000000000888 ) ;
#1791 = CARTESIAN_POINT ( 'NONE',  ( 42.38044834036546860, 58.46414561079632932, -112.8013942800607765 ) ) ;
#1792 = AXIS2_PLACEMENT_3D ( 'NONE', #425, #1388, #377 ) ;
#1793 = CARTESIAN_POINT ( 'NONE',  ( -88.75992830054512694, 0.000000000000000000, -182.1965389953321335 ) ) ;
#1794 = EDGE_CURVE ( 'NONE', #3435, #1687, #673, .T. ) ;
#1795 = ADVANCED_FACE ( 'NONE', ( #3332 ), #3402, .F. ) ;
#1796 = CARTESIAN_POINT ( 'NONE',  ( -97.75000000000027001, 81.99999999999998579, -169.3079664398576369 ) ) ;
#1797 = DIRECTION ( 'NONE',  ( -0.000000000000000000, -1.000000000000000000, -0.000000000000000000 ) ) ;
#1798 = CARTESIAN_POINT ( 'NONE',  ( -14.99999999999999645, 5.000000000000000000, -167.2250000000000512 ) ) ;
#1799 = FACE_OUTER_BOUND ( 'NONE', #3895, .T. ) ;
#1800 = CARTESIAN_POINT ( 'NONE',  ( 0.000000000000000000, 0.000000000000000000, 0.000000000000000000 ) ) ;
#1801 = EDGE_CURVE ( 'NONE', #4297, #2243, #2800, .T. ) ;
#1802 = ORIENTED_EDGE ( 'NONE', *, *, #807, .F. ) ;
#1803 = AXIS2_PLACEMENT_3D ( 'NONE', #67, #2105, #973 ) ;
#1804 = CARTESIAN_POINT ( 'NONE',  ( 0.000000000000000000, 10.00000000000000000, 0.000000000000000000 ) ) ;
#1805 = CARTESIAN_POINT ( 'NONE',  ( 60.25000000000012790, 72.00000000000000000, -104.3560611560247793 ) ) ;
#1806 = ORIENTED_EDGE ( 'NONE', *, *, #3777, .F. ) ;
#1807 = AXIS2_PLACEMENT_3D ( 'NONE', #1233, #2589, #3955 ) ;
#1808 = CARTESIAN_POINT ( 'NONE',  ( -37.09115373912293734, 22.98453711057721094, -114.6495135967116425 ) ) ;
#1809 = VERTEX_POINT ( 'NONE', #3091 ) ;
#1810 = VECTOR ( 'NONE', #3485, 1000.000000000000000 ) ;
#1811 = ORIENTED_EDGE ( 'NONE', *, *, #1065, .F. ) ;
#1812 = LINE ( 'NONE', #3929, #3967 ) ;
#1813 = ORIENTED_EDGE ( 'NONE', *, *, #3825, .T. ) ;
#1814 = PLANE ( 'NONE',  #2229 ) ;
#1815 = SURFACE_SIDE_STYLE ('',( #784 ) ) ;
#1816 = AXIS2_PLACEMENT_3D ( 'NONE', #873, #2907, #3206 ) ;
#1817 = DIRECTION ( 'NONE',  ( -0.000000000000000000, 1.000000000000000000, -0.000000000000000000 ) ) ;
#1818 = ORIENTED_EDGE ( 'NONE', *, *, #942, .T. ) ;
#1819 = CARTESIAN_POINT ( 'NONE',  ( 0.000000000000000000, 72.00000000000000000, 0.000000000000000000 ) ) ;
#1820 = DIRECTION ( 'NONE',  ( 0.000000000000000000, 0.000000000000000000, -1.000000000000000000 ) ) ;
#1821 = CARTESIAN_POINT ( 'NONE',  ( -36.90295417644663445, 81.99999999999998579, -166.4584692139486606 ) ) ;
#1822 = CARTESIAN_POINT ( 'NONE',  ( 39.17669924399432801, 53.72077284526172036, -113.9538539301585303 ) ) ;
#1823 = DIRECTION ( 'NONE',  ( 4.625929269271481378E-15, 0.000000000000000000, -1.000000000000000000 ) ) ;
#1824 = ORIENTED_EDGE ( 'NONE', *, *, #1082, .F. ) ;
#1825 = FACE_OUTER_BOUND ( 'NONE', #3668, .T. ) ;
#1826 = LINE ( 'NONE', #138, #3389 ) ;
#1827 = ADVANCED_FACE ( 'NONE', ( #4423 ), #1366, .T. ) ;
#1828 = CIRCLE ( 'NONE', #1893, 2.749999999999974687 ) ;
#1829 = ORIENTED_EDGE ( 'NONE', *, *, #2798, .F. ) ;
#1830 = CARTESIAN_POINT ( 'NONE',  ( -36.90295417644669840, 0.000000000000000000, -166.4584692139486322 ) ) ;
#1831 = VERTEX_POINT ( 'NONE', #1035 ) ;
#1832 = ORIENTED_EDGE ( 'NONE', *, *, #3378, .F. ) ;
#1833 = LINE ( 'NONE', #4194, #3395 ) ;
#1834 = ORIENTED_EDGE ( 'NONE', *, *, #1426, .F. ) ;
#1835 = VECTOR ( 'NONE', #657, 1000.000000000000000 ) ;
#1836 = CARTESIAN_POINT ( 'NONE',  ( 38.77286064387354259, 60.19513328077250947, -114.0918961488087859 ) ) ;
#1837 = EDGE_CURVE ( 'NONE', #2872, #392, #1374, .T. ) ;
#1838 = EDGE_CURVE ( 'NONE', #1583, #3215, #654, .T. ) ;
#1839 = VERTEX_POINT ( 'NONE', #1774 ) ;
#1840 = DIRECTION ( 'NONE',  ( 0.000000000000000000, 1.000000000000000000, -0.000000000000000000 ) ) ;
#1841 = FACE_OUTER_BOUND ( 'NONE', #1871, .T. ) ;
#1842 = DIRECTION ( 'NONE',  ( -0.000000000000000000, -1.000000000000000000, -0.000000000000000000 ) ) ;
#1843 = DIRECTION ( 'NONE',  ( 0.000000000000000000, 1.000000000000000000, 0.000000000000000000 ) ) ;
#1844 = VECTOR ( 'NONE', #2870, 1000.000000000000000 ) ;
#1845 = ORIENTED_EDGE ( 'NONE', *, *, #191, .T. ) ;
#1846 = FACE_OUTER_BOUND ( 'NONE', #3104, .T. ) ;
#1847 = CIRCLE ( 'NONE', #2688, 1.000000000000000888 ) ;
#1848 = AXIS2_PLACEMENT_3D ( 'NONE', #3213, #800, #2163 ) ;
#1849 = LINE ( 'NONE', #3210, #2246 ) ;
#1850 = EDGE_LOOP ( 'NONE', ( #838, #2195, #51, #477, #2093, #2526 ) ) ;
#1851 = EDGE_CURVE ( 'NONE', #226, #2363, #403, .T. ) ;
#1852 = DIRECTION ( 'NONE',  ( 0.5000000000000012212, 0.000000000000000000, 0.8660254037844380415 ) ) ;
#1853 = ORIENTED_EDGE ( 'NONE', *, *, #1323, .T. ) ;
#1854 = VERTEX_POINT ( 'NONE', #3781 ) ;
#1855 = CARTESIAN_POINT ( 'NONE',  ( -81.64620342441676826, 10.00000000000000178, -183.4937966250591330 ) ) ;
#1856 = VECTOR ( 'NONE', #1417, 1000.000000000000000 ) ;
#1857 = CARTESIAN_POINT ( 'NONE',  ( -40.64091420145732059, 72.00000000000000000, -150.0951901057118789 ) ) ;
#1858 = EDGE_CURVE ( 'NONE', #1854, #1831, #1750, .T. ) ;
#1859 = EDGE_LOOP ( 'NONE', ( #2834, #3636, #1337, #1211 ) ) ;
#1860 = CARTESIAN_POINT ( 'NONE',  ( -59.37786577456848391, 72.00000000000000000, -127.3362440786491874 ) ) ;
#1861 = CARTESIAN_POINT ( 'NONE',  ( 0.000000000000000000, 10.00000000000000000, 0.000000000000000000 ) ) ;
#1862 = DIRECTION ( 'NONE',  ( -0.5000000000000002220, 0.000000000000000000, 0.8660254037844383745 ) ) ;
#1863 = LINE ( 'NONE', #2525, #3232 ) ;
#1864 = EDGE_LOOP ( 'NONE', ( #3503, #4029, #907, #729 ) ) ;
#1865 = DIRECTION ( 'NONE',  ( -0.000000000000000000, -1.000000000000000000, -0.000000000000000000 ) ) ;
#1866 = CARTESIAN_POINT ( 'NONE',  ( -82.55251121145342097, 0.000000000000000000, -183.9164148867998279 ) ) ;
#1867 = DIRECTION ( 'NONE',  ( 0.000000000000000000, 0.000000000000000000, 1.000000000000000000 ) ) ;
#1868 = ORIENTED_EDGE ( 'NONE', *, *, #4354, .F. ) ;
#1869 = EDGE_CURVE ( 'NONE', #2551, #1742, #3876, .T. ) ;
#1870 = CARTESIAN_POINT ( 'NONE',  ( -38.57390346852069740, 21.86841919791692490, -114.1592920715803672 ) ) ;
#1871 = EDGE_LOOP ( 'NONE', ( #4004, #2663, #2638, #1779 ) ) ;
#1872 = ORIENTED_EDGE ( 'NONE', *, *, #1441, .T. ) ;
#1873 = EDGE_CURVE ( 'NONE', #2799, #865, #2461, .T. ) ;
#1874 = CARTESIAN_POINT ( 'NONE',  ( 0.000000000000000000, 72.00000000000000000, 0.000000000000000000 ) ) ;
#1875 = VECTOR ( 'NONE', #3423, 1000.000000000000114 ) ;
#1876 = CARTESIAN_POINT ( 'NONE',  ( 42.69510015324293306, 57.21568977605779338, -112.6826447280350152 ) ) ;
#1877 = AXIS2_PLACEMENT_3D ( 'NONE', #2066, #3426, #3918 ) ;
#1878 = EDGE_LOOP ( 'NONE', ( #1813, #1285, #910, #3123 ) ) ;
#1879 = EDGE_CURVE ( 'NONE', #1423, #1974, #237, .T. ) ;
#1880 = LINE ( 'NONE', #2538, #2796 ) ;
#1881 = FACE_BOUND ( 'NONE', #1371, .T. ) ;
#1882 = LINE ( 'NONE', #2503, #3951 ) ;
#1883 = DIRECTION ( 'NONE',  ( 0.000000000000000000, -1.000000000000000000, 0.000000000000000000 ) ) ;
#1884 = ORIENTED_EDGE ( 'NONE', *, *, #3608, .F. ) ;
#1885 = DIRECTION ( 'NONE',  ( 0.000000000000000000, 0.000000000000000000, -1.000000000000000000 ) ) ;
#1886 = PLANE ( 'NONE',  #2193 ) ;
#1887 = DIRECTION ( 'NONE',  ( 0.000000000000000000, 1.000000000000000000, 0.000000000000000000 ) ) ;
#1888 = ORIENTED_EDGE ( 'NONE', *, *, #3564, .T. ) ;
#1889 = EDGE_CURVE ( 'NONE', #362, #1478, #3137, .T. ) ;
#1890 = EDGE_CURVE ( 'NONE', #754, #56, #2436, .T. ) ;
#1891 = DIRECTION ( 'NONE',  ( 0.000000000000000000, 0.000000000000000000, 1.000000000000000000 ) ) ;
#1892 = ORIENTED_EDGE ( 'NONE', *, *, #567, .T. ) ;
#1893 = AXIS2_PLACEMENT_3D ( 'NONE', #2220, #1931, #1577 ) ;
#1894 = ORIENTED_EDGE ( 'NONE', *, *, #4020, .F. ) ;
#1895 = CARTESIAN_POINT ( 'NONE',  ( 20.29682289021804920, 72.00000000000000000, -154.1696759436275670 ) ) ;
#1896 = DIRECTION ( 'NONE',  ( -0.000000000000000000, -1.000000000000000000, -0.000000000000000000 ) ) ;
#1897 = AXIS2_PLACEMENT_3D ( 'NONE', #660, #4104, #30 ) ;
#1898 = AXIS2_PLACEMENT_3D ( 'NONE', #3782, #2154, #3517 ) ;
#1899 = CIRCLE ( 'NONE', #322, 140.5000000000000000 ) ;
#1900 = VERTEX_POINT ( 'NONE', #4113 ) ;
#1901 = DIRECTION ( 'NONE',  ( 0.000000000000000000, -1.000000000000000000, 0.000000000000000000 ) ) ;
#1902 = FACE_OUTER_BOUND ( 'NONE', #3246, .T. ) ;
#1903 = DIRECTION ( 'NONE',  ( -0.000000000000000000, -1.000000000000000000, -0.000000000000000000 ) ) ;
#1904 = FACE_BOUND ( 'NONE', #1227, .T. ) ;
#1905 = LINE ( 'NONE', #2570, #1575 ) ;
#1906 = CARTESIAN_POINT ( 'NONE',  ( 72.05641362678947814, 0.000000000000000000, -154.5254776897487830 ) ) ;
#1907 = DIRECTION ( 'NONE',  ( 0.000000000000000000, 0.000000000000000000, 1.000000000000000000 ) ) ;
#1908 = ADVANCED_FACE ( 'NONE', ( #3873 ), #1466, .F. ) ;
#1909 = ORIENTED_EDGE ( 'NONE', *, *, #768, .F. ) ;
#1910 = ORIENTED_EDGE ( 'NONE', *, *, #2247, .T. ) ;
#1911 = VECTOR ( 'NONE', #608, 1000.000000000000114 ) ;
#1912 = EDGE_CURVE ( 'NONE', #2147, #754, #2131, .T. ) ;
#1913 = FACE_OUTER_BOUND ( 'NONE', #1245, .T. ) ;
#1914 = VERTEX_POINT ( 'NONE', #2415 ) ;
#1915 = ADVANCED_FACE ( 'NONE', ( #1799 ), #3492, .T. ) ;
#1916 = AXIS2_PLACEMENT_3D ( 'NONE', #451, #1152, #1820 ) ;
#1917 = EDGE_LOOP ( 'NONE', ( #4188, #4246, #1018, #2819 ) ) ;
#1918 = LINE ( 'NONE', #1959, #903 ) ;
#1919 = FACE_OUTER_BOUND ( 'NONE', #1986, .T. ) ;
#1920 = VERTEX_POINT ( 'NONE', #1132 ) ;
#1921 = VECTOR ( 'NONE', #380, 1000.000000000000000 ) ;
#1922 = DIRECTION ( 'NONE',  ( 1.110223024625155554E-15, 0.000000000000000000, 1.000000000000000000 ) ) ;
#1923 = EDGE_CURVE ( 'NONE', #1392, #2732, #1173, .T. ) ;
#1924 = CARTESIAN_POINT ( 'NONE',  ( 18.49999999999997868, 5.000000000000000000, -146.7500000000000284 ) ) ;
#1925 = LINE ( 'NONE', #3285, #1159 ) ;
#1926 = ADVANCED_FACE ( 'NONE', ( #2541, #534, #3223, #1239, #4239, #2592, #1904, #3620, #1927 ), #1174, .F. ) ;
#1927 = FACE_BOUND ( 'NONE', #2376, .T. ) ;
#1928 = DIRECTION ( 'NONE',  ( -0.000000000000000000, -1.000000000000000000, -0.000000000000000000 ) ) ;
#1929 = VECTOR ( 'NONE', #1574, 1000.000000000000000 ) ;
#1930 = DIRECTION ( 'NONE',  ( 0.000000000000000000, 0.000000000000000000, 1.000000000000000000 ) ) ;
#1931 = DIRECTION ( 'NONE',  ( -0.000000000000000000, 1.000000000000000000, -0.000000000000000000 ) ) ;
#1932 = EDGE_CURVE ( 'NONE', #2344, #4229, #3265, .T. ) ;
#1933 = ORIENTED_EDGE ( 'NONE', *, *, #3739, .T. ) ;
#1934 = ORIENTED_EDGE ( 'NONE', *, *, #3460, .T. ) ;
#1935 = FACE_OUTER_BOUND ( 'NONE', #997, .T. ) ;
#1936 = VERTEX_POINT ( 'NONE', #3980 ) ;
#1937 = AXIS2_PLACEMENT_3D ( 'NONE', #1945, #1318, #3997 ) ;
#1938 = ORIENTED_EDGE ( 'NONE', *, *, #439, .T. ) ;
#1939 = CARTESIAN_POINT ( 'NONE',  ( -40.14954838551826555, 72.00000000000000000, -181.1029093207476706 ) ) ;
#1940 = CARTESIAN_POINT ( 'NONE',  ( -82.26800380112067046, 26.57782668629988265, -182.7106208519846007 ) ) ;
#1941 = EDGE_LOOP ( 'NONE', ( #2754, #1612, #311, #1249 ) ) ;
#1942 = CIRCLE ( 'NONE', #9, 155.5000000000000284 ) ;
#1943 = CARTESIAN_POINT ( 'NONE',  ( 0.000000000000000000, 72.00000000000000000, 0.000000000000000000 ) ) ;
#1944 = PLANE ( 'NONE',  #3624 ) ;
#1945 = CARTESIAN_POINT ( 'NONE',  ( -78.39568755290005697, 10.00000000000000000, -168.1200944952984742 ) ) ;
#1946 = CIRCLE ( 'NONE', #4011, 170.5000000000000284 ) ;
#1947 = CIRCLE ( 'NONE', #447, 140.5000000000000000 ) ;
#1948 = CARTESIAN_POINT ( 'NONE',  ( -38.77314789854838040, 28.19512223478569268, -114.0917960104259663 ) ) ;
#1949 = CARTESIAN_POINT ( 'NONE',  ( 59.37786577456843418, 0.000000000000000000, -127.3362440786492442 ) ) ;
#1950 = CARTESIAN_POINT ( 'NONE',  ( 0.000000000000000000, 72.00000000000000000, 0.000000000000000000 ) ) ;
#1951 = DIRECTION ( 'NONE',  ( -0.000000000000000000, -1.000000000000000000, -0.000000000000000000 ) ) ;
#1952 = CARTESIAN_POINT ( 'NONE',  ( -14.99999999999999645, 5.025000000000002132, -150.5000000000000284 ) ) ;
#1953 = EDGE_LOOP ( 'NONE', ( #4053, #3171 ) ) ;
#1954 = EDGE_LOOP ( 'NONE', ( #3650, #1369, #4273, #1304, #3804, #928, #2188, #3588, #3606, #2463, #2811 ) ) ;
#1955 = EDGE_CURVE ( 'NONE', #3921, #2799, #1863, .T. ) ;
#1956 = CARTESIAN_POINT ( 'NONE',  ( -52.39463284441563218, 0.000000000000000000, -154.3496111077021737 ) ) ;
#1957 = EDGE_LOOP ( 'NONE', ( #1207, #2991, #886, #2918 ) ) ;
#1958 = EDGE_LOOP ( 'NONE', ( #2070, #782, #1868, #3669 ) ) ;
#1959 = CARTESIAN_POINT ( 'NONE',  ( -97.75000000000027001, 0.000000000000000000, -169.3079664398576654 ) ) ;
#1960 = CARTESIAN_POINT ( 'NONE',  ( 0.000000000000000000, 81.99999999999998579, 0.000000000000000000 ) ) ;
#1961 = CIRCLE ( 'NONE', #1187, 140.5000000000000000 ) ;
#1962 = ORIENTED_EDGE ( 'NONE', *, *, #1184, .F. ) ;
#1963 = ORIENTED_EDGE ( 'NONE', *, *, #1044, .T. ) ;
#1964 = CARTESIAN_POINT ( 'NONE',  ( 45.29537560312244437, 56.99999999999999289, -122.3870048206592287 ) ) ;
#1965 = DIRECTION ( 'NONE',  ( 0.000000000000000000, -1.000000000000000000, 0.000000000000000000 ) ) ;
#1966 = LINE ( 'NONE', #1594, #2716 ) ;
#1967 = ADVANCED_FACE ( 'NONE', ( #2279 ), #831, .T. ) ;
#1968 = CARTESIAN_POINT ( 'NONE',  ( -39.13617088213601392, 25.85568359989160925, -124.4934211904029269 ) ) ;
#1969 = AXIS2_PLACEMENT_3D ( 'NONE', #1762, #2016, #1012 ) ;
#1970 = EDGE_CURVE ( 'NONE', #4015, #362, #4083, .T. ) ;
#1971 = FACE_OUTER_BOUND ( 'NONE', #1859, .T. ) ;
#1972 = CARTESIAN_POINT ( 'NONE',  ( 0.000000000000000000, 10.00000000000000000, 0.000000000000000000 ) ) ;
#1973 = CARTESIAN_POINT ( 'NONE',  ( 52.39463284441546165, 0.000000000000000000, -154.3496111077022590 ) ) ;
#1974 = VERTEX_POINT ( 'NONE', #152 ) ;
#1975 = ORIENTED_EDGE ( 'NONE', *, *, #2717, .T. ) ;
#1976 = CYLINDRICAL_SURFACE ( 'NONE', #3699, 140.5000000000000000 ) ;
#1977 = ORIENTED_EDGE ( 'NONE', *, *, #4279, .F. ) ;
#1978 = EDGE_CURVE ( 'NONE', #2265, #2180, #519, .T. ) ;
#1979 = ORIENTED_EDGE ( 'NONE', *, *, #1738, .F. ) ;
#1980 = AXIS2_PLACEMENT_3D ( 'NONE', #3877, #2996, #3379 ) ;
#1981 = AXIS2_PLACEMENT_3D ( 'NONE', #2626, #2558, #2252 ) ;
#1982 = DIRECTION ( 'NONE',  ( -0.2164396139381029871, 0.000000000000000000, 0.9762960071199332512 ) ) ;
#1983 = CIRCLE ( 'NONE', #2339, 2.749999999999974687 ) ;
#1984 = CARTESIAN_POINT ( 'NONE',  ( -43.18521365929418465, 21.86917098246154012, -123.1475817107741193 ) ) ;
#1985 = CIRCLE ( 'NONE', #261, 2.749999999999974687 ) ;
#1986 = EDGE_LOOP ( 'NONE', ( #2579, #2165, #3760, #3587 ) ) ;
#1987 = VECTOR ( 'NONE', #3649, 1000.000000000000000 ) ;
#1988 = EDGE_LOOP ( 'NONE', ( #678, #3073, #3950, #883 ) ) ;
#1989 = CARTESIAN_POINT ( 'NONE',  ( 44.65707875111455394, 59.01449637176901319, -122.6214092499221664 ) ) ;
#1990 = CARTESIAN_POINT ( 'NONE',  ( 0.000000000000000000, 81.99999999999998579, 0.000000000000000000 ) ) ;
#1991 = DIRECTION ( 'NONE',  ( 0.000000000000000000, 0.000000000000000000, 1.000000000000000000 ) ) ;
#1992 = ADVANCED_FACE ( 'NONE', ( #1703 ), #4418, .T. ) ;
#1993 = CARTESIAN_POINT ( 'NONE',  ( -30.40976575830357476, 10.00000000000000000, -137.1695890003506122 ) ) ;
#1994 = DIRECTION ( 'NONE',  ( -0.000000000000000000, -1.000000000000000000, -0.000000000000000000 ) ) ;
#1995 = DIRECTION ( 'NONE',  ( -0.2164396139381030704, 0.000000000000000000, 0.9762960071199333623 ) ) ;
#1996 = DIRECTION ( 'NONE',  ( 0.000000000000000000, 0.000000000000000000, -1.000000000000000000 ) ) ;
#1997 = ORIENTED_EDGE ( 'NONE', *, *, #3631, .F. ) ;
#1998 = VECTOR ( 'NONE', #2080, 1000.000000000000000 ) ;
#1999 = LINE ( 'NONE', #89, #1013 ) ;
#2000 = ORIENTED_EDGE ( 'NONE', *, *, #890, .T. ) ;
#2001 = DIRECTION ( 'NONE',  ( 0.000000000000000000, 1.000000000000000000, 0.000000000000000000 ) ) ;
#2002 = ORIENTED_EDGE ( 'NONE', *, *, #3768, .F. ) ;
#2003 = CARTESIAN_POINT ( 'NONE',  ( 64.38717422483070152, 5.000000000000004441, -157.8750828830861508 ) ) ;
#2004 = CARTESIAN_POINT ( 'NONE',  ( -84.31994504424355341, 0.000000000000000000, -180.1261408008386695 ) ) ;
#2005 = CARTESIAN_POINT ( 'NONE',  ( -42.58569422661461346, 21.72119731909056028, -123.3562081554588445 ) ) ;
#2006 = ORIENTED_EDGE ( 'NONE', *, *, #1509, .T. ) ;
#2007 = ORIENTED_EDGE ( 'NONE', *, *, #97, .T. ) ;
#2008 = FACE_BOUND ( 'NONE', #3179, .T. ) ;
#2009 = CARTESIAN_POINT ( 'NONE',  ( 60.25000000000011369, 10.00000000000000000, -104.3560611560247793 ) ) ;
#2010 = DIRECTION ( 'NONE',  ( 0.000000000000000000, 1.000000000000000000, 0.000000000000000000 ) ) ;
#2011 = CARTESIAN_POINT ( 'NONE',  ( -36.46542356644675209, 25.43469147607681080, -114.8500094735660042 ) ) ;
#2012 = EDGE_CURVE ( 'NONE', #2706, #2937, #1665, .T. ) ;
#2013 = AXIS2_PLACEMENT_3D ( 'NONE', #3421, #2792, #1104 ) ;
#2014 = DIRECTION ( 'NONE',  ( 0.000000000000000000, 1.000000000000000000, 0.000000000000000000 ) ) ;
#2015 = CIRCLE ( 'NONE', #293, 1.000000000000000888 ) ;
#2016 = DIRECTION ( 'NONE',  ( -0.000000000000000000, -1.000000000000000000, -0.000000000000000000 ) ) ;
#2017 = DIRECTION ( 'NONE',  ( 0.2164396139381033757, -0.000000000000000000, -0.9762960071199331402 ) ) ;
#2018 = AXIS2_PLACEMENT_3D ( 'NONE', #83, #2720, #4086 ) ;
#2019 = CARTESIAN_POINT ( 'NONE',  ( 0.000000000000000000, 10.00000000000000000, 0.000000000000000000 ) ) ;
#2020 = ORIENTED_EDGE ( 'NONE', *, *, #4172, .F. ) ;
#2021 = AXIS2_PLACEMENT_3D ( 'NONE', #2540, #3892, #1506 ) ;
#2022 = EDGE_CURVE ( 'NONE', #2308, #56, #259, .T. ) ;
#2023 = ORIENTED_EDGE ( 'NONE', *, *, #598, .F. ) ;
#2024 = CARTESIAN_POINT ( 'NONE',  ( 44.65723530243789696, 54.98596412672123535, -122.6213510840203185 ) ) ;
#2025 = EDGE_CURVE ( 'NONE', #2290, #4049, #4155, .T. ) ;
#2026 = EDGE_LOOP ( 'NONE', ( #1175, #1494, #206, #2089 ) ) ;
#2027 = EDGE_CURVE ( 'NONE', #1284, #1900, #2633, .T. ) ;
#2028 = DIRECTION ( 'NONE',  ( 0.9762960071199322520, 0.000000000000000000, -0.2164396139381082051 ) ) ;
#2029 = CYLINDRICAL_SURFACE ( 'NONE', #2831, 1.700000000000007061 ) ;
#2030 = CYLINDRICAL_SURFACE ( 'NONE', #467, 170.5000000000000284 ) ;
#2031 = ORIENTED_EDGE ( 'NONE', *, *, #4143, .T. ) ;
#2032 = ORIENTED_EDGE ( 'NONE', *, *, #3092, .T. ) ;
#2033 = DIRECTION ( 'NONE',  ( 0.000000000000000000, 0.000000000000000000, 1.000000000000000000 ) ) ;
#2034 = DIRECTION ( 'NONE',  ( 0.000000000000000000, 0.000000000000000000, 1.000000000000000000 ) ) ;
#2035 = DIRECTION ( 'NONE',  ( -0.9762960071199336953, 0.000000000000000000, -0.2164396139381017381 ) ) ;
#2036 = CARTESIAN_POINT ( 'NONE',  ( -42.98433376615513168, 28.19515877965551454, -123.2178623923969809 ) ) ;
#2037 = CIRCLE ( 'NONE', #102, 12.50000000000001066 ) ;
#2038 = DIRECTION ( 'NONE',  ( 0.000000000000000000, 0.000000000000000000, 1.000000000000000000 ) ) ;
#2039 = CYLINDRICAL_SURFACE ( 'NONE', #1540, 12.50000000000006750 ) ;
#2040 = DIRECTION ( 'NONE',  ( 0.000000000000000000, -0.7071067811865597852, -0.7071067811865352493 ) ) ;
#2041 = CIRCLE ( 'NONE', #107, 1.700000000000007061 ) ;
#2042 = DIRECTION ( 'NONE',  ( -0.000000000000000000, -1.000000000000000000, -0.000000000000000000 ) ) ;
#2043 = ORIENTED_EDGE ( 'NONE', *, *, #4293, .T. ) ;
#2044 = CIRCLE ( 'NONE', #3755, 3.299999999999997158 ) ;
#2045 = ORIENTED_EDGE ( 'NONE', *, *, #1142, .T. ) ;
#2046 = DIRECTION ( 'NONE',  ( -0.000000000000000000, -1.000000000000000000, -0.000000000000000000 ) ) ;
#2047 = ADVANCED_FACE ( 'NONE', ( #3398 ), #3329, .T. ) ;
#2048 = ORIENTED_EDGE ( 'NONE', *, *, #4020, .T. ) ;
#2049 = ADVANCED_FACE ( 'NONE', ( #280 ), #4064, .T. ) ;
#2050 = CARTESIAN_POINT ( 'NONE',  ( -40.64091420145734190, 10.00000000000000000, -150.0951901057119073 ) ) ;
#2051 = EDGE_CURVE ( 'NONE', #1839, #1914, #94, .T. ) ;
#2052 = CARTESIAN_POINT ( 'NONE',  ( -81.34323906271349358, 10.00000000000000178, -184.1435057953995624 ) ) ;
#2053 = LINE ( 'NONE', #2385, #825 ) ;
#2054 = AXIS2_PLACEMENT_3D ( 'NONE', #1678, #667, #1340 ) ;
#2055 = VERTEX_POINT ( 'NONE', #3083 ) ;
#2056 = DIRECTION ( 'NONE',  ( 0.000000000000000000, 0.000000000000000000, 1.000000000000000000 ) ) ;
#2057 = CARTESIAN_POINT ( 'NONE',  ( 15.00000000000000355, 10.00000000000000000, -150.5000000000000284 ) ) ;
#2058 = DIRECTION ( 'NONE',  ( -0.000000000000000000, 1.000000000000000000, -0.000000000000000000 ) ) ;
#2059 = CARTESIAN_POINT ( 'NONE',  ( -44.07754575003162500, 27.62701747203105285, -122.8309906027971010 ) ) ;
#2060 = EDGE_CURVE ( 'NONE', #4268, #2140, #2778, .T. ) ;
#2061 = CARTESIAN_POINT ( 'NONE',  ( -24.21260865681972518, 72.00000000000000000, -183.9130217848418738 ) ) ;
#2062 = CARTESIAN_POINT ( 'NONE',  ( -72.05641362678954920, 0.000000000000000000, -154.5254776897487261 ) ) ;
#2063 = DIRECTION ( 'NONE',  ( -0.000000000000000000, -1.000000000000000000, -0.000000000000000000 ) ) ;
#2064 = CARTESIAN_POINT ( 'NONE',  ( 0.000000000000000000, 10.00000000000000000, 0.000000000000000000 ) ) ;
#2065 = EDGE_LOOP ( 'NONE', ( #1016, #613, #1776, #3868 ) ) ;
#2066 = CARTESIAN_POINT ( 'NONE',  ( 0.000000000000000000, 72.00000000000000000, 0.000000000000000000 ) ) ;
#2067 = VECTOR ( 'NONE', #1620, 1000.000000000000000 ) ;
#2068 = ORIENTED_EDGE ( 'NONE', *, *, #3971, .T. ) ;
#2069 = CARTESIAN_POINT ( 'NONE',  ( 45.29537560312244437, 56.99999999999999289, -122.3870048206592287 ) ) ;
#2070 = ORIENTED_EDGE ( 'NONE', *, *, #3810, .F. ) ;
#2071 = DIRECTION ( 'NONE',  ( 0.000000000000000000, 0.000000000000000000, 1.000000000000000000 ) ) ;
#2072 = CARTESIAN_POINT ( 'NONE',  ( -36.54545662463239353, 24.14413356664697119, -114.8245678992386729 ) ) ;
#2073 = CARTESIAN_POINT ( 'NONE',  ( -39.03543664284585901, 24.78437881256245845, -124.5250363826583140 ) ) ;
#2074 = ORIENTED_EDGE ( 'NONE', *, *, #58, .F. ) ;
#2075 = CARTESIAN_POINT ( 'NONE',  ( -52.39463284441555402, 81.99999999999998579, -154.3496111077021737 ) ) ;
#2076 = CARTESIAN_POINT ( 'NONE',  ( -52.39463284441555402, 72.00000000000000000, -141.8496111077021737 ) ) ;
#2077 = DIRECTION ( 'NONE',  ( -0.8660254037844381525, 0.000000000000000000, -0.5000000000000008882 ) ) ;
#2078 = CARTESIAN_POINT ( 'NONE',  ( -20.29682289021815222, 81.99999999999998579, -154.1696759436275386 ) ) ;
#2079 = CARTESIAN_POINT ( 'NONE',  ( -52.39463284441555402, 36.64466094067258695, -141.8496111077021737 ) ) ;
#2080 = DIRECTION ( 'NONE',  ( 0.000000000000000000, 1.000000000000000000, 0.000000000000000000 ) ) ;
#2081 = CARTESIAN_POINT ( 'NONE',  ( -33.65635996737514546, 10.00000000000000000, -151.8140291071496506 ) ) ;
#2082 = CIRCLE ( 'NONE', #85, 185.5000000000000568 ) ;
#2083 = DIRECTION ( 'NONE',  ( 0.000000000000000000, 0.000000000000000000, -1.000000000000000000 ) ) ;
#2084 = ORIENTED_EDGE ( 'NONE', *, *, #3731, .T. ) ;
#2085 = DIRECTION ( 'NONE',  ( 0.000000000000000000, 0.000000000000000000, -1.000000000000000000 ) ) ;
#2086 = AXIS2_PLACEMENT_3D ( 'NONE', #2127, #3512, #3489 ) ;
#2087 = ORIENTED_EDGE ( 'NONE', *, *, #2758, .F. ) ;
#2088 = DIRECTION ( 'NONE',  ( -0.000000000000000000, -1.000000000000000000, -0.000000000000000000 ) ) ;
#2089 = ORIENTED_EDGE ( 'NONE', *, *, #2908, .F. ) ;
#2090 = CARTESIAN_POINT ( 'NONE',  ( -84.31994504424355341, 0.000000000000000000, -180.1261408008386695 ) ) ;
#2091 = ADVANCED_FACE ( 'NONE', ( #4204 ), #2135, .F. ) ;
#2092 = DIRECTION ( 'NONE',  ( 0.5000000000000011102, 0.000000000000000000, -0.8660254037844380415 ) ) ;
#2093 = ORIENTED_EDGE ( 'NONE', *, *, #3363, .F. ) ;
#2094 = DIRECTION ( 'NONE',  ( 0.000000000000000000, 0.000000000000000000, 1.000000000000000000 ) ) ;
#2095 = EDGE_LOOP ( 'NONE', ( #3021, #4403, #832, #1676 ) ) ;
#2096 = ORIENTED_EDGE ( 'NONE', *, *, #637, .F. ) ;
#2097 = CARTESIAN_POINT ( 'NONE',  ( 40.79065965699497553, 59.96801330304571565, -123.9613337838686675 ) ) ;
#2098 = DIRECTION ( 'NONE',  ( 0.2164396139381082329, -0.000000000000000000, 0.9762960071199321410 ) ) ;
#2099 = DIRECTION ( 'NONE',  ( -0.000000000000000000, 1.000000000000000000, -0.000000000000000000 ) ) ;
#2100 = EDGE_CURVE ( 'NONE', #1231, #3203, #1946, .T. ) ;
#2101 = AXIS2_PLACEMENT_3D ( 'NONE', #1721, #2077, #3082 ) ;
#2103 = EDGE_CURVE ( 'NONE', #4097, #1733, #2513, .T. ) ;
#2102 = CARTESIAN_POINT ( 'NONE',  ( -90.15506686589429819, 10.00000000000000178, -181.5230492897868544 ) ) ;
#2104 = DIRECTION ( 'NONE',  ( 0.4226182617407016617, 0.000000000000000000, 0.9063077870366488265 ) ) ;
#2105 = DIRECTION ( 'NONE',  ( -0.000000000000000000, -1.000000000000000000, -0.000000000000000000 ) ) ;
#2106 = CARTESIAN_POINT ( 'NONE',  ( 42.69510015324293306, 56.78436157315444177, -112.6826447280350010 ) ) ;
#2107 = FACE_OUTER_BOUND ( 'NONE', #4228, .T. ) ;
#2108 = ORIENTED_EDGE ( 'NONE', *, *, #2846, .F. ) ;
#2109 = DIRECTION ( 'NONE',  ( -0.2164396139381042916, 0.000000000000000000, -0.9762960071199330292 ) ) ;
#2110 = CIRCLE ( 'NONE', #3254, 1.000000000000000888 ) ;
#2111 = ORIENTED_EDGE ( 'NONE', *, *, #2655, .T. ) ;
#2112 = LINE ( 'NONE', #1493, #3673 ) ;
#2113 = EDGE_CURVE ( 'NONE', #1116, #3291, #298, .T. ) ;
#2114 = VERTEX_POINT ( 'NONE', #3141 ) ;
#2115 = VECTOR ( 'NONE', #3992, 1000.000000000000000 ) ;
#2116 = CARTESIAN_POINT ( 'NONE',  ( -59.12955738187348942, 72.00000000000000000, -143.8191414375142756 ) ) ;
#2117 = CARTESIAN_POINT ( 'NONE',  ( -41.63971916690962871, 22.51194965232928880, -113.0769967664412121 ) ) ;
#2118 = EDGE_CURVE ( 'NONE', #1854, #3788, #722, .T. ) ;
#2119 = ORIENTED_EDGE ( 'NONE', *, *, #435, .F. ) ;
#2120 = ORIENTED_EDGE ( 'NONE', *, *, #2258, .F. ) ;
#2121 = VERTEX_POINT ( 'NONE', #1156 ) ;
#2122 = CARTESIAN_POINT ( 'NONE',  ( 39.68491293814089715, 59.01872668945064504, -124.3196376598533561 ) ) ;
#2123 = FILL_AREA_STYLE_COLOUR ( '', #3551 ) ;
#2124 = LINE ( 'NONE', #421, #3245 ) ;
#2125 = CIRCLE ( 'NONE', #2687, 120.5000000000000000 ) ;
#2126 = CIRCLE ( 'NONE', #185, 1.725000000000004308 ) ;
#2127 = CARTESIAN_POINT ( 'NONE',  ( -89.18254656228583599, 26.57782668629988265, -181.2902312082954950 ) ) ;
#2128 = ADVANCED_FACE ( 'NONE', ( #46 ), #4117, .F. ) ;
#2129 = FACE_BOUND ( 'NONE', #1850, .T. ) ;
#2130 = LINE ( 'NONE', #1772, #3292 ) ;
#2131 = LINE ( 'NONE', #2081, #1020 ) ;
#2132 = CARTESIAN_POINT ( 'NONE',  ( 72.05641362678947814, 81.99999999999998579, -154.5254776897487830 ) ) ;
#2133 = EDGE_LOOP ( 'NONE', ( #418, #3071, #1997, #4377 ) ) ;
#2134 = AXIS2_PLACEMENT_3D ( 'NONE', #520, #543, #1891 ) ;
#2135 = CYLINDRICAL_SURFACE ( 'NONE', #2727, 155.5000000000000284 ) ;
#2136 = ORIENTED_EDGE ( 'NONE', *, *, #166, .F. ) ;
#2137 = CARTESIAN_POINT ( 'NONE',  ( 20.29682289021804920, 72.00000000000000000, -154.1696759436275670 ) ) ;
#2138 = VERTEX_POINT ( 'NONE', #2508 ) ;
#2139 = CARTESIAN_POINT ( 'NONE',  ( -41.14187909890127770, 22.13431585448694605, -113.2591192908245432 ) ) ;
#2140 = VERTEX_POINT ( 'NONE', #383 ) ;
#2141 = ORIENTED_EDGE ( 'NONE', *, *, #3938, .T. ) ;
#2142 = VECTOR ( 'NONE', #1617, 1000.000000000000114 ) ;
#2143 = ORIENTED_EDGE ( 'NONE', *, *, #531, .T. ) ;
#2144 = FACE_OUTER_BOUND ( 'NONE', #2851, .T. ) ;
#2145 = CARTESIAN_POINT ( 'NONE',  ( 36.46524946659848609, 57.43303308153300435, -114.8500646580126414 ) ) ;
#2146 = CARTESIAN_POINT ( 'NONE',  ( -33.65635996737514546, 81.99999999999998579, -151.8140291071496506 ) ) ;
#2147 = VERTEX_POINT ( 'NONE', #3857 ) ;
#2148 = CYLINDRICAL_SURFACE ( 'NONE', #2013, 195.5000000000000000 ) ;
#2149 = EDGE_CURVE ( 'NONE', #2202, #2363, #1062, .T. ) ;
#2150 = DIRECTION ( 'NONE',  ( 0.000000000000000000, 1.000000000000000000, -0.000000000000000000 ) ) ;
#2151 = CARTESIAN_POINT ( 'NONE',  ( 30.40976575830350015, 10.00000000000000000, -137.1695890003506406 ) ) ;
#2152 = DIRECTION ( 'NONE',  ( 0.000000000000000000, 0.000000000000000000, -1.000000000000000000 ) ) ;
#2153 = AXIS2_PLACEMENT_3D ( 'NONE', #2632, #3730, #4018 ) ;
#2154 = DIRECTION ( 'NONE',  ( -0.000000000000000000, 1.000000000000000000, -0.000000000000000000 ) ) ;
#2155 = ORIENTED_EDGE ( 'NONE', *, *, #2781, .T. ) ;
#2156 = CIRCLE ( 'NONE', #1803, 1.725000000000004308 ) ;
#2157 = DIRECTION ( 'NONE',  ( 0.000000000000000000, 0.000000000000000000, -1.000000000000000000 ) ) ;
#2158 = DIRECTION ( 'NONE',  ( 0.000000000000000000, -1.000000000000000000, 0.000000000000000000 ) ) ;
#2159 = ORIENTED_EDGE ( 'NONE', *, *, #2194, .T. ) ;
#2160 = VECTOR ( 'NONE', #2820, 1000.000000000000000 ) ;
#2161 = ADVANCED_FACE ( 'NONE', ( #117 ), #4186, .F. ) ;
#2162 = VECTOR ( 'NONE', #594, 1000.000000000000000 ) ;
#2163 = DIRECTION ( 'NONE',  ( 0.000000000000000000, 0.000000000000000000, -1.000000000000000000 ) ) ;
#2164 = ORIENTED_EDGE ( 'NONE', *, *, #1449, .T. ) ;
#2165 = ORIENTED_EDGE ( 'NONE', *, *, #3881, .F. ) ;
#2166 = EDGE_CURVE ( 'NONE', #392, #776, #430, .T. ) ;
#2167 = DIRECTION ( 'NONE',  ( 0.000000000000000000, 0.000000000000000000, 1.000000000000000000 ) ) ;
#2168 = VERTEX_POINT ( 'NONE', #2442 ) ;
#2169 = DIRECTION ( 'NONE',  ( -0.000000000000000000, -1.000000000000000000, -0.000000000000000000 ) ) ;
#2170 = VECTOR ( 'NONE', #553, 1000.000000000000227 ) ;
#2171 = ORIENTED_EDGE ( 'NONE', *, *, #2487, .F. ) ;
#2172 = DIRECTION ( 'NONE',  ( -0.000000000000000000, -1.000000000000000000, -0.000000000000000000 ) ) ;
#2173 = DIRECTION ( 'NONE',  ( 0.4226182617407012732, 0.000000000000000000, -0.9063077870366490485 ) ) ;
#2174 = CARTESIAN_POINT ( 'NONE',  ( 15.00000000000000355, 5.025000000000002132, -150.5000000000000284 ) ) ;
#2175 = CARTESIAN_POINT ( 'NONE',  ( 40.59049678172500819, 53.86962767620165948, -113.4579285447275652 ) ) ;
#2176 = ORIENTED_EDGE ( 'NONE', *, *, #644, .T. ) ;
#2177 = DIRECTION ( 'NONE',  ( -0.9063077870366489375, 0.000000000000000000, 0.4226182617407016617 ) ) ;
#2178 = DIRECTION ( 'NONE',  ( 0.000000000000000000, 0.000000000000000000, 1.000000000000000000 ) ) ;
#2179 = AXIS2_PLACEMENT_3D ( 'NONE', #199, #2595, #3984 ) ;
#2180 = VERTEX_POINT ( 'NONE', #3805 ) ;
#2181 = ADVANCED_FACE ( 'NONE', ( #3472 ), #2827, .F. ) ;
#2182 = FACE_OUTER_BOUND ( 'NONE', #2449, .T. ) ;
#2183 = ORIENTED_EDGE ( 'NONE', *, *, #3543, .T. ) ;
#2184 = ORIENTED_EDGE ( 'NONE', *, *, #2655, .F. ) ;
#2185 = CIRCLE ( 'NONE', #1118, 130.5000000000000000 ) ;
#2186 = EDGE_CURVE ( 'NONE', #3335, #2619, #4163, .T. ) ;
#2187 = FACE_OUTER_BOUND ( 'NONE', #1358, .T. ) ;
#2188 = ORIENTED_EDGE ( 'NONE', *, *, #773, .F. ) ;
#2189 = FACE_OUTER_BOUND ( 'NONE', #109, .T. ) ;
#2190 = DIRECTION ( 'NONE',  ( -0.000000000000000000, -1.000000000000000000, -0.000000000000000000 ) ) ;
#2191 = CARTESIAN_POINT ( 'NONE',  ( 59.37786577456844128, 72.00000000000000000, -127.3362440786492442 ) ) ;
#2192 = CARTESIAN_POINT ( 'NONE',  ( -82.92530478049924625, 26.57782668629988265, -183.1169564980596078 ) ) ;
#2193 = AXIS2_PLACEMENT_3D ( 'NONE', #4224, #2177, #1177 ) ;
#2194 = EDGE_CURVE ( 'NONE', #2985, #3252, #1166, .T. ) ;
#2195 = ORIENTED_EDGE ( 'NONE', *, *, #1529, .T. ) ;
#2196 = DIRECTION ( 'NONE',  ( 0.000000000000000000, 1.000000000000000000, 0.000000000000000000 ) ) ;
#2197 = DIRECTION ( 'NONE',  ( 0.000000000000000000, 1.000000000000000000, -0.000000000000000000 ) ) ;
#2198 = VECTOR ( 'NONE', #1029, 1000.000000000000000 ) ;
#2199 = AXIS2_PLACEMENT_3D ( 'NONE', #2052, #1694, #1377 ) ;
#2200 = LINE ( 'NONE', #1554, #3182 ) ;
#2201 = ADVANCED_FACE ( 'NONE', ( #3832 ), #771, .F. ) ;
#2202 = VERTEX_POINT ( 'NONE', #457 ) ;
#2203 = AXIS2_PLACEMENT_3D ( 'NONE', #3988, #224, #2222 ) ;
#2204 = CARTESIAN_POINT ( 'NONE',  ( 40.14954838551813765, 10.00000000000000000, -181.1029093207476990 ) ) ;
#2205 = ORIENTED_EDGE ( 'NONE', *, *, #63, .F. ) ;
#2206 = APPLICATION_CONTEXT ( 'automotive_design' ) ;
#2207 = ORIENTED_EDGE ( 'NONE', *, *, #1052, .T. ) ;
#2208 = DIRECTION ( 'NONE',  ( 0.000000000000000000, 0.000000000000000000, 1.000000000000000000 ) ) ;
#2209 = CARTESIAN_POINT ( 'NONE',  ( 38.19809862922873123, 59.96791927254422916, -114.2855846633753174 ) ) ;
#2210 = AXIS2_PLACEMENT_3D ( 'NONE', #1660, #2303, #3663 ) ;
#2211 = EDGE_LOOP ( 'NONE', ( #2439, #4380, #3340, #3592 ) ) ;
#2212 = FACE_OUTER_BOUND ( 'NONE', #22, .T. ) ;
#2213 = FACE_BOUND ( 'NONE', #143, .T. ) ;
#2214 = CARTESIAN_POINT ( 'NONE',  ( -14.99999999999999645, 5.000000000000000000, -148.8000000000000114 ) ) ;
#2215 = ADVANCED_FACE ( 'NONE', ( #1825 ), #3189, .F. ) ;
#2216 = CARTESIAN_POINT ( 'NONE',  ( 36.44477503485185821, 56.99999999999999289, -114.8565556364069096 ) ) ;
#2217 = ORIENTED_EDGE ( 'NONE', *, *, #247, .F. ) ;
#2218 = CARTESIAN_POINT ( 'NONE',  ( 40.64091420145724243, 81.99999999999998579, -150.0951901057119073 ) ) ;
#2219 = FACE_OUTER_BOUND ( 'NONE', #2496, .T. ) ;
#2220 = CARTESIAN_POINT ( 'NONE',  ( -52.39463284441555402, 81.99999999999998579, -154.3496111077021737 ) ) ;
#2221 = VERTEX_POINT ( 'NONE', #137 ) ;
#2222 = DIRECTION ( 'NONE',  ( 0.000000000000000000, 0.000000000000000000, 1.000000000000000000 ) ) ;
#2223 = ORIENTED_EDGE ( 'NONE', *, *, #2617, .T. ) ;
#2224 = ORIENTED_EDGE ( 'NONE', *, *, #1464, .F. ) ;
#2225 = CIRCLE ( 'NONE', #3516, 12.50000000000001066 ) ;
#2226 = ADVANCED_FACE ( 'NONE', ( #2219 ), #1488, .F. ) ;
#2227 = DIRECTION ( 'NONE',  ( 0.000000000000000000, 0.000000000000000000, 1.000000000000000000 ) ) ;
#2228 = CARTESIAN_POINT ( 'NONE',  ( -14.99999999999999645, 10.00000000000000000, -150.5000000000000284 ) ) ;
#2229 = AXIS2_PLACEMENT_3D ( 'NONE', #3177, #3506, #783 ) ;
#2230 = ORIENTED_EDGE ( 'NONE', *, *, #375, .T. ) ;
#2231 = CARTESIAN_POINT ( 'NONE',  ( 0.000000000000000000, 72.00000000000000000, 0.000000000000000000 ) ) ;
#2232 = EDGE_CURVE ( 'NONE', #2221, #4263, #493, .T. ) ;
#2233 = DIRECTION ( 'NONE',  ( 0.000000000000000000, 0.000000000000000000, -1.000000000000000000 ) ) ;
#2234 = CARTESIAN_POINT ( 'NONE',  ( 15.00000000000000355, 5.000000000000000000, -148.7750000000000057 ) ) ;
#2235 = CARTESIAN_POINT ( 'NONE',  ( -42.69510015324296148, 25.00000000000000355, -112.6826447280349868 ) ) ;
#2236 = VERTEX_POINT ( 'NONE', #3226 ) ;
#2237 = EDGE_CURVE ( 'NONE', #459, #2671, #2910, .T. ) ;
#2238 = ADVANCED_FACE ( 'NONE', ( #1846 ), #1626, .F. ) ;
#2239 = DIRECTION ( 'NONE',  ( 0.000000000000000000, 0.000000000000000000, -1.000000000000000000 ) ) ;
#2240 = LINE ( 'NONE', #3941, #1769 ) ;
#2241 = DIRECTION ( 'NONE',  ( 0.8660254037844379305, 0.000000000000000000, -0.5000000000000012212 ) ) ;
#2242 = VERTEX_POINT ( 'NONE', #516 ) ;
#2243 = VERTEX_POINT ( 'NONE', #1866 ) ;
#2244 = DIRECTION ( 'NONE',  ( 0.000000000000000000, 0.000000000000000000, -1.000000000000000000 ) ) ;
#2245 = ORIENTED_EDGE ( 'NONE', *, *, #1386, .F. ) ;
#2246 = VECTOR ( 'NONE', #3625, 1000.000000000000000 ) ;
#2247 = EDGE_CURVE ( 'NONE', #4073, #4049, #173, .T. ) ;
#2248 = ORIENTED_EDGE ( 'NONE', *, *, #63, .T. ) ;
#2249 = ADVANCED_FACE ( 'NONE', ( #475 ), #3579, .T. ) ;
#2250 = DIRECTION ( 'NONE',  ( 0.000000000000000000, 0.000000000000000000, 1.000000000000000000 ) ) ;
#2251 = ADVANCED_FACE ( 'NONE', ( #834 ), #1886, .F. ) ;
#2252 = DIRECTION ( 'NONE',  ( 0.000000000000000000, 0.000000000000000000, -1.000000000000000000 ) ) ;
#2253 = CIRCLE ( 'NONE', #1043, 170.5000000000000284 ) ;
#2254 = AXIS2_PLACEMENT_3D ( 'NONE', #3115, #3469, #404 ) ;
#2255 = AXIS2_PLACEMENT_3D ( 'NONE', #1627, #2338, #4384 ) ;
#2256 = VERTEX_POINT ( 'NONE', #1552 ) ;
#2257 = DIRECTION ( 'NONE',  ( 0.000000000000000000, 0.000000000000000000, 1.000000000000000000 ) ) ;
#2258 = EDGE_CURVE ( 'NONE', #2308, #4209, #3761, .T. ) ;
#2259 = CARTESIAN_POINT ( 'NONE',  ( 0.000000000000000000, 81.99999999999998579, 0.000000000000000000 ) ) ;
#2260 = CYLINDRICAL_SURFACE ( 'NONE', #4090, 2.749999999999974687 ) ;
#2261 = CARTESIAN_POINT ( 'NONE',  ( -39.38123006758650746, 28.30021096040324835, -113.8833402250030105 ) ) ;
#2262 = LINE ( 'NONE', #3622, #3281 ) ;
#2263 = CARTESIAN_POINT ( 'NONE',  ( 0.000000000000000000, 10.00000000000000000, 0.000000000000000000 ) ) ;
#2264 = CARTESIAN_POINT ( 'NONE',  ( 52.39463284441546875, 81.99999999999998579, -154.3496111077022306 ) ) ;
#2265 = VERTEX_POINT ( 'NONE', #3623 ) ;
#2266 = VERTEX_POINT ( 'NONE', #2528 ) ;
#2267 = VECTOR ( 'NONE', #2902, 1000.000000000000000 ) ;
#2268 = DIRECTION ( 'NONE',  ( -0.000000000000000000, -1.000000000000000000, -0.000000000000000000 ) ) ;
#2269 = ORIENTED_EDGE ( 'NONE', *, *, #1329, .F. ) ;
#2270 = AXIS2_PLACEMENT_3D ( 'NONE', #1924, #1656, #3306 ) ;
#2271 = ORIENTED_EDGE ( 'NONE', *, *, #3075, .T. ) ;
#2272 = DIRECTION ( 'NONE',  ( 0.000000000000000000, 0.000000000000000000, -1.000000000000000000 ) ) ;
#2273 = DIRECTION ( 'NONE',  ( -0.000000000000000000, -1.000000000000000000, -0.000000000000000000 ) ) ;
#2274 = ORIENTED_EDGE ( 'NONE', *, *, #1195, .F. ) ;
#2275 = CIRCLE ( 'NONE', #708, 12.50000000000001066 ) ;
#2276 = CARTESIAN_POINT ( 'NONE',  ( -87.31076074146447752, 10.00000000000000178, -181.5207810645830193 ) ) ;
#2277 = DIRECTION ( 'NONE',  ( -0.000000000000000000, 1.000000000000000000, -0.000000000000000000 ) ) ;
#2278 = FACE_OUTER_BOUND ( 'NONE', #609, .T. ) ;
#2279 = FACE_OUTER_BOUND ( 'NONE', #2480, .T. ) ;
#2280 = EDGE_CURVE ( 'NONE', #3784, #4120, #2240, .T. ) ;
#2281 = CYLINDRICAL_SURFACE ( 'NONE', #4272, 155.5000000000000284 ) ;
#2282 = CARTESIAN_POINT ( 'NONE',  ( 15.00000000000000355, 5.000000000000000000, -167.2000000000000455 ) ) ;
#2283 = CARTESIAN_POINT ( 'NONE',  ( -82.92530478049924625, 10.00000000000000178, -183.1169564980596078 ) ) ;
#2284 = ORIENTED_EDGE ( 'NONE', *, *, #2756, .F. ) ;
#2285 = ORIENTED_EDGE ( 'NONE', *, *, #1004, .F. ) ;
#2286 = VERTEX_POINT ( 'NONE', #3897 ) ;
#2287 = CYLINDRICAL_SURFACE ( 'NONE', #3914, 155.5000000000000284 ) ;
#2288 = ORIENTED_EDGE ( 'NONE', *, *, #3691, .F. ) ;
#2289 = AXIS2_PLACEMENT_3D ( 'NONE', #2610, #2971, #2953 ) ;
#2290 = VERTEX_POINT ( 'NONE', #881 ) ;
#2291 = EDGE_CURVE ( 'NONE', #2363, #1087, #253, .T. ) ;
#2292 = CARTESIAN_POINT ( 'NONE',  ( 45.02648131759482197, 72.00000000000000000, -164.4471525449933438 ) ) ;
#2293 = CARTESIAN_POINT ( 'NONE',  ( 0.000000000000000000, 10.00000000000000000, 0.000000000000000000 ) ) ;
#2294 = EDGE_CURVE ( 'NONE', #776, #3859, #839, .T. ) ;
#2295 = ORIENTED_EDGE ( 'NONE', *, *, #3092, .F. ) ;
#2296 = CIRCLE ( 'NONE', #2645, 12.50000000000001066 ) ;
#2297 = DIRECTION ( 'NONE',  ( 0.000000000000000000, 1.000000000000000000, 0.000000000000000000 ) ) ;
#2298 = CYLINDRICAL_SURFACE ( 'NONE', #1704, 12.50000000000006750 ) ;
#2299 = DIRECTION ( 'NONE',  ( 0.000000000000000000, -1.000000000000000000, 0.000000000000000000 ) ) ;
#2300 = AXIS2_PLACEMENT_3D ( 'NONE', #1135, #2489, #2157 ) ;
#2301 = CIRCLE ( 'NONE', #1735, 1.700000000000007061 ) ;
#2302 = CARTESIAN_POINT ( 'NONE',  ( -41.76623803189936268, 28.27862958277981420, -123.6360625366817487 ) ) ;
#2303 = DIRECTION ( 'NONE',  ( 0.000000000000000000, 0.000000000000000000, 1.000000000000000000 ) ) ;
#2304 = DIRECTION ( 'NONE',  ( 0.000000000000000000, 0.000000000000000000, -1.000000000000000000 ) ) ;
#2305 = EDGE_CURVE ( 'NONE', #3252, #4215, #912, .T. ) ;
#2306 = CARTESIAN_POINT ( 'NONE',  ( 33.65635996737503888, 72.00000000000000000, -151.8140291071497074 ) ) ;
#2307 = CYLINDRICAL_SURFACE ( 'NONE', #3711, 12.50000000000006750 ) ;
#2308 = VERTEX_POINT ( 'NONE', #538 ) ;
#2309 = VERTEX_POINT ( 'NONE', #901 ) ;
#2310 = FACE_OUTER_BOUND ( 'NONE', #4146, .T. ) ;
#2311 = VERTEX_POINT ( 'NONE', #198 ) ;
#2312 = AXIS2_PLACEMENT_3D ( 'NONE', #2431, #4088, #2791 ) ;
#2313 = ORIENTED_EDGE ( 'NONE', *, *, #3498, .T. ) ;
#2314 = CARTESIAN_POINT ( 'NONE',  ( 40.14954838551813765, 72.00000000000000000, -181.1029093207476990 ) ) ;
#2315 = ADVANCED_FACE ( 'NONE', ( #1576 ), #2933, .F. ) ;
#2316 = CARTESIAN_POINT ( 'NONE',  ( 59.12955738187338994, 72.00000000000000000, -143.8191414375143040 ) ) ;
#2317 = VERTEX_POINT ( 'NONE', #3963 ) ;
#2318 = EDGE_LOOP ( 'NONE', ( #4382, #816 ) ) ;
#2319 = CARTESIAN_POINT ( 'NONE',  ( 0.000000000000000000, 0.000000000000000000, 0.000000000000000000 ) ) ;
#2320 = AXIS2_PLACEMENT_3D ( 'NONE', #4131, #2413, #2729 ) ;
#2321 = CYLINDRICAL_SURFACE ( 'NONE', #549, 1.700000000000007061 ) ;
#2322 = FACE_OUTER_BOUND ( 'NONE', #275, .T. ) ;
#2323 = CARTESIAN_POINT ( 'NONE',  ( -39.45163035525285977, 26.65365208340251257, -124.3938644094096162 ) ) ;
#2324 = CIRCLE ( 'NONE', #4177, 155.5000000000000284 ) ;
#2325 = DIRECTION ( 'NONE',  ( -0.4226182617407016617, -0.000000000000000000, -0.9063077870366488265 ) ) ;
#2326 = DIRECTION ( 'NONE',  ( -0.000000000000000000, 1.000000000000000000, -0.000000000000000000 ) ) ;
#2327 = CARTESIAN_POINT ( 'NONE',  ( 15.00000000000000355, 5.000000000000000000, -165.5000000000000284 ) ) ;
#2328 = ORIENTED_EDGE ( 'NONE', *, *, #435, .T. ) ;
#2329 = ORIENTED_EDGE ( 'NONE', *, *, #2280, .F. ) ;
#2330 = VERTEX_POINT ( 'NONE', #3288 ) ;
#2331 = DIRECTION ( 'NONE',  ( 0.000000000000000000, 0.000000000000000000, -1.000000000000000000 ) ) ;
#2332 = EDGE_CURVE ( 'NONE', #2706, #2317, #3406, .T. ) ;
#2333 = ORIENTED_EDGE ( 'NONE', *, *, #2758, .T. ) ;
#2334 = DIRECTION ( 'NONE',  ( -0.000000000000000000, 1.000000000000000000, -0.000000000000000000 ) ) ;
#2335 = VERTEX_POINT ( 'NONE', #4044 ) ;
#2336 = AXIS2_PLACEMENT_3D ( 'NONE', #3353, #2326, #3686 ) ;
#2337 = MECHANICAL_DESIGN_GEOMETRIC_PRESENTATION_REPRESENTATION (  '', ( #612 ), #2620 ) ;
#2338 = DIRECTION ( 'NONE',  ( 0.000000000000000000, 1.000000000000000000, 0.000000000000000000 ) ) ;
#2339 = AXIS2_PLACEMENT_3D ( 'NONE', #532, #872, #192 ) ;
#2340 = LINE ( 'NONE', #4057, #2828 ) ;
#2341 = EDGE_CURVE ( 'NONE', #2888, #3888, #4000, .T. ) ;
#2342 = VERTEX_POINT ( 'NONE', #1011 ) ;
#2343 = VECTOR ( 'NONE', #3609, 1000.000000000000000 ) ;
#2344 = VERTEX_POINT ( 'NONE', #283 ) ;
#2345 = FACE_BOUND ( 'NONE', #2318, .T. ) ;
#2346 = CARTESIAN_POINT ( 'NONE',  ( 52.39463284441546165, 10.00000000000000178, -154.3496111077022590 ) ) ;
#2347 = CARTESIAN_POINT ( 'NONE',  ( 72.05641362678947814, 72.00000000000000000, -154.5254776897487830 ) ) ;
#2348 = DIRECTION ( 'NONE',  ( 0.000000000000000000, 0.000000000000000000, -1.000000000000000000 ) ) ;
#2349 = ADVANCED_FACE ( 'NONE', ( #4374 ), #1298, .F. ) ;
#2350 = CARTESIAN_POINT ( 'NONE',  ( 52.39463284441546165, 10.00000000000000178, -154.3496111077022590 ) ) ;
#2351 = EDGE_CURVE ( 'NONE', #417, #1920, #1344, .T. ) ;
#2352 = CARTESIAN_POINT ( 'NONE',  ( 22.25471577351880015, 81.99999999999998579, -169.0413488642347204 ) ) ;
#2353 = EDGE_CURVE ( 'NONE', #3361, #181, #1053, .T. ) ;
#2354 = CARTESIAN_POINT ( 'NONE',  ( 15.00000000000000355, 10.00000000000000000, -165.5000000000000284 ) ) ;
#2355 = VERTEX_POINT ( 'NONE', #620 ) ;
#2356 = AXIS2_PLACEMENT_3D ( 'NONE', #4286, #515, #1885 ) ;
#2357 = VERTEX_POINT ( 'NONE', #4351 ) ;
#2358 = CARTESIAN_POINT ( 'NONE',  ( 44.08014229598430234, 54.37512045428692176, -122.8300581079984113 ) ) ;
#2359 = ORIENTED_EDGE ( 'NONE', *, *, #797, .T. ) ;
#2360 = LINE ( 'NONE', #1693, #3710 ) ;
#2361 = CARTESIAN_POINT ( 'NONE',  ( 70.25000000000014211, 72.00000000000000000, -121.6765692317135290 ) ) ;
#2362 = FACE_OUTER_BOUND ( 'NONE', #2133, .T. ) ;
#2363 = VERTEX_POINT ( 'NONE', #2975 ) ;
#2364 = CIRCLE ( 'NONE', #2936, 140.5000000000000000 ) ;
#2365 = ORIENTED_EDGE ( 'NONE', *, *, #2605, .T. ) ;
#2366 = CARTESIAN_POINT ( 'NONE',  ( 45.19603695270447474, 57.85557580749362927, -122.4237315458022408 ) ) ;
#2367 = DIRECTION ( 'NONE',  ( -0.000000000000000000, 1.000000000000000000, -0.000000000000000000 ) ) ;
#2368 = DIRECTION ( 'NONE',  ( 0.000000000000000000, 0.000000000000000000, -1.000000000000000000 ) ) ;
#2369 = CARTESIAN_POINT ( 'NONE',  ( -39.35401534251357702, 26.46192450240319261, -124.4247494294149874 ) ) ;
#2370 = DIRECTION ( 'NONE',  ( 0.000000000000000000, 0.000000000000000000, 1.000000000000000000 ) ) ;
#2371 = VECTOR ( 'NONE', #3736, 1000.000000000000000 ) ;
#2372 = DIRECTION ( 'NONE',  ( 0.000000000000000000, 0.000000000000000000, -1.000000000000000000 ) ) ;
#2373 = CARTESIAN_POINT ( 'NONE',  ( -24.21260865681972518, 72.00000000000000000, -183.9130217848418738 ) ) ;
#2374 = EDGE_LOOP ( 'NONE', ( #1578, #3539, #931, #4005 ) ) ;
#2375 = ADVANCED_FACE ( 'NONE', ( #1971 ), #922, .T. ) ;
#2376 = EDGE_LOOP ( 'NONE', ( #541, #1938 ) ) ;
#2377 = ADVANCED_FACE ( 'NONE', ( #1618 ), #2656, .F. ) ;
#2378 = UNCERTAINTY_MEASURE_WITH_UNIT (LENGTH_MEASURE( 1.000000000000000082E-05 ), #1148, 'distance_accuracy_value', 'NONE');
#2379 = VECTOR ( 'NONE', #1194, 1000.000000000000000 ) ;
#2380 = ORIENTED_EDGE ( 'NONE', *, *, #3017, .T. ) ;
#2381 = CARTESIAN_POINT ( 'NONE',  ( 72.05641362678947814, 10.00000000000000000, -154.5254776897487830 ) ) ;
#2382 = ORIENTED_EDGE ( 'NONE', *, *, #2520, .F. ) ;
#2383 = CARTESIAN_POINT ( 'NONE',  ( 15.00000000000000355, 10.00000000000000000, -163.8000000000000398 ) ) ;
#2384 = CARTESIAN_POINT ( 'NONE',  ( -36.44477503485190084, 24.78438345844882207, -114.8565556364069096 ) ) ;
#2385 = CARTESIAN_POINT ( 'NONE',  ( -89.18254656228583599, 26.57782668629988265, -182.2902312082954950 ) ) ;
#2386 = EDGE_CURVE ( 'NONE', #2202, #265, #120, .T. ) ;
#2387 = ADVANCED_FACE ( 'NONE', ( #1661 ), #4067, .F. ) ;
#2388 = ORIENTED_EDGE ( 'NONE', *, *, #1631, .T. ) ;
#2389 = CARTESIAN_POINT ( 'NONE',  ( 41.77027542311761721, 60.27917880345472668, -123.6346984448352231 ) ) ;
#2390 = CARTESIAN_POINT ( 'NONE',  ( 0.000000000000000000, 81.99999999999998579, 0.000000000000000000 ) ) ;
#2391 = CARTESIAN_POINT ( 'NONE',  ( -89.18254656228583599, 10.00000000000000178, -182.2902312082954950 ) ) ;
#2392 = CARTESIAN_POINT ( 'NONE',  ( -39.81268138801087275, 27.18141590228250237, -124.2788140996908339 ) ) ;
#2393 = VECTOR ( 'NONE', #1734, 1000.000000000000000 ) ;
#2394 = EDGE_CURVE ( 'NONE', #243, #248, #239, .T. ) ;
#2395 = DIRECTION ( 'NONE',  ( -0.4226182617407000519, -0.000000000000000000, -0.9063077870366496036 ) ) ;
#2396 = DIRECTION ( 'NONE',  ( -0.000000000000000000, -1.000000000000000000, -0.000000000000000000 ) ) ;
#2397 = CARTESIAN_POINT ( 'NONE',  ( -14.99999999999999645, 5.025000000000002132, -165.5000000000000284 ) ) ;
#2398 = CARTESIAN_POINT ( 'NONE',  ( 0.000000000000000000, 72.00000000000000000, 0.000000000000000000 ) ) ;
#2399 = ORIENTED_EDGE ( 'NONE', *, *, #734, .F. ) ;
#2400 = ORIENTED_EDGE ( 'NONE', *, *, #3977, .F. ) ;
#2401 = CARTESIAN_POINT ( 'NONE',  ( 43.18269217767308277, 53.86817856960346518, -123.1484678803267627 ) ) ;
#2402 = ORIENTED_EDGE ( 'NONE', *, *, #3708, .T. ) ;
#2403 = CARTESIAN_POINT ( 'NONE',  ( -65.71713970067902721, 72.00000000000000000, -140.9308608841989496 ) ) ;
#2404 = CARTESIAN_POINT ( 'NONE',  ( -84.31994504424355341, 26.57782668629988265, -180.1261408008386695 ) ) ;
#2405 = CYLINDRICAL_SURFACE ( 'NONE', #1758, 3.299999999999993161 ) ;
#2406 = CIRCLE ( 'NONE', #772, 170.5000000000000568 ) ;
#2407 = ORIENTED_EDGE ( 'NONE', *, *, #2807, .F. ) ;
#2409 = VECTOR ( 'NONE', #1852, 999.9999999999998863 ) ;
#2408 = CARTESIAN_POINT ( 'NONE',  ( 40.61013916465960705, 59.86692381697749710, -124.0205582676222349 ) ) ;
#2410 = DIRECTION ( 'NONE',  ( -0.000000000000000000, -1.000000000000000000, -0.000000000000000000 ) ) ;
#2411 = CARTESIAN_POINT ( 'NONE',  ( -78.39568755290005697, 0.000000000000000000, -168.1200944952984742 ) ) ;
#2412 = DIRECTION ( 'NONE',  ( 0.000000000000000000, 1.000000000000000000, 0.000000000000000000 ) ) ;
#2413 = DIRECTION ( 'NONE',  ( 0.000000000000000000, -1.000000000000000000, 0.000000000000000000 ) ) ;
#2414 = CYLINDRICAL_SURFACE ( 'NONE', #2563, 1.000000000000000888 ) ;
#2415 = CARTESIAN_POINT ( 'NONE',  ( -45.29537560312247990, 25.00000000000000000, -122.3870048206592003 ) ) ;
#2416 = CARTESIAN_POINT ( 'NONE',  ( -52.39463284441555402, 81.99999999999998579, -141.8496111077021737 ) ) ;
#2417 = ADVANCED_FACE ( 'NONE', ( #4021 ), #4331, .F. ) ;
#2418 = ORIENTED_EDGE ( 'NONE', *, *, #2951, .F. ) ;
#2419 = DIRECTION ( 'NONE',  ( -0.000000000000000000, 1.000000000000000000, -0.000000000000000000 ) ) ;
#2420 = ORIENTED_EDGE ( 'NONE', *, *, #1650, .F. ) ;
#2421 = CYLINDRICAL_SURFACE ( 'NONE', #1393, 1.700000000000007061 ) ;
#2422 = ORIENTED_EDGE ( 'NONE', *, *, #2559, .T. ) ;
#2423 = FACE_BOUND ( 'NONE', #1000, .T. ) ;
#2424 = DIRECTION ( 'NONE',  ( 0.000000000000000000, 1.000000000000000000, 0.000000000000000000 ) ) ;
#2425 = CARTESIAN_POINT ( 'NONE',  ( -40.10690935437894922, 22.51022514508925099, -124.1841764525063638 ) ) ;
#2426 = ORIENTED_EDGE ( 'NONE', *, *, #1545, .T. ) ;
#2427 = EDGE_CURVE ( 'NONE', #3361, #2138, #1322, .T. ) ;
#2428 = ORIENTED_EDGE ( 'NONE', *, *, #2025, .F. ) ;
#2429 = DIRECTION ( 'NONE',  ( 0.000000000000000000, 0.000000000000000000, 1.000000000000000000 ) ) ;
#2430 = DIRECTION ( 'NONE',  ( -0.000000000000000000, -1.000000000000000000, -0.000000000000000000 ) ) ;
#2431 = CARTESIAN_POINT ( 'NONE',  ( -97.75000000000027001, 10.00000000000000000, -169.3079664398576654 ) ) ;
#2432 = CARTESIAN_POINT ( 'NONE',  ( -89.18254656228583599, 0.000000000000000000, -182.2902312082954950 ) ) ;
#2433 = LINE ( 'NONE', #1034, #1398 ) ;
#2434 = EDGE_CURVE ( 'NONE', #4264, #1711, #4252, .T. ) ;
#2435 = FACE_OUTER_BOUND ( 'NONE', #2596, .T. ) ;
#2436 = LINE ( 'NONE', #3828, #1096 ) ;
#2437 = AXIS2_PLACEMENT_3D ( 'NONE', #3440, #3463, #17 ) ;
#2438 = DIRECTION ( 'NONE',  ( -0.000000000000000000, 1.000000000000000000, -0.000000000000000000 ) ) ;
#2439 = ORIENTED_EDGE ( 'NONE', *, *, #1644, .F. ) ;
#2440 = AXIS2_PLACEMENT_3D ( 'NONE', #3580, #1887, #1907 ) ;
#2441 = EDGE_CURVE ( 'NONE', #2765, #2330, #3480, .T. ) ;
#2442 = CARTESIAN_POINT ( 'NONE',  ( 65.25000000000014211, 61.99999999999999289, -113.0163151938691612 ) ) ;
#2443 = AXIS2_PLACEMENT_3D ( 'NONE', #3130, #1359, #1381 ) ;
#2444 = ORIENTED_EDGE ( 'NONE', *, *, #2840, .T. ) ;
#2445 = DIRECTION ( 'NONE',  ( 0.000000000000000000, 1.000000000000000000, 0.000000000000000000 ) ) ;
#2446 = EDGE_LOOP ( 'NONE', ( #2923, #2516, #786, #4196 ) ) ;
#2447 = DIRECTION ( 'NONE',  ( -0.2164396139381081774, 0.000000000000000000, -0.9762960071199321410 ) ) ;
#2448 = CARTESIAN_POINT ( 'NONE',  ( -37.22149485576323968, 22.81826515102943276, -114.6073015821998524 ) ) ;
#2449 = EDGE_LOOP ( 'NONE', ( #1216, #4185, #1718, #1303 ) ) ;
#2450 = ORIENTED_EDGE ( 'NONE', *, *, #1519, .T. ) ;
#2451 = EDGE_CURVE ( 'NONE', #4303, #1562, #1556, .T. ) ;
#2452 = ORIENTED_EDGE ( 'NONE', *, *, #1689, .T. ) ;
#2453 = LINE ( 'NONE', #2475, #3727 ) ;
#2454 = CARTESIAN_POINT ( 'NONE',  ( 42.05815235527121132, 59.01422079145139321, -112.9219918746391897 ) ) ;
#2455 = CARTESIAN_POINT ( 'NONE',  ( 20.29682289021804920, 81.99999999999998579, -154.1696759436275670 ) ) ;
#2456 = CIRCLE ( 'NONE', #2887, 130.5000000000000000 ) ;
#2457 = FACE_OUTER_BOUND ( 'NONE', #2026, .T. ) ;
#2459 = AXIS2_PLACEMENT_3D ( 'NONE', #3524, #118, #4206 ) ;
#2458 = CARTESIAN_POINT ( 'NONE',  ( 45.29537560312244437, 56.99999999999999289, -122.3870048206592287 ) ) ;
#2460 = DIRECTION ( 'NONE',  ( 0.000000000000000000, -1.000000000000000000, 0.000000000000000000 ) ) ;
#2461 = LINE ( 'NONE', #134, #809 ) ;
#2462 = DIRECTION ( 'NONE',  ( -0.000000000000000000, -1.000000000000000000, 0.000000000000000000 ) ) ;
#2463 = ORIENTED_EDGE ( 'NONE', *, *, #856, .T. ) ;
#2464 = DIRECTION ( 'NONE',  ( 0.000000000000000000, 0.000000000000000000, -1.000000000000000000 ) ) ;
#2465 = AXIS2_PLACEMENT_3D ( 'NONE', #1345, #3111, #3089 ) ;
#2466 = EDGE_LOOP ( 'NONE', ( #3954, #3500, #3679, #1224 ) ) ;
#2467 = CARTESIAN_POINT ( 'NONE',  ( 52.39463284441546875, 36.64466094067258695, -154.3496111077022306 ) ) ;
#2468 = ORIENTED_EDGE ( 'NONE', *, *, #1689, .F. ) ;
#2469 = VECTOR ( 'NONE', #1739, 1000.000000000000000 ) ;
#2470 = AXIS2_PLACEMENT_3D ( 'NONE', #2090, #2737, #3411 ) ;
#2471 = CARTESIAN_POINT ( 'NONE',  ( -59.37786577456848391, 81.99999999999998579, -127.3362440786491874 ) ) ;
#2472 = EDGE_LOOP ( 'NONE', ( #2597, #3219, #57, #3966 ) ) ;
#2473 = ORIENTED_EDGE ( 'NONE', *, *, #1367, .F. ) ;
#2474 = ORIENTED_EDGE ( 'NONE', *, *, #2908, .T. ) ;
#2475 = CARTESIAN_POINT ( 'NONE',  ( -72.05641362678953499, 72.00000000000000000, -154.5254776897487261 ) ) ;
#2476 = EDGE_CURVE ( 'NONE', #3647, #315, #2125, .T. ) ;
#2477 = CARTESIAN_POINT ( 'NONE',  ( 39.99302705043186990, 60.27835849354382702, -113.6699286702146594 ) ) ;
#2478 = DIRECTION ( 'NONE',  ( 0.000000000000000000, 0.000000000000000000, 1.000000000000000000 ) ) ;
#2479 = VECTOR ( 'NONE', #3374, 1000.000000000000000 ) ;
#2480 = EDGE_LOOP ( 'NONE', ( #4221, #310, #2607, #357 ) ) ;
#2481 = CARTESIAN_POINT ( 'NONE',  ( -30.40976575830352147, 81.99999999999998579, -137.1695890003506122 ) ) ;
#2482 = CARTESIAN_POINT ( 'NONE',  ( -52.39463284441555402, 36.64466094067258695, -154.3496111077021737 ) ) ;
#2483 = CARTESIAN_POINT ( 'NONE',  ( 0.000000000000000000, 81.99999999999998579, 0.000000000000000000 ) ) ;
#2484 = CIRCLE ( 'NONE', #1343, 140.5000000000000000 ) ;
#2485 = CARTESIAN_POINT ( 'NONE',  ( 40.39264741451340512, 53.80601742882049621, -113.5285366301290964 ) ) ;
#2486 = DIRECTION ( 'NONE',  ( 0.000000000000000000, 1.000000000000000000, -0.000000000000000000 ) ) ;
#2487 = EDGE_CURVE ( 'NONE', #2568, #2757, #827, .T. ) ;
#2488 = VERTEX_POINT ( 'NONE', #1127 ) ;
#2489 = DIRECTION ( 'NONE',  ( -0.000000000000000000, -1.000000000000000000, -0.000000000000000000 ) ) ;
#2490 = EDGE_CURVE ( 'NONE', #3563, #2959, #2296, .T. ) ;
#2491 = DIRECTION ( 'NONE',  ( -0.000000000000000000, -1.000000000000000000, -0.000000000000000000 ) ) ;
#2492 = ORIENTED_EDGE ( 'NONE', *, *, #2627, .T. ) ;
#2493 = VECTOR ( 'NONE', #2438, 1000.000000000000000 ) ;
#2494 = CARTESIAN_POINT ( 'NONE',  ( -42.28249780744668129, 23.34155320550853929, -112.8381809182705950 ) ) ;
#2495 = ORIENTED_EDGE ( 'NONE', *, *, #236, .T. ) ;
#2496 = EDGE_LOOP ( 'NONE', ( #3698, #2207, #3, #2618 ) ) ;
#2497 = CARTESIAN_POINT ( 'NONE',  ( 15.00000000000000355, 5.000000000000000000, -150.5000000000000284 ) ) ;
#2498 = ORIENTED_EDGE ( 'NONE', *, *, #2781, .F. ) ;
#2499 = CARTESIAN_POINT ( 'NONE',  ( 0.000000000000000000, 81.99999999999998579, 0.000000000000000000 ) ) ;
#2500 = EDGE_LOOP ( 'NONE', ( #650, #4340, #80, #3916 ) ) ;
#2501 = DIRECTION ( 'NONE',  ( -0.000000000000000000, -1.000000000000000000, -0.000000000000000000 ) ) ;
#2502 = DIRECTION ( 'NONE',  ( 0.000000000000000000, 0.000000000000000000, -1.000000000000000000 ) ) ;
#2503 = CARTESIAN_POINT ( 'NONE',  ( 52.39463284441546875, 81.99999999999998579, -151.5996111077022590 ) ) ;
#2504 = DIRECTION ( 'NONE',  ( 0.4226182617407008291, 0.000000000000000000, -0.9063077870366492705 ) ) ;
#2505 = VECTOR ( 'NONE', #3375, 1000.000000000000114 ) ;
#2506 = ORIENTED_EDGE ( 'NONE', *, *, #2060, .F. ) ;
#2507 = ADVANCED_FACE ( 'NONE', ( #1747 ), #4091, .T. ) ;
#2508 = CARTESIAN_POINT ( 'NONE',  ( 59.12955738187334020, 0.000000000000000000, -143.8191414375143040 ) ) ;
#2509 = CARTESIAN_POINT ( 'NONE',  ( -52.39463284441555402, 72.00000000000000000, -154.3496111077021737 ) ) ;
#2510 = EDGE_CURVE ( 'NONE', #704, #4097, #353, .T. ) ;
#2511 = ORIENTED_EDGE ( 'NONE', *, *, #427, .T. ) ;
#2512 = VECTOR ( 'NONE', #3283, 1000.000000000000000 ) ;
#2513 = CIRCLE ( 'NONE', #220, 12.50000000000001066 ) ;
#2514 = CARTESIAN_POINT ( 'NONE',  ( 40.14954838551813054, 10.00000000000000000, -181.1029093207476706 ) ) ;
#2515 = CIRCLE ( 'NONE', #2440, 155.5000000000000284 ) ;
#2516 = ORIENTED_EDGE ( 'NONE', *, *, #464, .F. ) ;
#2517 = VERTEX_POINT ( 'NONE', #1033 ) ;
#2518 = DIRECTION ( 'NONE',  ( -0.000000000000000000, -1.000000000000000000, -0.000000000000000000 ) ) ;
#2519 =( NAMED_UNIT ( * ) PLANE_ANGLE_UNIT ( ) SI_UNIT ( $, .RADIAN. ) );
#2520 = EDGE_CURVE ( 'NONE', #2641, #4303, #1054, .T. ) ;
#2521 = ORIENTED_EDGE ( 'NONE', *, *, #751, .T. ) ;
#2522 = DIRECTION ( 'NONE',  ( 0.000000000000000000, 0.000000000000000000, -1.000000000000000000 ) ) ;
#2523 = DIRECTION ( 'NONE',  ( -0.000000000000000000, -1.000000000000000000, -0.000000000000000000 ) ) ;
#2524 = CYLINDRICAL_SURFACE ( 'NONE', #1816, 155.5000000000000284 ) ;
#2525 = CARTESIAN_POINT ( 'NONE',  ( -18.50000000000002132, 5.000000000000000000, -146.7500000000000284 ) ) ;
#2526 = ORIENTED_EDGE ( 'NONE', *, *, #3453, .F. ) ;
#2527 = DIRECTION ( 'NONE',  ( 0.000000000000000000, -1.000000000000000000, 0.000000000000000000 ) ) ;
#2528 = CARTESIAN_POINT ( 'NONE',  ( -14.99999999999999645, 10.00000000000000000, -163.8000000000000398 ) ) ;
#2529 = DIRECTION ( 'NONE',  ( 0.2588190451025244587, -0.000000000000000000, -0.9659258262890672020 ) ) ;
#2530 = CIRCLE ( 'NONE', #3891, 185.5000000000000568 ) ;
#2531 = EDGE_LOOP ( 'NONE', ( #3142, #2912, #2684, #2450 ) ) ;
#2532 = CARTESIAN_POINT ( 'NONE',  ( -39.99052222492021258, 21.72134431693573475, -113.6708085379989086 ) ) ;
#2533 = ORIENTED_EDGE ( 'NONE', *, *, #4394, .T. ) ;
#2534 = VERTEX_POINT ( 'NONE', #2432 ) ;
#2535 = AXIS2_PLACEMENT_3D ( 'NONE', #1437, #2793, #3757 ) ;
#2536 = LINE ( 'NONE', #2582, #755 ) ;
#2537 = ORIENTED_EDGE ( 'NONE', *, *, #1890, .T. ) ;
#2538 = CARTESIAN_POINT ( 'NONE',  ( 59.37786577456843418, 10.00000000000000000, -127.3362440786492442 ) ) ;
#2539 = CARTESIAN_POINT ( 'NONE',  ( -65.71713970067911248, 10.00000000000000000, -140.9308608841989212 ) ) ;
#2540 = CARTESIAN_POINT ( 'NONE',  ( 0.000000000000000000, 72.00000000000000000, 0.000000000000000000 ) ) ;
#2541 = FACE_BOUND ( 'NONE', #2623, .T. ) ;
#2542 = AXIS2_PLACEMENT_3D ( 'NONE', #964, #991, #2613 ) ;
#2543 = AXIS2_PLACEMENT_3D ( 'NONE', #688, #2430, #2768 ) ;
#2544 = VERTEX_POINT ( 'NONE', #4110 ) ;
#2545 = DIRECTION ( 'NONE',  ( 0.000000000000000000, 0.000000000000000000, -1.000000000000000000 ) ) ;
#2546 = CARTESIAN_POINT ( 'NONE',  ( 15.00000000000000355, 5.000000000000000000, -150.5000000000000284 ) ) ;
#2547 = AXIS2_PLACEMENT_3D ( 'NONE', #3956, #896, #4305 ) ;
#2548 = AXIS2_PLACEMENT_3D ( 'NONE', #299, #4123, #388 ) ;
#2549 = CARTESIAN_POINT ( 'NONE',  ( 15.00000000000000355, 5.000000000000000000, -165.5000000000000284 ) ) ;
#2550 = EDGE_CURVE ( 'NONE', #1183, #4106, #1411, .T. ) ;
#2551 = VERTEX_POINT ( 'NONE', #4154 ) ;
#2552 = VECTOR ( 'NONE', #3586, 1000.000000000000000 ) ;
#2553 = FACE_OUTER_BOUND ( 'NONE', #3519, .T. ) ;
#2554 = EDGE_LOOP ( 'NONE', ( #2962, #48, #486, #266 ) ) ;
#2555 = VERTEX_POINT ( 'NONE', #2078 ) ;
#2556 = EDGE_CURVE ( 'NONE', #392, #2872, #3943, .T. ) ;
#2557 = DIRECTION ( 'NONE',  ( 0.000000000000000000, 1.000000000000000000, 0.000000000000000000 ) ) ;
#2558 = DIRECTION ( 'NONE',  ( -0.000000000000000000, 1.000000000000000000, -0.000000000000000000 ) ) ;
#2559 = EDGE_CURVE ( 'NONE', #2355, #3253, #3109, .T. ) ;
#2560 = AXIS2_PLACEMENT_3D ( 'NONE', #2932, #1530, #4265 ) ;
#2561 = CLOSED_SHELL ( 'NONE', ( #2507, #2892, #2387, #3277, #2417, #712, #760, #50, #2844, #604, #3628, #3235, #4105, #3434, #1653, #3552, #1589, #2226, #3885, #258, #1307, #2661, #3367, #3684, #2581, #234, #3416, #4379, #2047, #4162, #3933, #2091, #3678, #2375, #1827, #1228, #1565, #1204, #1926, #2759, #3133, #3040, #1908, #3101, #4255, #330, #1149, #2349, #2895, #3216, #2637, #4334, #1700, #2972, #4373, #3050, #2818, #2238, #364, #849, #332, #3837, #2974, #2215, #4290, #505, #2251, #587, #1795, #662, #2377, #2621, #2161, #1992, #4058, #2128, #1041, #1237, #3820, #339, #3186, #223, #649, #658, #3086, #926, #1130, #3571, #3128, #621, #4066, #1722, #3448, #4244, #200, #2201, #1103, #4345, #4193, #3352, #2955, #2249, #2049, #1475, #2986, #3697, #44, #3173, #1320, #3138, #1568, #972, #2315, #292, #1470, #1967, #2181, #1915, #2586, #2744, #796, #1511 ) ) ;
#2562 = VERTEX_POINT ( 'NONE', #3799 ) ;
#2563 = AXIS2_PLACEMENT_3D ( 'NONE', #1106, #2460, #1465 ) ;
#2564 = DIRECTION ( 'NONE',  ( -0.000000000000000000, 1.000000000000000000, -0.000000000000000000 ) ) ;
#2565 = CARTESIAN_POINT ( 'NONE',  ( 64.38717422483070152, 0.000000000000000000, -157.8750828830861508 ) ) ;
#2566 = CARTESIAN_POINT ( 'NONE',  ( -14.99999999999999645, 5.025000000000002132, -150.5000000000000284 ) ) ;
#2567 = CARTESIAN_POINT ( 'NONE',  ( -42.05890812018149916, 27.01325856812713155, -112.9217107318370239 ) ) ;
#2568 = VERTEX_POINT ( 'NONE', #38 ) ;
#2569 = EDGE_CURVE ( 'NONE', #3788, #1185, #422, .T. ) ;
#2570 = CARTESIAN_POINT ( 'NONE',  ( 59.12955738187336863, 76.99999999999998579, -143.8191414375143040 ) ) ;
#2571 = DIRECTION ( 'NONE',  ( 0.000000000000000000, 1.000000000000000000, -0.000000000000000000 ) ) ;
#2572 = DIRECTION ( 'NONE',  ( 0.000000000000000000, 1.000000000000000000, 0.000000000000000000 ) ) ;
#2573 = EDGE_CURVE ( 'NONE', #3559, #3476, #1017, .T. ) ;
#2574 = ORIENTED_EDGE ( 'NONE', *, *, #389, .F. ) ;
#2575 = EDGE_CURVE ( 'NONE', #4015, #100, #3134, .T. ) ;
#2576 = VERTEX_POINT ( 'NONE', #2102 ) ;
#2577 = CARTESIAN_POINT ( 'NONE',  ( -52.39463284441555402, 81.99999999999998579, -151.5996111077022022 ) ) ;
#2578 = EDGE_LOOP ( 'NONE', ( #2948, #2006, #1579, #4355 ) ) ;
#2579 = ORIENTED_EDGE ( 'NONE', *, *, #3188, .T. ) ;
#2580 = AXIS2_PLACEMENT_3D ( 'NONE', #469, #2172, #487 ) ;
#2581 = ADVANCED_FACE ( 'NONE', ( #1770 ), #2148, .T. ) ;
#2582 = CARTESIAN_POINT ( 'NONE',  ( -90.15506686589429819, 26.57782668629988265, -181.5230492897868544 ) ) ;
#2583 = AXIS2_PLACEMENT_3D ( 'NONE', #335, #4352, #2997 ) ;
#2584 = CARTESIAN_POINT ( 'NONE',  ( -18.50000000000002132, 5.000000000000000000, -146.7500000000000284 ) ) ;
#2585 = CIRCLE ( 'NONE', #448, 170.5000000000000568 ) ;
#2586 = ADVANCED_FACE ( 'NONE', ( #2457 ), #763, .T. ) ;
#2587 = VERTEX_POINT ( 'NONE', #2481 ) ;
#2588 = AXIS2_PLACEMENT_3D ( 'NONE', #3112, #3801, #741 ) ;
#2589 = DIRECTION ( 'NONE',  ( 0.000000000000000000, 1.000000000000000000, 0.000000000000000000 ) ) ;
#2590 = DIRECTION ( 'NONE',  ( 0.000000000000000000, 0.000000000000000000, -1.000000000000000000 ) ) ;
#2591 = CARTESIAN_POINT ( 'NONE',  ( -45.44029495540637242, 25.00000000000000000, -122.9278512063826412 ) ) ;
#2592 = FACE_BOUND ( 'NONE', #1477, .T. ) ;
#2593 = DIRECTION ( 'NONE',  ( 0.000000000000000000, 0.000000000000000000, 1.000000000000000000 ) ) ;
#2594 = DIRECTION ( 'NONE',  ( 0.000000000000000000, 0.000000000000000000, 1.000000000000000000 ) ) ;
#2595 = DIRECTION ( 'NONE',  ( -1.000000000000000000, 0.000000000000000000, 0.000000000000000000 ) ) ;
#2596 = EDGE_LOOP ( 'NONE', ( #1782, #1418, #370, #2835 ) ) ;
#2597 = ORIENTED_EDGE ( 'NONE', *, *, #3893, .F. ) ;
#2598 = CARTESIAN_POINT ( 'NONE',  ( 59.37786577456844128, 81.99999999999998579, -127.3362440786492442 ) ) ;
#2599 = EDGE_LOOP ( 'NONE', ( #1276, #98, #4412, #251 ) ) ;
#2600 = CIRCLE ( 'NONE', #891, 155.5000000000000284 ) ;
#2601 = ORIENTED_EDGE ( 'NONE', *, *, #1912, .F. ) ;
#2602 = CARTESIAN_POINT ( 'NONE',  ( 52.39463284441546875, 9.999999999999994671, -157.0996111077022022 ) ) ;
#2603 = CARTESIAN_POINT ( 'NONE',  ( 40.64091420145725664, 10.00000000000000178, -150.0951901057119073 ) ) ;
#2604 = AXIS2_PLACEMENT_3D ( 'NONE', #1047, #3702, #4036 ) ;
#2605 = EDGE_CURVE ( 'NONE', #3749, #2256, #87, .T. ) ;
#2606 = AXIS2_PLACEMENT_3D ( 'NONE', #4142, #343, #363 ) ;
#2607 = ORIENTED_EDGE ( 'NONE', *, *, #1666, .F. ) ;
#2608 = DIRECTION ( 'NONE',  ( -0.000000000000000000, -1.000000000000000000, -0.000000000000000000 ) ) ;
#2609 = DIRECTION ( 'NONE',  ( 0.000000000000000000, 0.000000000000000000, 1.000000000000000000 ) ) ;
#2610 = CARTESIAN_POINT ( 'NONE',  ( -52.39463284441555402, 9.999999999999994671, -154.3496111077021737 ) ) ;
#2611 = CARTESIAN_POINT ( 'NONE',  ( 37.09382604973974651, 54.98096079692817284, -114.6486489503304256 ) ) ;
#2612 = FACE_OUTER_BOUND ( 'NONE', #1957, .T. ) ;
#2613 = DIRECTION ( 'NONE',  ( 0.000000000000000000, 0.000000000000000000, 1.000000000000000000 ) ) ;
#2614 = AXIS2_PLACEMENT_3D ( 'NONE', #645, #2014, #1682 ) ;
#2615 = DIRECTION ( 'NONE',  ( 0.000000000000000000, 0.000000000000000000, -1.000000000000000000 ) ) ;
#2616 = EDGE_LOOP ( 'NONE', ( #3197, #3831, #3304, #3048, #4249, #3230, #3009 ) ) ;
#2617 = EDGE_CURVE ( 'NONE', #2937, #2587, #1462, .T. ) ;
#2618 = ORIENTED_EDGE ( 'NONE', *, *, #1794, .F. ) ;
#2619 = VERTEX_POINT ( 'NONE', #4179 ) ;
#2620 =( GEOMETRIC_REPRESENTATION_CONTEXT ( 3 ) GLOBAL_UNCERTAINTY_ASSIGNED_CONTEXT ( ( #2378 ) ) GLOBAL_UNIT_ASSIGNED_CONTEXT ( ( #1148, #2519, #3549 ) ) REPRESENTATION_CONTEXT ( 'NONE', 'WORKASPACE' ) );
#2621 = ADVANCED_FACE ( 'NONE', ( #3850 ), #450, .F. ) ;
#2622 = LINE ( 'NONE', #4339, #846 ) ;
#2623 = EDGE_LOOP ( 'NONE', ( #360, #2863 ) ) ;
#2624 = EDGE_LOOP ( 'NONE', ( #578, #1829, #2420, #4051 ) ) ;
#2625 = DIRECTION ( 'NONE',  ( 0.5000000000000012212, 0.000000000000000000, 0.8660254037844380415 ) ) ;
#2626 = CARTESIAN_POINT ( 'NONE',  ( 0.000000000000000000, 0.000000000000000000, 0.000000000000000000 ) ) ;
#2627 = EDGE_CURVE ( 'NONE', #3116, #2488, #165, .T. ) ;
#2628 = ORIENTED_EDGE ( 'NONE', *, *, #473, .T. ) ;
#2629 = VECTOR ( 'NONE', #4424, 1000.000000000000227 ) ;
#2630 = DIRECTION ( 'NONE',  ( -0.000000000000000000, -1.000000000000000000, 0.000000000000000000 ) ) ;
#2631 = CARTESIAN_POINT ( 'NONE',  ( 52.39463284441546875, 81.99999999999998579, -154.3496111077022306 ) ) ;
#2632 = CARTESIAN_POINT ( 'NONE',  ( -52.39463284441555402, 72.00000000000000000, -154.3496111077021737 ) ) ;
#2633 = LINE ( 'NONE', #1362, #1522 ) ;
#2634 = CARTESIAN_POINT ( 'NONE',  ( 0.000000000000000000, 10.00000000000000000, 0.000000000000000000 ) ) ;
#2635 = CARTESIAN_POINT ( 'NONE',  ( 52.39463284441546875, 81.99999999999998579, -141.8496111077022306 ) ) ;
#2636 = ORIENTED_EDGE ( 'NONE', *, *, #2674, .T. ) ;
#2637 = ADVANCED_FACE ( 'NONE', ( #2189 ), #148, .F. ) ;
#2638 = ORIENTED_EDGE ( 'NONE', *, *, #1873, .F. ) ;
#2639 = VERTEX_POINT ( 'NONE', #551 ) ;
#2640 = DIRECTION ( 'NONE',  ( -0.000000000000000000, -1.000000000000000000, -0.000000000000000000 ) ) ;
#2641 = VERTEX_POINT ( 'NONE', #1151 ) ;
#2642 = ORIENTED_EDGE ( 'NONE', *, *, #2699, .T. ) ;
#2643 = CARTESIAN_POINT ( 'NONE',  ( 0.000000000000000000, 20.00000000000000355, 0.000000000000000000 ) ) ;
#2644 = DIRECTION ( 'NONE',  ( 0.000000000000000000, 0.000000000000000000, -1.000000000000000000 ) ) ;
#2645 = AXIS2_PLACEMENT_3D ( 'NONE', #2726, #1364, #3756 ) ;
#2646 = ORIENTED_EDGE ( 'NONE', *, *, #1184, .T. ) ;
#2647 = EDGE_LOOP ( 'NONE', ( #1039, #2705, #3458, #1675 ) ) ;
#2648 = AXIS2_PLACEMENT_3D ( 'NONE', #132, #2150, #2502 ) ;
#2649 = FACE_BOUND ( 'NONE', #3742, .T. ) ;
#2650 = EDGE_CURVE ( 'NONE', #2694, #1326, #3534, .T. ) ;
#2651 = DIRECTION ( 'NONE',  ( -0.000000000000000000, -1.000000000000000000, 0.000000000000000000 ) ) ;
#2652 = DIRECTION ( 'NONE',  ( 0.1305261922200524061, 0.000000000000000000, 0.9914448613738102711 ) ) ;
#2653 = VECTOR ( 'NONE', #1491, 1000.000000000000000 ) ;
#2654 = CARTESIAN_POINT ( 'NONE',  ( -39.03543664284585191, 25.00000000000000000, -124.5250363826582714 ) ) ;
#2655 = EDGE_CURVE ( 'NONE', #4291, #4100, #2724, .T. ) ;
#2656 = PLANE ( 'NONE',  #2976 ) ;
#2657 = CARTESIAN_POINT ( 'NONE',  ( -14.99999999999999645, 10.00000000000000000, -152.2000000000000171 ) ) ;
#2658 = CARTESIAN_POINT ( 'NONE',  ( -82.55251121145342097, 26.57782668629988265, -183.9164148867998279 ) ) ;
#2659 = ORIENTED_EDGE ( 'NONE', *, *, #4417, .T. ) ;
#2660 = VERTEX_POINT ( 'NONE', #811 ) ;
#2661 = ADVANCED_FACE ( 'NONE', ( #3262 ), #806, .F. ) ;
#2662 = CARTESIAN_POINT ( 'NONE',  ( -78.39568755290005697, 81.99999999999998579, -168.1200944952984742 ) ) ;
#2663 = ORIENTED_EDGE ( 'NONE', *, *, #3670, .F. ) ;
#2664 = CARTESIAN_POINT ( 'NONE',  ( 18.33893000691724851, 72.00000000000000000, -139.2980030230203567 ) ) ;
#2665 = AXIS2_PLACEMENT_3D ( 'NONE', #327, #1030, #398 ) ;
#2666 = ORIENTED_EDGE ( 'NONE', *, *, #4068, .F. ) ;
#2667 = PLANE ( 'NONE',  #759 ) ;
#2668 = CARTESIAN_POINT ( 'NONE',  ( -41.17064224230666269, 21.86711372072011983, -123.8356502384605875 ) ) ;
#2669 = EDGE_LOOP ( 'NONE', ( #4171, #884, #3842, #59 ) ) ;
#2670 = EDGE_CURVE ( 'NONE', #4125, #704, #1089, .T. ) ;
#2671 = VERTEX_POINT ( 'NONE', #2864 ) ;
#2672 = PLANE ( 'NONE',  #3796 ) ;
#2673 = VECTOR ( 'NONE', #2557, 1000.000000000000000 ) ;
#2674 = EDGE_CURVE ( 'NONE', #3414, #3392, #2225, .T. ) ;
#2675 = CARTESIAN_POINT ( 'NONE',  ( 18.49999999999997868, 0.000000000000000000, -169.2500000000000000 ) ) ;
#2676 = CARTESIAN_POINT ( 'NONE',  ( -87.30658484334612979, 10.00000000000000178, -174.9222977295679016 ) ) ;
#2677 = CARTESIAN_POINT ( 'NONE',  ( -36.86281869209287976, 26.65745825128772495, -114.7231318173977286 ) ) ;
#2678 = CIRCLE ( 'NONE', #3611, 195.5000000000000284 ) ;
#2679 = VECTOR ( 'NONE', #1273, 1000.000000000000114 ) ;
#2680 = DIRECTION ( 'NONE',  ( 0.000000000000000000, -1.000000000000000000, 0.000000000000000000 ) ) ;
#2681 = CARTESIAN_POINT ( 'NONE',  ( -81.34323906271349358, 10.00000000000000178, -184.1435057953995624 ) ) ;
#2682 = DIRECTION ( 'NONE',  ( -0.000000000000000000, -1.000000000000000000, -0.000000000000000000 ) ) ;
#2683 = ORIENTED_EDGE ( 'NONE', *, *, #316, .F. ) ;
#2684 = ORIENTED_EDGE ( 'NONE', *, *, #1456, .F. ) ;
#2685 = CARTESIAN_POINT ( 'NONE',  ( 39.81443195155257797, 54.81648092594073773, -124.2782535737901100 ) ) ;
#2686 = EDGE_LOOP ( 'NONE', ( #627, #855, #4212, #585 ) ) ;
#2687 = AXIS2_PLACEMENT_3D ( 'NONE', #3734, #671, #1705 ) ;
#2688 = AXIS2_PLACEMENT_3D ( 'NONE', #548, #3930, #527 ) ;
#2689 = DIRECTION ( 'NONE',  ( 0.000000000000000000, 0.000000000000000000, -1.000000000000000000 ) ) ;
#2690 = CIRCLE ( 'NONE', #4050, 185.5000000000000568 ) ;
#2691 = CARTESIAN_POINT ( 'NONE',  ( 33.65635996737503177, 10.00000000000000000, -151.8140291071496790 ) ) ;
#2692 = DIRECTION ( 'NONE',  ( -0.000000000000000000, -1.000000000000000000, -0.000000000000000000 ) ) ;
#2693 = EDGE_CURVE ( 'NONE', #265, #1087, #3204, .T. ) ;
#2694 = VERTEX_POINT ( 'NONE', #130 ) ;
#2695 = EDGE_LOOP ( 'NONE', ( #2920, #3970, #2313, #1496 ) ) ;
#2696 = DIRECTION ( 'NONE',  ( 0.000000000000000000, 0.000000000000000000, 1.000000000000000000 ) ) ;
#2697 = CYLINDRICAL_SURFACE ( 'NONE', #2543, 1.700000000000007061 ) ;
#2698 = CARTESIAN_POINT ( 'NONE',  ( 0.000000000000000000, 10.00000000000000000, 0.000000000000000000 ) ) ;
#2699 = EDGE_CURVE ( 'NONE', #4148, #710, #3366, .T. ) ;
#2700 = CARTESIAN_POINT ( 'NONE',  ( -41.16654329447605676, 28.13141736703689588, -123.8370125560825983 ) ) ;
#2701 = EDGE_CURVE ( 'NONE', #1549, #1900, #4289, .T. ) ;
#2702 = DIRECTION ( 'NONE',  ( 0.000000000000000000, 1.000000000000000000, 0.000000000000000000 ) ) ;
#2703 = CARTESIAN_POINT ( 'NONE',  ( 0.000000000000000000, 61.99999999999999289, -130.5000000000000000 ) ) ;
#2704 = LINE ( 'NONE', #696, #2945 ) ;
#2705 = ORIENTED_EDGE ( 'NONE', *, *, #3471, .T. ) ;
#2706 = VERTEX_POINT ( 'NONE', #1860 ) ;
#2707 = VECTOR ( 'NONE', #2325, 1000.000000000000227 ) ;
#2708 = EDGE_CURVE ( 'NONE', #1306, #2568, #110, .T. ) ;
#2709 = ORIENTED_EDGE ( 'NONE', *, *, #555, .T. ) ;
#2710 = FACE_OUTER_BOUND ( 'NONE', #3005, .T. ) ;
#2711 = EDGE_CURVE ( 'NONE', #181, #1306, #1880, .T. ) ;
#2712 = ORIENTED_EDGE ( 'NONE', *, *, #1563, .F. ) ;
#2713 = DIRECTION ( 'NONE',  ( 0.000000000000000000, 0.000000000000000000, -1.000000000000000000 ) ) ;
#2714 = CARTESIAN_POINT ( 'NONE',  ( -88.11021913020472596, 10.00000000000000178, -181.8935746336288730 ) ) ;
#2715 = CARTESIAN_POINT ( 'NONE',  ( -40.26587499127407455, 22.37391348199282959, -124.1327572518451348 ) ) ;
#2716 = VECTOR ( 'NONE', #3683, 1000.000000000000000 ) ;
#2717 = EDGE_CURVE ( 'NONE', #2937, #2055, #2882, .T. ) ;
#2718 = AXIS2_PLACEMENT_3D ( 'NONE', #2748, #4112, #3826 ) ;
#2719 = ORIENTED_EDGE ( 'NONE', *, *, #3893, .T. ) ;
#2720 = DIRECTION ( 'NONE',  ( -0.000000000000000000, -1.000000000000000000, -0.000000000000000000 ) ) ;
#2721 = DIRECTION ( 'NONE',  ( 0.2588190451025245142, -0.000000000000000000, -0.9659258262890673130 ) ) ;
#2722 = CYLINDRICAL_SURFACE ( 'NONE', #1746, 170.5000000000000568 ) ;
#2723 = DIRECTION ( 'NONE',  ( 0.000000000000000000, 0.000000000000000000, 1.000000000000000000 ) ) ;
#2724 = CIRCLE ( 'NONE', #3008, 195.5000000000000000 ) ;
#2725 = PRODUCT_CONTEXT ( 'NONE', #2206, 'mechanical' ) ;
#2726 = CARTESIAN_POINT ( 'NONE',  ( 52.39463284441546875, 72.00000000000000000, -154.3496111077022306 ) ) ;
#2727 = AXIS2_PLACEMENT_3D ( 'NONE', #746, #3165, #3095 ) ;
#2728 = AXIS2_PLACEMENT_3D ( 'NONE', #2397, #2063, #2775 ) ;
#2729 = DIRECTION ( 'NONE',  ( 0.000000000000000000, 0.000000000000000000, -1.000000000000000000 ) ) ;
#2730 = DIRECTION ( 'NONE',  ( 0.000000000000000000, 0.000000000000000000, -1.000000000000000000 ) ) ;
#2731 = DIRECTION ( 'NONE',  ( 2.312964634635740689E-15, 0.000000000000000000, -1.000000000000000000 ) ) ;
#2732 = VERTEX_POINT ( 'NONE', #851 ) ;
#2733 = CIRCLE ( 'NONE', #815, 1.725000000000004308 ) ;
#2734 = ORIENTED_EDGE ( 'NONE', *, *, #938, .T. ) ;
#2735 = CARTESIAN_POINT ( 'NONE',  ( 39.13616867224785523, 56.14478071300710837, -124.4934217952124413 ) ) ;
#2736 = VERTEX_POINT ( 'NONE', #1544 ) ;
#2737 = DIRECTION ( 'NONE',  ( 0.000000000000000000, -1.000000000000000000, 0.000000000000000000 ) ) ;
#2738 = CARTESIAN_POINT ( 'NONE',  ( -45.02648131759492145, 81.99999999999998579, -164.4471525449932869 ) ) ;
#2739 = CARTESIAN_POINT ( 'NONE',  ( -82.55251121145342097, 10.00000000000000178, -183.9164148867998279 ) ) ;
#2740 = ORIENTED_EDGE ( 'NONE', *, *, #1004, .T. ) ;
#2741 = CARTESIAN_POINT ( 'NONE',  ( 40.26851559244228440, 59.62823709997675081, -124.1319013306689101 ) ) ;
#2742 = CYLINDRICAL_SURFACE ( 'NONE', #1136, 3.299999999999993161 ) ;
#2743 = CARTESIAN_POINT ( 'NONE',  ( -82.24954684975014629, 10.00000000000000178, -184.5661240571402573 ) ) ;
#2744 = ADVANCED_FACE ( 'NONE', ( #2212 ), #3241, .T. ) ;
#2745 = CARTESIAN_POINT ( 'NONE',  ( -45.21265099345548322, 25.87007879354281670, -122.4177016793167496 ) ) ;
#2746 = CARTESIAN_POINT ( 'NONE',  ( -81.34323906271349358, 26.57782668629988265, -184.1435057953995624 ) ) ;
#2747 = DIRECTION ( 'NONE',  ( 0.000000000000000000, 1.000000000000000000, 0.000000000000000000 ) ) ;
#2748 = CARTESIAN_POINT ( 'NONE',  ( 0.000000000000000000, 72.00000000000000000, 0.000000000000000000 ) ) ;
#2749 = DIRECTION ( 'NONE',  ( -0.000000000000000000, -1.000000000000000000, -0.000000000000000000 ) ) ;
#2750 = CIRCLE ( 'NONE', #3677, 1.000000000000000888 ) ;
#2751 = CARTESIAN_POINT ( 'NONE',  ( 24.21260865681960439, 72.00000000000000000, -183.9130217848419022 ) ) ;
#2752 = ORIENTED_EDGE ( 'NONE', *, *, #2353, .T. ) ;
#2753 = DIRECTION ( 'NONE',  ( 0.000000000000000000, 0.000000000000000000, 1.000000000000000000 ) ) ;
#2754 = ORIENTED_EDGE ( 'NONE', *, *, #1837, .F. ) ;
#2755 = CARTESIAN_POINT ( 'NONE',  ( 44.88272119688713246, 55.34326327166552062, -122.5389968315816276 ) ) ;
#2756 = EDGE_CURVE ( 'NONE', #1185, #3457, #2082, .T. ) ;
#2757 = VERTEX_POINT ( 'NONE', #2928 ) ;
#2758 = EDGE_CURVE ( 'NONE', #204, #1380, #1370, .T. ) ;
#2759 = ADVANCED_FACE ( 'NONE', ( #3617, #1316, #2345, #3705, #2649, #640, #2008, #4324 ), #2672, .T. ) ;
#2760 = DIRECTION ( 'NONE',  ( -0.000000000000000000, -1.000000000000000000, -0.000000000000000000 ) ) ;
#2761 = CARTESIAN_POINT ( 'NONE',  ( -39.35497367175415917, 23.53581031925460465, -124.4244467517423658 ) ) ;
#2762 = AXIS2_PLACEMENT_3D ( 'NONE', #2263, #156, #4242 ) ;
#2763 = ORIENTED_EDGE ( 'NONE', *, *, #4251, .T. ) ;
#2764 = CIRCLE ( 'NONE', #2054, 12.50000000000006750 ) ;
#2765 = VERTEX_POINT ( 'NONE', #231 ) ;
#2767 = CIRCLE ( 'NONE', #4329, 1.700000000000007061 ) ;
#2766 = CARTESIAN_POINT ( 'NONE',  ( -89.18254656228583599, 26.57782668629988265, -181.2902312082954950 ) ) ;
#2768 = DIRECTION ( 'NONE',  ( 0.000000000000000000, 0.000000000000000000, -1.000000000000000000 ) ) ;
#2769 = FACE_OUTER_BOUND ( 'NONE', #2472, .T. ) ;
#2770 = EDGE_CURVE ( 'NONE', #2168, #1134, #1677, .T. ) ;
#2771 = AXIS2_PLACEMENT_3D ( 'NONE', #841, #3922, #2983 ) ;
#2772 = DIRECTION ( 'NONE',  ( 0.000000000000000000, 0.000000000000000000, -1.000000000000000000 ) ) ;
#2773 = CYLINDRICAL_SURFACE ( 'NONE', #3036, 140.5000000000000000 ) ;
#2774 = LINE ( 'NONE', #3442, #3928 ) ;
#2775 = DIRECTION ( 'NONE',  ( 0.000000000000000000, 0.000000000000000000, -1.000000000000000000 ) ) ;
#2776 = DIRECTION ( 'NONE',  ( 0.000000000000000000, 0.000000000000000000, 1.000000000000000000 ) ) ;
#2777 = ORIENTED_EDGE ( 'NONE', *, *, #1186, .F. ) ;
#2778 = LINE ( 'NONE', #1754, #2653 ) ;
#2779 = VERTEX_POINT ( 'NONE', #3035 ) ;
#2780 = DIRECTION ( 'NONE',  ( 0.000000000000000000, -1.000000000000000000, 0.000000000000000000 ) ) ;
#2781 = EDGE_CURVE ( 'NONE', #3986, #3784, #1942, .T. ) ;
#2782 = ORIENTED_EDGE ( 'NONE', *, *, #3936, .F. ) ;
#2783 = PRODUCT_DEFINITION_FORMATION_WITH_SPECIFIED_SOURCE ( 'ANY', '', #2873, .NOT_KNOWN. ) ;
#2784 = DIRECTION ( 'NONE',  ( -0.000000000000000000, -1.000000000000000000, -0.000000000000000000 ) ) ;
#2785 = FACE_OUTER_BOUND ( 'NONE', #347, .T. ) ;
#2786 = ORIENTED_EDGE ( 'NONE', *, *, #1403, .T. ) ;
#2787 = ORIENTED_EDGE ( 'NONE', *, *, #3471, .F. ) ;
#2788 = ORIENTED_EDGE ( 'NONE', *, *, #1738, .T. ) ;
#2789 = FACE_OUTER_BOUND ( 'NONE', #932, .T. ) ;
#2790 = CARTESIAN_POINT ( 'NONE',  ( 42.28319768001447443, 58.65694814569394566, -112.8379174853386644 ) ) ;
#2791 = DIRECTION ( 'NONE',  ( -0.5000000000000012212, 0.000000000000000000, -0.8660254037844380415 ) ) ;
#2792 = DIRECTION ( 'NONE',  ( -0.000000000000000000, -1.000000000000000000, -0.000000000000000000 ) ) ;
#2793 = DIRECTION ( 'NONE',  ( -0.000000000000000000, -1.000000000000000000, 0.000000000000000000 ) ) ;
#2794 = DIRECTION ( 'NONE',  ( -0.000000000000000000, -1.000000000000000000, -0.000000000000000000 ) ) ;
#2795 = CARTESIAN_POINT ( 'NONE',  ( -87.31076074146447752, 26.57782668629988265, -181.5207810645830193 ) ) ;
#2796 = VECTOR ( 'NONE', #1524, 1000.000000000000227 ) ;
#2797 = DIRECTION ( 'NONE',  ( 0.000000000000000000, 0.000000000000000000, -1.000000000000000000 ) ) ;
#2798 = EDGE_CURVE ( 'NONE', #243, #1741, #4393, .T. ) ;
#2799 = VERTEX_POINT ( 'NONE', #277 ) ;
#2800 = CIRCLE ( 'NONE', #4292, 1.000000000000000888 ) ;
#2801 = DIRECTION ( 'NONE',  ( 0.000000000000000000, 0.000000000000000000, -1.000000000000000000 ) ) ;
#2802 = AXIS2_PLACEMENT_3D ( 'NONE', #2482, #2884, #1171 ) ;
#2803 = ORIENTED_EDGE ( 'NONE', *, *, #942, .F. ) ;
#2804 = DIRECTION ( 'NONE',  ( -0.000000000000000000, 1.000000000000000000, -0.000000000000000000 ) ) ;
#2805 = AXIS2_PLACEMENT_3D ( 'NONE', #2931, #1883, #490 ) ;
#2806 = EDGE_LOOP ( 'NONE', ( #1979, #2119, #2032, #3568 ) ) ;
#2807 = EDGE_CURVE ( 'NONE', #1900, #1549, #1165, .T. ) ;
#2808 = DIRECTION ( 'NONE',  ( -0.000000000000000000, 1.000000000000000000, -0.000000000000000000 ) ) ;
#2809 = CARTESIAN_POINT ( 'NONE',  ( -39.17269361108149894, 21.72131800928053025, -113.9552310987439085 ) ) ;
#2810 = EDGE_LOOP ( 'NONE', ( #1446, #1528, #542, #625 ) ) ;
#2811 = ORIENTED_EDGE ( 'NONE', *, *, #1631, .F. ) ;
#2812 = ORIENTED_EDGE ( 'NONE', *, *, #1310, .T. ) ;
#2813 = DIRECTION ( 'NONE',  ( 0.000000000000000000, -1.000000000000000000, 0.000000000000000000 ) ) ;
#2814 = CARTESIAN_POINT ( 'NONE',  ( 36.54545190235526064, 57.85539067112568290, -114.8245693040630329 ) ) ;
#2815 = DIRECTION ( 'NONE',  ( -0.000000000000000000, -1.000000000000000000, 0.000000000000000000 ) ) ;
#2816 = EDGE_CURVE ( 'NONE', #1248, #4257, #1731, .T. ) ;
#2817 = EDGE_CURVE ( 'NONE', #417, #4106, #3976, .T. ) ;
#2818 = ADVANCED_FACE ( 'NONE', ( #984, #3305, #1655, #3012, #1007, #1613 ), #2969, .F. ) ;
#2819 = ORIENTED_EDGE ( 'NONE', *, *, #4275, .T. ) ;
#2820 = DIRECTION ( 'NONE',  ( -0.000000000000000000, 1.000000000000000000, -0.000000000000000000 ) ) ;
#2822 = AXIS2_PLACEMENT_3D ( 'NONE', #3787, #3191, #3899 ) ;
#2821 = CARTESIAN_POINT ( 'NONE',  ( 97.75000000000019895, 10.00000000000000000, -169.3079664398576654 ) ) ;
#2823 = DIRECTION ( 'NONE',  ( -0.000000000000000000, -1.000000000000000000, -0.000000000000000000 ) ) ;
#2824 = CARTESIAN_POINT ( 'NONE',  ( 40.96679552340173558, 54.03512894088003549, -113.3225998783628654 ) ) ;
#2825 = CARTESIAN_POINT ( 'NONE',  ( 33.65635996737503888, 81.99999999999998579, -151.8140291071497074 ) ) ;
#2826 = ORIENTED_EDGE ( 'NONE', *, *, #1666, .T. ) ;
#2827 = CYLINDRICAL_SURFACE ( 'NONE', #3520, 3.299999999999997158 ) ;
#2828 = VECTOR ( 'NONE', #1003, 1000.000000000000000 ) ;
#2829 = CARTESIAN_POINT ( 'NONE',  ( 0.000000000000000000, 81.99999999999998579, 0.000000000000000000 ) ) ;
#2830 = ORIENTED_EDGE ( 'NONE', *, *, #3312, .T. ) ;
#2831 = AXIS2_PLACEMENT_3D ( 'NONE', #3056, #634, #1425 ) ;
#2832 = CIRCLE ( 'NONE', #3042, 195.5000000000000000 ) ;
#2833 = CARTESIAN_POINT ( 'NONE',  ( -40.96322396748755779, 22.03323283720781234, -113.3238918170529246 ) ) ;
#2834 = ORIENTED_EDGE ( 'NONE', *, *, #670, .T. ) ;
#2835 = ORIENTED_EDGE ( 'NONE', *, *, #1509, .F. ) ;
#2836 = DIRECTION ( 'NONE',  ( 0.2164396139381017103, -0.000000000000000000, -0.9762960071199335843 ) ) ;
#2837 = EDGE_LOOP ( 'NONE', ( #2183, #3566 ) ) ;
#2838 = AXIS2_PLACEMENT_3D ( 'NONE', #817, #557, #4310 ) ;
#2839 = CARTESIAN_POINT ( 'NONE',  ( 40.58659630861023260, 60.13178472682156439, -113.4593242911507929 ) ) ;
#2840 = EDGE_CURVE ( 'NONE', #2311, #2335, #3229, .T. ) ;
#2841 = AXIS2_PLACEMENT_3D ( 'NONE', #3321, #868, #2946 ) ;
#2842 = ORIENTED_EDGE ( 'NONE', *, *, #1588, .F. ) ;
#2844 = ADVANCED_FACE ( 'NONE', ( #614 ), #937, .T. ) ;
#2843 = CARTESIAN_POINT ( 'NONE',  ( -81.34323906271349358, 26.57782668629988265, -185.1435057953995624 ) ) ;
#2845 = DIRECTION ( 'NONE',  ( 0.000000000000000000, 1.000000000000000000, 0.000000000000000000 ) ) ;
#2846 = EDGE_CURVE ( 'NONE', #3726, #1112, #778, .T. ) ;
#2847 = CYLINDRICAL_SURFACE ( 'NONE', #2021, 155.5000000000000284 ) ;
#2848 = AXIS2_PLACEMENT_3D ( 'NONE', #1294, #2651, #3061 ) ;
#2849 = CARTESIAN_POINT ( 'NONE',  ( 41.92937928681936199, 54.81918921265434363, -112.9699095214245688 ) ) ;
#2850 = CARTESIAN_POINT ( 'NONE',  ( -84.31994504424355341, 10.00000000000000178, -180.1261408008386695 ) ) ;
#2851 = EDGE_LOOP ( 'NONE', ( #3393, #1624, #2329, #74 ) ) ;
#2852 = CARTESIAN_POINT ( 'NONE',  ( -14.99999999999999645, 5.000000000000000000, -167.2250000000000512 ) ) ;
#2853 = CARTESIAN_POINT ( 'NONE',  ( -40.64091420145733480, 0.000000000000000000, -150.0951901057118789 ) ) ;
#2854 = ORIENTED_EDGE ( 'NONE', *, *, #106, .F. ) ;
#2855 = AXIS2_PLACEMENT_3D ( 'NONE', #2019, #1347, #1301 ) ;
#2856 = EDGE_CURVE ( 'NONE', #3577, #3786, #2453, .T. ) ;
#2857 = DIRECTION ( 'NONE',  ( 0.000000000000000000, 0.000000000000000000, 1.000000000000000000 ) ) ;
#2858 = EDGE_LOOP ( 'NONE', ( #2402, #2574, #4164, #1763 ) ) ;
#2859 = VERTEX_POINT ( 'NONE', #3060 ) ;
#2860 = CARTESIAN_POINT ( 'NONE',  ( -45.02648131759496408, 76.99999999999998579, -164.4471525449933154 ) ) ;
#2861 = ORIENTED_EDGE ( 'NONE', *, *, #1101, .T. ) ;
#2862 = CARTESIAN_POINT ( 'NONE',  ( 36.76453212236215506, 58.46530083348198303, -114.7546342798776919 ) ) ;
#2863 = ORIENTED_EDGE ( 'NONE', *, *, #1076, .T. ) ;
#2864 = CARTESIAN_POINT ( 'NONE',  ( -65.25000000000018474, 20.00000000000000355, -113.0163151938691470 ) ) ;
#2865 = FACE_BOUND ( 'NONE', #610, .T. ) ;
#2866 = DIRECTION ( 'NONE',  ( 0.000000000000000000, 0.000000000000000000, 1.000000000000000000 ) ) ;
#2867 = CARTESIAN_POINT ( 'NONE',  ( -41.14431210998574073, 27.86432407533151689, -113.2582374248770662 ) ) ;
#2868 = VECTOR ( 'NONE', #2652, 1000.000000000000114 ) ;
#2869 = ORIENTED_EDGE ( 'NONE', *, *, #848, .F. ) ;
#2870 = DIRECTION ( 'NONE',  ( -0.000000000000000000, 1.000000000000000000, -0.000000000000000000 ) ) ;
#2871 = CARTESIAN_POINT ( 'NONE',  ( 40.64091420145725664, 5.000000000000004441, -150.0951901057118789 ) ) ;
#2872 = VERTEX_POINT ( 'NONE', #3459 ) ;
#2873 = PRODUCT ( 'AroMotoresTemp', 'AroMotoresTemp', '', ( #2725 ) ) ;
#2874 = AXIS2_PLACEMENT_3D ( 'NONE', #917, #3637, #1277 ) ;
#2875 = VECTOR ( 'NONE', #1084, 1000.000000000000000 ) ;
#2876 = CARTESIAN_POINT ( 'NONE',  ( -38.19476329874430576, 22.03372575900780816, -114.2867011145042682 ) ) ;
#2877 = EDGE_LOOP ( 'NONE', ( #3879, #2269, #2084, #2288 ) ) ;
#2878 = EDGE_LOOP ( 'NONE', ( #1395, #4170, #3208, #3863 ) ) ;
#2879 = CARTESIAN_POINT ( 'NONE',  ( 70.25000000000012790, 61.99999999999999289, -121.6765692317135716 ) ) ;
#2880 = CARTESIAN_POINT ( 'NONE',  ( 42.53652291140832631, 58.06390481345260213, -112.7426324495899905 ) ) ;
#2881 = ORIENTED_EDGE ( 'NONE', *, *, #995, .T. ) ;
#2882 = LINE ( 'NONE', #1484, #1591 ) ;
#2883 = EDGE_CURVE ( 'NONE', #242, #2859, #3011, .T. ) ;
#2884 = DIRECTION ( 'NONE',  ( 0.000000000000000000, 1.000000000000000000, 0.000000000000000000 ) ) ;
#2885 = LINE ( 'NONE', #151, #91 ) ;
#2886 = DIRECTION ( 'NONE',  ( 0.000000000000000000, -0.000000000000000000, -1.000000000000000000 ) ) ;
#2887 = AXIS2_PLACEMENT_3D ( 'NONE', #1745, #1051, #3775 ) ;
#2888 = VERTEX_POINT ( 'NONE', #3415 ) ;
#2889 = FACE_OUTER_BOUND ( 'NONE', #1120, .T. ) ;
#2890 = CARTESIAN_POINT ( 'NONE',  ( 0.000000000000000000, 20.00000000000000355, 0.000000000000000000 ) ) ;
#2891 = CARTESIAN_POINT ( 'NONE',  ( 0.000000000000000000, 72.00000000000000000, 0.000000000000000000 ) ) ;
#2892 = ADVANCED_FACE ( 'NONE', ( #4414 ), #1790, .T. ) ;
#2893 = ORIENTED_EDGE ( 'NONE', *, *, #247, .T. ) ;
#2894 = VECTOR ( 'NONE', #1564, 1000.000000000000000 ) ;
#2895 = ADVANCED_FACE ( 'NONE', ( #1073 ), #3947, .F. ) ;
#2896 = CARTESIAN_POINT ( 'NONE',  ( -42.69510015324296148, 25.00000000000000355, -112.6826447280349868 ) ) ;
#2897 = ORIENTED_EDGE ( 'NONE', *, *, #3691, .T. ) ;
#2898 = VECTOR ( 'NONE', #1489, 1000.000000000000000 ) ;
#2899 = ORIENTED_EDGE ( 'NONE', *, *, #1890, .F. ) ;
#2900 = VECTOR ( 'NONE', #2784, 1000.000000000000000 ) ;
#2901 = LINE ( 'NONE', #3237, #966 ) ;
#2902 = DIRECTION ( 'NONE',  ( 8.659560562354782482E-17, -0.7071067811865597852, 0.7071067811865352493 ) ) ;
#2903 = EDGE_CURVE ( 'NONE', #3719, #4268, #4363, .T. ) ;
#2904 = ORIENTED_EDGE ( 'NONE', *, *, #37, .T. ) ;
#2905 = DIRECTION ( 'NONE',  ( -0.2164396139381040973, -0.000000000000000000, -0.9762960071199330292 ) ) ;
#2906 = CARTESIAN_POINT ( 'NONE',  ( -52.39463284441555402, 81.99999999999998579, -151.5996111077022022 ) ) ;
#2907 = DIRECTION ( 'NONE',  ( -0.000000000000000000, -1.000000000000000000, -0.000000000000000000 ) ) ;
#2908 = EDGE_CURVE ( 'NONE', #2534, #1183, #1300, .T. ) ;
#2909 = CARTESIAN_POINT ( 'NONE',  ( -39.99070958130614173, 28.27876936594183022, -113.6707464682802851 ) ) ;
#2910 = CIRCLE ( 'NONE', #1409, 130.5000000000000000 ) ;
#2911 = AXIS2_PLACEMENT_3D ( 'NONE', #4415, #737, #349 ) ;
#2912 = ORIENTED_EDGE ( 'NONE', *, *, #2856, .F. ) ;
#2913 = EDGE_LOOP ( 'NONE', ( #4007, #3293, #4014, #2108 ) ) ;
#2914 = DIRECTION ( 'NONE',  ( 0.000000000000000000, -0.7071067811865597852, -0.7071067811865352493 ) ) ;
#2915 = CARTESIAN_POINT ( 'NONE',  ( 0.000000000000000000, 81.99999999999998579, 0.000000000000000000 ) ) ;
#2916 = AXIS2_PLACEMENT_3D ( 'NONE', #1635, #2993, #1235 ) ;
#2917 = DIRECTION ( 'NONE',  ( 0.000000000000000000, 0.000000000000000000, 1.000000000000000000 ) ) ;
#2918 = ORIENTED_EDGE ( 'NONE', *, *, #2118, .F. ) ;
#2919 = CIRCLE ( 'NONE', #1419, 140.5000000000000000 ) ;
#2920 = ORIENTED_EDGE ( 'NONE', *, *, #3030, .F. ) ;
#2921 = EDGE_CURVE ( 'NONE', #957, #1155, #736, .T. ) ;
#2922 = CARTESIAN_POINT ( 'NONE',  ( -24.21260865681972518, 72.00000000000000000, -183.9130217848418738 ) ) ;
#2923 = ORIENTED_EDGE ( 'NONE', *, *, #1391, .F. ) ;
#2924 = ORIENTED_EDGE ( 'NONE', *, *, #1052, .F. ) ;
#2925 = CARTESIAN_POINT ( 'NONE',  ( -36.90295417644663445, 72.00000000000000000, -166.4584692139486606 ) ) ;
#2926 = CARTESIAN_POINT ( 'NONE',  ( -24.21260865681972518, 81.99999999999998579, -183.9130217848418738 ) ) ;
#2927 = ORIENTED_EDGE ( 'NONE', *, *, #187, .F. ) ;
#2928 = CARTESIAN_POINT ( 'NONE',  ( 30.40976575830350725, 0.000000000000000000, -137.1695890003506406 ) ) ;
#2929 = DIRECTION ( 'NONE',  ( -0.000000000000000000, -1.000000000000000000, -0.000000000000000000 ) ) ;
#2930 = CARTESIAN_POINT ( 'NONE',  ( 59.12955738187338994, 81.99999999999998579, -143.8191414375143040 ) ) ;
#2931 = CARTESIAN_POINT ( 'NONE',  ( -84.31994504424355341, 0.000000000000000000, -180.1261408008386695 ) ) ;
#2932 = CARTESIAN_POINT ( 'NONE',  ( -33.65635996737514546, 72.00000000000000000, -151.8140291071496506 ) ) ;
#2933 = CYLINDRICAL_SURFACE ( 'NONE', #3331, 2.749999999999974687 ) ;
#2934 = DIRECTION ( 'NONE',  ( -0.000000000000000000, -1.000000000000000000, -0.000000000000000000 ) ) ;
#2935 = EDGE_LOOP ( 'NONE', ( #2984, #368, #3451, #1421 ) ) ;
#2936 = AXIS2_PLACEMENT_3D ( 'NONE', #402, #2794, #3852 ) ;
#2937 = VERTEX_POINT ( 'NONE', #1028 ) ;
#2938 = EDGE_CURVE ( 'NONE', #3275, #1622, #3523, .T. ) ;
#2939 = CYLINDRICAL_SURFACE ( 'NONE', #2203, 155.5000000000000284 ) ;
#2940 = EDGE_LOOP ( 'NONE', ( #270, #2418, #1892, #2980 ) ) ;
#2941 = ORIENTED_EDGE ( 'NONE', *, *, #3977, .T. ) ;
#2942 = VECTOR ( 'NONE', #3157, 1000.000000000000000 ) ;
#2943 = DIRECTION ( 'NONE',  ( -0.000000000000000000, -1.000000000000000000, 0.000000000000000000 ) ) ;
#2944 = VECTOR ( 'NONE', #359, 1000.000000000000000 ) ;
#2945 = VECTOR ( 'NONE', #946, 1000.000000000000000 ) ;
#2946 = DIRECTION ( 'NONE',  ( 0.000000000000000000, 0.000000000000000000, -1.000000000000000000 ) ) ;
#2947 = CIRCLE ( 'NONE', #3166, 1.000000000000000888 ) ;
#2948 = ORIENTED_EDGE ( 'NONE', *, *, #3027, .F. ) ;
#2949 = AXIS2_PLACEMENT_3D ( 'NONE', #1236, #1903, #3596 ) ;
#2950 = CARTESIAN_POINT ( 'NONE',  ( 22.25471577351880015, 72.00000000000000000, -169.0413488642347204 ) ) ;
#2951 = EDGE_CURVE ( 'NONE', #1380, #204, #4295, .T. ) ;
#2952 = DIRECTION ( 'NONE',  ( 0.000000000000000000, 0.000000000000000000, 1.000000000000000000 ) ) ;
#2953 = DIRECTION ( 'NONE',  ( 0.000000000000000000, 0.000000000000000000, -1.000000000000000000 ) ) ;
#2954 = CARTESIAN_POINT ( 'NONE',  ( -38.19843342690695209, 27.96818250390153793, -114.2854748479618507 ) ) ;
#2955 = ADVANCED_FACE ( 'NONE', ( #2789 ), #1699, .F. ) ;
#2956 = CARTESIAN_POINT ( 'NONE',  ( -65.25000000000018474, 72.00000000000000000, -113.0163151938691470 ) ) ;
#2957 = CYLINDRICAL_SURFACE ( 'NONE', #11, 120.5000000000000000 ) ;
#2958 = LINE ( 'NONE', #264, #860 ) ;
#2959 = VERTEX_POINT ( 'NONE', #325 ) ;
#2960 = ORIENTED_EDGE ( 'NONE', *, *, #3194, .F. ) ;
#2961 = CARTESIAN_POINT ( 'NONE',  ( -18.50000000000002132, 0.000000000000000000, -146.7500000000000284 ) ) ;
#2962 = ORIENTED_EDGE ( 'NONE', *, *, #3473, .T. ) ;
#2963 = CIRCLE ( 'NONE', #2179, 10.00000000000000888 ) ;
#2964 = EDGE_LOOP ( 'NONE', ( #4413, #2048, #1824, #3816 ) ) ;
#2965 = CARTESIAN_POINT ( 'NONE',  ( -84.31994504424355341, 10.00000000000000178, -180.1261408008386695 ) ) ;
#2966 = DIRECTION ( 'NONE',  ( -0.000000000000000000, -1.000000000000000000, -0.000000000000000000 ) ) ;
#2967 = VECTOR ( 'NONE', #1365, 1000.000000000000000 ) ;
#2968 = ORIENTED_EDGE ( 'NONE', *, *, #4092, .F. ) ;
#2969 = PLANE ( 'NONE',  #2874 ) ;
#2970 = CARTESIAN_POINT ( 'NONE',  ( 24.21260865681960439, 72.00000000000000000, -183.9130217848419022 ) ) ;
#2971 = DIRECTION ( 'NONE',  ( -0.000000000000000000, -1.000000000000000000, 0.000000000000000000 ) ) ;
#2972 = ADVANCED_FACE ( 'NONE', ( #1049, #1743 ), #3154, .T. ) ;
#2973 = CARTESIAN_POINT ( 'NONE',  ( -39.05541786979312491, 25.42983643592146592, -124.5187782064322306 ) ) ;
#2974 = ADVANCED_FACE ( 'NONE', ( #2144 ), #1814, .F. ) ;
#2975 = CARTESIAN_POINT ( 'NONE',  ( 78.39568755290000013, 81.99999999999998579, -168.1200944952985310 ) ) ;
#2976 = AXIS2_PLACEMENT_3D ( 'NONE', #307, #3330, #262 ) ;
#2977 = CARTESIAN_POINT ( 'NONE',  ( 15.00000000000000355, 5.000000000000000000, -152.2250000000000227 ) ) ;
#2978 = CARTESIAN_POINT ( 'NONE',  ( 0.000000000000000000, 81.99999999999998579, 0.000000000000000000 ) ) ;
#2979 = ORIENTED_EDGE ( 'NONE', *, *, #179, .T. ) ;
#2980 = ORIENTED_EDGE ( 'NONE', *, *, #1553, .T. ) ;
#2981 = AXIS2_PLACEMENT_3D ( 'NONE', #2228, #1896, #4343 ) ;
#2982 = TOROIDAL_SURFACE ( 'NONE', #2548, 140.5000000000000000, 10.00000000000000000 ) ;
#2983 = DIRECTION ( 'NONE',  ( 0.000000000000000000, 0.000000000000000000, -1.000000000000000000 ) ) ;
#2984 = ORIENTED_EDGE ( 'NONE', *, *, #1970, .F. ) ;
#2985 = VERTEX_POINT ( 'NONE', #442 ) ;
#2986 = ADVANCED_FACE ( 'NONE', ( #1213 ), #1193, .T. ) ;
#2987 = LINE ( 'NONE', #1333, #2115 ) ;
#2988 = DIRECTION ( 'NONE',  ( 0.000000000000000000, 0.000000000000000000, -1.000000000000000000 ) ) ;
#2989 = EDGE_CURVE ( 'NONE', #2114, #4125, #2585, .T. ) ;
#2990 = EDGE_LOOP ( 'NONE', ( #2537, #3529, #3812, #1581 ) ) ;
#2991 = ORIENTED_EDGE ( 'NONE', *, *, #807, .T. ) ;
#2992 = DIRECTION ( 'NONE',  ( -0.9063077870366474942, 0.000000000000000000, -0.4226182617407048259 ) ) ;
#2993 = DIRECTION ( 'NONE',  ( 0.2588190451025245142, -0.000000000000000000, -0.9659258262890673130 ) ) ;
#2994 = CARTESIAN_POINT ( 'NONE',  ( 33.65635996737503888, 10.00000000000000000, -151.8140291071497074 ) ) ;
#2995 = CARTESIAN_POINT ( 'NONE',  ( -37.22163151072940224, 27.18216271043118581, -114.6072599272088866 ) ) ;
#2996 = DIRECTION ( 'NONE',  ( 0.000000000000000000, 1.000000000000000000, 0.000000000000000000 ) ) ;
#2997 = DIRECTION ( 'NONE',  ( 0.4226182617407008846, 0.000000000000000000, -0.9063077870366492705 ) ) ;
#2998 = DIRECTION ( 'NONE',  ( -0.4226182617407016617, -0.000000000000000000, -0.9063077870366488265 ) ) ;
#2999 = ORIENTED_EDGE ( 'NONE', *, *, #4417, .F. ) ;
#3000 = ORIENTED_EDGE ( 'NONE', *, *, #637, .T. ) ;
#3001 = CYLINDRICAL_SURFACE ( 'NONE', #2134, 12.50000000000001066 ) ;
#3002 = EDGE_LOOP ( 'NONE', ( #394, #561, #3272, #753 ) ) ;
#3003 = DIRECTION ( 'NONE',  ( 0.000000000000000000, 0.000000000000000000, -1.000000000000000000 ) ) ;
#3004 = EDGE_CURVE ( 'NONE', #2985, #3559, #764, .T. ) ;
#3005 = EDGE_LOOP ( 'NONE', ( #3975, #2734, #2881, #3926 ) ) ;
#3006 = CARTESIAN_POINT ( 'NONE',  ( 33.65635996737503888, 10.00000000000000000, -151.8140291071497074 ) ) ;
#3007 = CARTESIAN_POINT ( 'NONE',  ( -45.27517478593455280, 24.56706086097124953, -122.3944865100035742 ) ) ;
#3008 = AXIS2_PLACEMENT_3D ( 'NONE', #895, #1840, #2522 ) ;
#3009 = ORIENTED_EDGE ( 'NONE', *, *, #1869, .F. ) ;
#3010 = ORIENTED_EDGE ( 'NONE', *, *, #3356, .F. ) ;
#3011 = CIRCLE ( 'NONE', #876, 12.50000000000001066 ) ;
#3012 = FACE_BOUND ( 'NONE', #340, .T. ) ;
#3013 = FACE_OUTER_BOUND ( 'NONE', #1048, .T. ) ;
#3014 = CARTESIAN_POINT ( 'NONE',  ( 0.000000000000000000, 0.000000000000000000, -195.5000000000000000 ) ) ;
#3015 = AXIS2_PLACEMENT_3D ( 'NONE', #988, #3350, #3377 ) ;
#3016 = DIRECTION ( 'NONE',  ( -0.000000000000000000, 1.000000000000000000, -0.000000000000000000 ) ) ;
#3017 = EDGE_CURVE ( 'NONE', #2488, #4015, #2947, .T. ) ;
#3018 = CARTESIAN_POINT ( 'NONE',  ( 24.21260865681960439, 72.00000000000000000, -183.9130217848419022 ) ) ;
#3019 = CARTESIAN_POINT ( 'NONE',  ( 15.00000000000000355, 5.025000000000002132, -165.5000000000000284 ) ) ;
#3020 = CARTESIAN_POINT ( 'NONE',  ( -52.39463284441563218, 45.35533905932756227, -154.3496111077021737 ) ) ;
#3021 = ORIENTED_EDGE ( 'NONE', *, *, #4136, .F. ) ;
#3022 = ORIENTED_EDGE ( 'NONE', *, *, #2569, .F. ) ;
#3023 = EDGE_CURVE ( 'NONE', #3291, #4100, #506, .T. ) ;
#3024 = CARTESIAN_POINT ( 'NONE',  ( 40.26357225286179187, 54.37559968243632369, -124.1335065774754725 ) ) ;
#3025 = AXIS2_PLACEMENT_3D ( 'NONE', #2994, #2035, #714 ) ;
#3026 = ORIENTED_EDGE ( 'NONE', *, *, #274, .T. ) ;
#3027 = EDGE_CURVE ( 'NONE', #1809, #2342, #1023, .T. ) ;
#3028 = DIRECTION ( 'NONE',  ( 0.4226182617407016617, 0.000000000000000000, 0.9063077870366489375 ) ) ;
#3029 = CIRCLE ( 'NONE', #2822, 155.5000000000000284 ) ;
#3030 = EDGE_CURVE ( 'NONE', #4240, #1478, #153, .T. ) ;
#3031 = CARTESIAN_POINT ( 'NONE',  ( 0.000000000000000000, 72.00000000000000000, 0.000000000000000000 ) ) ;
#3032 = CARTESIAN_POINT ( 'NONE',  ( -64.38717422483094310, 0.000000000000000000, -157.8750828830860087 ) ) ;
#3033 = EDGE_LOOP ( 'NONE', ( #286, #1005, #2495, #2002 ) ) ;
#3034 = EDGE_LOOP ( 'NONE', ( #497, #1910, #2428, #581 ) ) ;
#3035 = CARTESIAN_POINT ( 'NONE',  ( 0.000000000000000000, 72.00000000000000000, -195.5000000000000284 ) ) ;
#3036 = AXIS2_PLACEMENT_3D ( 'NONE', #184, #4230, #3259 ) ;
#3037 = FACE_OUTER_BOUND ( 'NONE', #4098, .T. ) ;
#3038 = LINE ( 'NONE', #1657, #935 ) ;
#3039 = CARTESIAN_POINT ( 'NONE',  ( -39.19680523995447885, 26.06443691678867935, -124.4743638390355045 ) ) ;
#3040 = ADVANCED_FACE ( 'NONE', ( #1841 ), #3513, .F. ) ;
#3041 = VECTOR ( 'NONE', #4144, 1000.000000000000000 ) ;
#3042 = AXIS2_PLACEMENT_3D ( 'NONE', #1145, #3675, #2272 ) ;
#3043 = EDGE_CURVE ( 'NONE', #2055, #3414, #3231, .T. ) ;
#3044 = CARTESIAN_POINT ( 'NONE',  ( 52.39463284441546875, 81.99999999999998579, -154.3496111077022306 ) ) ;
#3045 = EDGE_CURVE ( 'NONE', #2732, #1112, #4199, .T. ) ;
#3046 = DIRECTION ( 'NONE',  ( -0.000000000000000000, -1.000000000000000000, -0.000000000000000000 ) ) ;
#3047 = LINE ( 'NONE', #2306, #4153 ) ;
#3048 = ORIENTED_EDGE ( 'NONE', *, *, #1297, .F. ) ;
#3049 = ORIENTED_EDGE ( 'NONE', *, *, #2798, .T. ) ;
#3050 = ADVANCED_FACE ( 'NONE', ( #852, #2213, #2865, #2129, #3490, #4217, #1881, #88, #423 ), #1463, .T. ) ;
#3051 = ORIENTED_EDGE ( 'NONE', *, *, #3999, .T. ) ;
#3052 = CARTESIAN_POINT ( 'NONE',  ( 42.38101688934187194, 53.70005374385581831, -123.4266821121713917 ) ) ;
#3053 = ORIENTED_EDGE ( 'NONE', *, *, #2305, .T. ) ;
#3054 = AXIS2_PLACEMENT_3D ( 'NONE', #1382, #2367, #2034 ) ;
#3055 = CARTESIAN_POINT ( 'NONE',  ( 52.39463284441546875, 72.00000000000000000, -157.0996111077022022 ) ) ;
#3056 = CARTESIAN_POINT ( 'NONE',  ( -14.99999999999999645, 5.000000000000000000, -165.5000000000000284 ) ) ;
#3057 = CARTESIAN_POINT ( 'NONE',  ( -44.65801307370176687, 22.98695634604199256, -122.6210681362424708 ) ) ;
#3058 = ORIENTED_EDGE ( 'NONE', *, *, #1858, .T. ) ;
#3059 = VERTEX_POINT ( 'NONE', #2821 ) ;
#3060 = CARTESIAN_POINT ( 'NONE',  ( -40.64091420145732059, 81.99999999999998579, -150.0951901057118789 ) ) ;
#3061 = DIRECTION ( 'NONE',  ( 0.000000000000000000, 0.000000000000000000, -1.000000000000000000 ) ) ;
#3062 = LINE ( 'NONE', #3797, #745 ) ;
#3063 = CARTESIAN_POINT ( 'NONE',  ( 0.000000000000000000, 10.00000000000000000, 0.000000000000000000 ) ) ;
#3064 = CIRCLE ( 'NONE', #4202, 185.5000000000000568 ) ;
#3065 =( NAMED_UNIT ( * ) SI_UNIT ( $, .STERADIAN. ) SOLID_ANGLE_UNIT ( ) );
#3066 = CARTESIAN_POINT ( 'NONE',  ( 0.000000000000000000, 0.000000000000000000, 0.000000000000000000 ) ) ;
#3067 = DIRECTION ( 'NONE',  ( 0.000000000000000000, 0.000000000000000000, 1.000000000000000000 ) ) ;
#3068 = DIRECTION ( 'NONE',  ( -0.000000000000000000, -1.000000000000000000, 0.000000000000000000 ) ) ;
#3069 = DIRECTION ( 'NONE',  ( 0.000000000000000000, -1.000000000000000000, 0.000000000000000000 ) ) ;
#3070 = ORIENTED_EDGE ( 'NONE', *, *, #3495, .F. ) ;
#3071 = ORIENTED_EDGE ( 'NONE', *, *, #4136, .T. ) ;
#3072 = CYLINDRICAL_SURFACE ( 'NONE', #3536, 12.50000000000001066 ) ;
#3073 = ORIENTED_EDGE ( 'NONE', *, *, #1777, .T. ) ;
#3074 = DIRECTION ( 'NONE',  ( 0.5000000000000008882, 0.000000000000000000, -0.8660254037844380415 ) ) ;
#3075 = EDGE_CURVE ( 'NONE', #1711, #1809, #1773, .T. ) ;
#3076 = FACE_OUTER_BOUND ( 'NONE', #2935, .T. ) ;
#3077 = CARTESIAN_POINT ( 'NONE',  ( -39.03543664284585191, 25.00000000000000000, -124.5250363826582714 ) ) ;
#3078 = VECTOR ( 'NONE', #233, 1000.000000000000000 ) ;
#3079 = VERTEX_POINT ( 'NONE', #3181 ) ;
#3080 = DIRECTION ( 'NONE',  ( 0.000000000000000000, 1.000000000000000000, 0.000000000000000000 ) ) ;
#3081 = DIRECTION ( 'NONE',  ( -0.000000000000000000, -1.000000000000000000, -0.000000000000000000 ) ) ;
#3082 = DIRECTION ( 'NONE',  ( -0.5000000000000008882, 0.000000000000000000, 0.8660254037844381525 ) ) ;
#3083 = CARTESIAN_POINT ( 'NONE',  ( -33.65635996737514546, 72.00000000000000000, -151.8140291071496506 ) ) ;
#3084 = AXIS2_PLACEMENT_3D ( 'NONE', #1504, #1192, #1922 ) ;
#3086 = ADVANCED_FACE ( 'NONE', ( #3890 ), #4180, .F. ) ;
#3085 = CARTESIAN_POINT ( 'NONE',  ( -88.75992830054512694, 26.57782668629988265, -182.1965389953321335 ) ) ;
#3087 = VECTOR ( 'NONE', #2419, 1000.000000000000000 ) ;
#3088 = AXIS2_PLACEMENT_3D ( 'NONE', #379, #742, #718 ) ;
#3089 = DIRECTION ( 'NONE',  ( -0.2164396139381030149, 0.000000000000000000, 0.9762960071199332512 ) ) ;
#3090 = DIRECTION ( 'NONE',  ( -0.000000000000000000, -1.000000000000000000, 0.000000000000000000 ) ) ;
#3091 = CARTESIAN_POINT ( 'NONE',  ( 45.02648131759482908, 10.00000000000000000, -164.4471525449933722 ) ) ;
#3092 = EDGE_CURVE ( 'NONE', #3215, #3692, #1546, .T. ) ;
#3093 = CARTESIAN_POINT ( 'NONE',  ( 0.000000000000000000, 0.000000000000000000, 0.000000000000000000 ) ) ;
#3094 = ORIENTED_EDGE ( 'NONE', *, *, #2341, .F. ) ;
#3095 = DIRECTION ( 'NONE',  ( 0.000000000000000000, 0.000000000000000000, 1.000000000000000000 ) ) ;
#3096 = ORIENTED_EDGE ( 'NONE', *, *, #1241, .F. ) ;
#3097 = CARTESIAN_POINT ( 'NONE',  ( 45.13651629230142248, 55.93627578852321847, -122.4457097502563272 ) ) ;
#3098 = ORIENTED_EDGE ( 'NONE', *, *, #531, .F. ) ;
#3099 = DIRECTION ( 'NONE',  ( -0.000000000000000000, -1.000000000000000000, -0.000000000000000000 ) ) ;
#3100 = DIRECTION ( 'NONE',  ( 0.9914448613738104932, 0.000000000000000000, 0.1305261922200515179 ) ) ;
#3101 = ADVANCED_FACE ( 'NONE', ( #3535 ), #829, .F. ) ;
#3102 = CARTESIAN_POINT ( 'NONE',  ( -42.38301907358687970, 21.70019369284993616, -123.4259945741167002 ) ) ;
#3103 = EDGE_LOOP ( 'NONE', ( #4197, #3931 ) ) ;
#3104 = EDGE_LOOP ( 'NONE', ( #2712, #2120, #3446, #3144, #147, #686 ) ) ;
#3105 = CARTESIAN_POINT ( 'NONE',  ( 42.98840151134885446, 60.19401543852274017, -123.2164433553406440 ) ) ;
#3106 = LINE ( 'NONE', #35, #2198 ) ;
#3107 = CARTESIAN_POINT ( 'NONE',  ( -14.99999999999999645, 10.00000000000000000, -150.5000000000000284 ) ) ;
#3108 = AXIS2_PLACEMENT_3D ( 'NONE', #1422, #748, #1445 ) ;
#3109 = LINE ( 'NONE', #2061, #503 ) ;
#3110 = EDGE_CURVE ( 'NONE', #2140, #3371, #1561, .T. ) ;
#3111 = DIRECTION ( 'NONE',  ( -0.9762960071199333623, 0.000000000000000000, -0.2164396139381030426 ) ) ;
#3112 = CARTESIAN_POINT ( 'NONE',  ( -52.39463284441563218, 0.000000000000000000, -154.3496111077021737 ) ) ;
#3113 = CARTESIAN_POINT ( 'NONE',  ( -78.39568755290005697, 10.00000000000000000, -168.1200944952984742 ) ) ;
#3114 = AXIS2_PLACEMENT_3D ( 'NONE', #484, #4276, #2227 ) ;
#3115 = CARTESIAN_POINT ( 'NONE',  ( -14.99999999999999645, 5.000000000000000000, -150.5000000000000284 ) ) ;
#3116 = VERTEX_POINT ( 'NONE', #592 ) ;
#3117 = DIRECTION ( 'NONE',  ( -0.000000000000000000, 1.000000000000000000, -0.000000000000000000 ) ) ;
#3118 = VERTEX_POINT ( 'NONE', #3348 ) ;
#3119 = CARTESIAN_POINT ( 'NONE',  ( -84.31994504424355341, 26.57782668629988265, -180.1261408008386695 ) ) ;
#3120 = ORIENTED_EDGE ( 'NONE', *, *, #3510, .F. ) ;
#3121 = CARTESIAN_POINT ( 'NONE',  ( 18.33893000691724851, 81.99999999999998579, -139.2980030230203567 ) ) ;
#3122 = LINE ( 'NONE', #3721, #4121 ) ;
#3123 = ORIENTED_EDGE ( 'NONE', *, *, #3589, .T. ) ;
#3124 = CYLINDRICAL_SURFACE ( 'NONE', #1969, 120.5000000000000000 ) ;
#3125 = VECTOR ( 'NONE', #2680, 1000.000000000000000 ) ;
#3126 = VECTOR ( 'NONE', #566, 1000.000000000000000 ) ;
#3127 = EDGE_LOOP ( 'NONE', ( #3502, #116, #495, #1066, #3140, #3965 ) ) ;
#3128 = ADVANCED_FACE ( 'NONE', ( #1278 ), #1944, .F. ) ;
#3129 = ORIENTED_EDGE ( 'NONE', *, *, #989, .T. ) ;
#3130 = CARTESIAN_POINT ( 'NONE',  ( 52.39463284441546165, 0.000000000000000000, -154.3496111077022590 ) ) ;
#3131 = CYLINDRICAL_SURFACE ( 'NONE', #2911, 2.749999999999974687 ) ;
#3132 = LINE ( 'NONE', #86, #1534 ) ;
#3133 = ADVANCED_FACE ( 'NONE', ( #3013 ), #278, .F. ) ;
#3134 = LINE ( 'NONE', #739, #1659 ) ;
#3135 = CARTESIAN_POINT ( 'NONE',  ( -40.14954838551826555, 72.00000000000000000, -181.1029093207476706 ) ) ;
#3136 = CARTESIAN_POINT ( 'NONE',  ( 52.39463284441546875, 81.99999999999998579, -154.3496111077022306 ) ) ;
#3137 = LINE ( 'NONE', #1080, #446 ) ;
#3138 = ADVANCED_FACE ( 'NONE', ( #1902 ), #4325, .F. ) ;
#3139 = CARTESIAN_POINT ( 'NONE',  ( 22.25471577351880015, 72.00000000000000000, -169.0413488642347204 ) ) ;
#3140 = ORIENTED_EDGE ( 'NONE', *, *, #770, .F. ) ;
#3141 = CARTESIAN_POINT ( 'NONE',  ( 36.90295417644658471, 72.00000000000000000, -166.4584692139487174 ) ) ;
#3142 = ORIENTED_EDGE ( 'NONE', *, *, #1088, .T. ) ;
#3143 = DIRECTION ( 'NONE',  ( 0.000000000000000000, 0.000000000000000000, -1.000000000000000000 ) ) ;
#3144 = ORIENTED_EDGE ( 'NONE', *, *, #2840, .F. ) ;
#3145 = VECTOR ( 'NONE', #4025, 1000.000000000000000 ) ;
#3146 = CIRCLE ( 'NONE', #2588, 12.50000000000006750 ) ;
#3147 = CARTESIAN_POINT ( 'NONE',  ( -36.90295417644663445, 10.00000000000000000, -166.4584692139486606 ) ) ;
#3148 = CARTESIAN_POINT ( 'NONE',  ( -14.99999999999999645, 10.00000000000000000, -165.5000000000000284 ) ) ;
#3149 = EDGE_CURVE ( 'NONE', #498, #1083, #3907, .T. ) ;
#3150 = ORIENTED_EDGE ( 'NONE', *, *, #4394, .F. ) ;
#3151 = ORIENTED_EDGE ( 'NONE', *, *, #1781, .F. ) ;
#3152 = EDGE_CURVE ( 'NONE', #927, #1687, #4195, .T. ) ;
#3153 = ORIENTED_EDGE ( 'NONE', *, *, #3744, .F. ) ;
#3154 = CYLINDRICAL_SURFACE ( 'NONE', #2018, 130.5000000000000000 ) ;
#3155 = CARTESIAN_POINT ( 'NONE',  ( 39.37922763654449909, 60.30007601796897632, -113.8840326905130240 ) ) ;
#3156 = DIRECTION ( 'NONE',  ( -0.000000000000000000, -1.000000000000000000, -0.000000000000000000 ) ) ;
#3157 = DIRECTION ( 'NONE',  ( -0.000000000000000000, -1.000000000000000000, -0.000000000000000000 ) ) ;
#3158 = CARTESIAN_POINT ( 'NONE',  ( 39.06518450189850711, 56.99999999999999289, -124.6360569040593305 ) ) ;
#3159 = FACE_OUTER_BOUND ( 'NONE', #2466, .T. ) ;
#3160 = CARTESIAN_POINT ( 'NONE',  ( 42.28521773037960685, 55.34646925502027415, -112.8371617521182770 ) ) ;
#3161 = AXIS2_PLACEMENT_3D ( 'NONE', #4258, #1212, #3594 ) ;
#3162 = DIRECTION ( 'NONE',  ( 0.000000000000000000, 1.000000000000000000, 0.000000000000000000 ) ) ;
#3163 = ORIENTED_EDGE ( 'NONE', *, *, #3973, .T. ) ;
#3164 = AXIS2_PLACEMENT_3D ( 'NONE', #157, #2241, #1619 ) ;
#3165 = DIRECTION ( 'NONE',  ( -0.000000000000000000, 1.000000000000000000, -0.000000000000000000 ) ) ;
#3166 = AXIS2_PLACEMENT_3D ( 'NONE', #1505, #470, #3205 ) ;
#3167 = LINE ( 'NONE', #1805, #1038 ) ;
#3168 = ORIENTED_EDGE ( 'NONE', *, *, #499, .F. ) ;
#3169 = VECTOR ( 'NONE', #1842, 1000.000000000000000 ) ;
#3170 = CARTESIAN_POINT ( 'NONE',  ( 97.75000000000019895, 0.000000000000000000, -169.3079664398576654 ) ) ;
#3171 = ORIENTED_EDGE ( 'NONE', *, *, #2051, .T. ) ;
#3172 = ORIENTED_EDGE ( 'NONE', *, *, #2258, .T. ) ;
#3173 = ADVANCED_FACE ( 'NONE', ( #3978 ), #2298, .T. ) ;
#3174 = EDGE_CURVE ( 'NONE', #4268, #3719, #1983, .T. ) ;
#3175 = CARTESIAN_POINT ( 'NONE',  ( 0.000000000000000000, 61.99999999999999289, 0.000000000000000000 ) ) ;
#3176 = ORIENTED_EDGE ( 'NONE', *, *, #1978, .T. ) ;
#3177 = CARTESIAN_POINT ( 'NONE',  ( -20.29682289021814867, 72.00000000000000000, -154.1696759436275102 ) ) ;
#3178 = CARTESIAN_POINT ( 'NONE',  ( 42.69510015324293306, 56.99999999999999289, -112.6826447280350010 ) ) ;
#3179 = EDGE_LOOP ( 'NONE', ( #993, #3704, #1642, #3150, #2284, #3022, #1884 ) ) ;
#3180 = CARTESIAN_POINT ( 'NONE',  ( -30.40976575830352147, 72.00000000000000000, -137.1695890003506122 ) ) ;
#3182 = VECTOR ( 'NONE', #861, 1000.000000000000000 ) ;
#3181 = CARTESIAN_POINT ( 'NONE',  ( -64.38717422483078678, 72.00000000000000000, -157.8750828830860655 ) ) ;
#3183 = DIRECTION ( 'NONE',  ( -0.000000000000000000, 1.000000000000000000, -0.000000000000000000 ) ) ;
#3184 = DIRECTION ( 'NONE',  ( -0.4226182617407000519, -0.000000000000000000, -0.9063077870366496036 ) ) ;
#3185 = LINE ( 'NONE', #115, #2898 ) ;
#3186 = ADVANCED_FACE ( 'NONE', ( #1571 ), #212, .F. ) ;
#3187 = VERTEX_POINT ( 'NONE', #2565 ) ;
#3188 = EDGE_CURVE ( 'NONE', #56, #3256, #2484, .T. ) ;
#3189 = CYLINDRICAL_SURFACE ( 'NONE', #1877, 155.5000000000000284 ) ;
#3190 = VECTOR ( 'NONE', #2104, 1000.000000000000227 ) ;
#3191 = DIRECTION ( 'NONE',  ( 0.000000000000000000, -1.000000000000000000, 0.000000000000000000 ) ) ;
#3192 = EDGE_LOOP ( 'NONE', ( #1503, #1428, #3674, #3836 ) ) ;
#3193 = VECTOR ( 'NONE', #1714, 1000.000000000000000 ) ;
#3194 = EDGE_CURVE ( 'NONE', #1267, #3253, #2690, .T. ) ;
#3195 = DIRECTION ( 'NONE',  ( -0.000000000000000000, -1.000000000000000000, 0.000000000000000000 ) ) ;
#3196 = ORIENTED_EDGE ( 'NONE', *, *, #869, .F. ) ;
#3197 = ORIENTED_EDGE ( 'NONE', *, *, #4389, .T. ) ;
#3198 = LINE ( 'NONE', #1895, #2894 ) ;
#3199 = ORIENTED_EDGE ( 'NONE', *, *, #3901, .T. ) ;
#3200 = VECTOR ( 'NONE', #1531, 1000.000000000000114 ) ;
#3201 = CARTESIAN_POINT ( 'NONE',  ( 38.01552150065174374, 59.86569313644007195, -114.3464160302880401 ) ) ;
#3202 = VECTOR ( 'NONE', #706, 1000.000000000000227 ) ;
#3203 = VERTEX_POINT ( 'NONE', #3639 ) ;
#3204 = LINE ( 'NONE', #3555, #1232 ) ;
#3205 = DIRECTION ( 'NONE',  ( 0.000000000000000000, 0.000000000000000000, -1.000000000000000000 ) ) ;
#3206 = DIRECTION ( 'NONE',  ( 0.000000000000000000, 0.000000000000000000, -1.000000000000000000 ) ) ;
#3207 = CARTESIAN_POINT ( 'NONE',  ( 72.05641362678947814, 81.99999999999998579, -154.5254776897487830 ) ) ;
#3208 = ORIENTED_EDGE ( 'NONE', *, *, #1102, .F. ) ;
#3209 = DIRECTION ( 'NONE',  ( 0.000000000000000000, 1.000000000000000000, 0.000000000000000000 ) ) ;
#3210 = CARTESIAN_POINT ( 'NONE',  ( -78.39568755290005697, 72.00000000000000000, -168.1200944952984742 ) ) ;
#3211 = ORIENTED_EDGE ( 'NONE', *, *, #194, .F. ) ;
#3212 = AXIS2_PLACEMENT_3D ( 'NONE', #1133, #2486, #2731 ) ;
#3213 = CARTESIAN_POINT ( 'NONE',  ( 15.00000000000000355, 10.00000000000000000, -165.5000000000000284 ) ) ;
#3214 = EDGE_LOOP ( 'NONE', ( #136, #3168, #1513, #3627 ) ) ;
#3215 = VERTEX_POINT ( 'NONE', #1255 ) ;
#3216 = ADVANCED_FACE ( 'NONE', ( #3595 ), #2321, .F. ) ;
#3217 = CYLINDRICAL_SURFACE ( 'NONE', #170, 155.5000000000000284 ) ;
#3218 = CYLINDRICAL_SURFACE ( 'NONE', #123, 155.5000000000000284 ) ;
#3219 = ORIENTED_EDGE ( 'NONE', *, *, #2510, .T. ) ;
#3220 = CARTESIAN_POINT ( 'NONE',  ( 59.37786577456843418, 10.00000000000000000, -127.3362440786492442 ) ) ;
#3221 = DIRECTION ( 'NONE',  ( -0.000000000000000000, 1.000000000000000000, -0.000000000000000000 ) ) ;
#3222 = LINE ( 'NONE', #1572, #209 ) ;
#3223 = FACE_OUTER_BOUND ( 'NONE', #1652, .T. ) ;
#3224 = ORIENTED_EDGE ( 'NONE', *, *, #2280, .T. ) ;
#3225 = LINE ( 'NONE', #692, #2707 ) ;
#3226 = CARTESIAN_POINT ( 'NONE',  ( 97.75000000000022737, 72.00000000000000000, -169.3079664398576654 ) ) ;
#3227 = EDGE_CURVE ( 'NONE', #315, #2694, #412, .T. ) ;
#3228 = CARTESIAN_POINT ( 'NONE',  ( -60.25000000000015632, 10.00000000000000000, -104.3560611560247793 ) ) ;
#3229 = CIRCLE ( 'NONE', #1521, 140.5000000000000000 ) ;
#3230 = ORIENTED_EDGE ( 'NONE', *, *, #3708, .F. ) ;
#3231 = CIRCLE ( 'NONE', #4256, 155.5000000000000284 ) ;
#3232 = VECTOR ( 'NONE', #3894, 1000.000000000000000 ) ;
#3233 = CARTESIAN_POINT ( 'NONE',  ( -37.51145380556202724, 22.51383751630989138, -114.5127245708707022 ) ) ;
#3234 = ORIENTED_EDGE ( 'NONE', *, *, #2, .T. ) ;
#3235 = ADVANCED_FACE ( 'NONE', ( #1614 ), #4282, .F. ) ;
#3236 = ORIENTED_EDGE ( 'NONE', *, *, #2573, .T. ) ;
#3237 = CARTESIAN_POINT ( 'NONE',  ( -59.37786577456848391, 10.00000000000000000, -127.3362440786491874 ) ) ;
#3238 = EDGE_CURVE ( 'NONE', #3692, #2309, #338, .T. ) ;
#3239 = CARTESIAN_POINT ( 'NONE',  ( -40.14954838551826555, 81.99999999999998579, -181.1029093207476706 ) ) ;
#3240 = EDGE_LOOP ( 'NONE', ( #1632, #3314, #2498, #747 ) ) ;
#3241 = CYLINDRICAL_SURFACE ( 'NONE', #3161, 1.000000000000000888 ) ;
#3242 = CARTESIAN_POINT ( 'NONE',  ( 0.000000000000000000, 72.00000000000000000, 0.000000000000000000 ) ) ;
#3243 = FACE_OUTER_BOUND ( 'NONE', #72, .T. ) ;
#3244 = CARTESIAN_POINT ( 'NONE',  ( -42.53610811679352111, 26.06516035307324231, -112.7427889377090651 ) ) ;
#3245 = VECTOR ( 'NONE', #4176, 1000.000000000000000 ) ;
#3246 = EDGE_LOOP ( 'NONE', ( #2506, #774, #2000, #122 ) ) ;
#3247 = EDGE_CURVE ( 'NONE', #4248, #1231, #3706, .T. ) ;
#3248 = VECTOR ( 'NONE', #785, 1000.000000000000227 ) ;
#3249 = CARTESIAN_POINT ( 'NONE',  ( 0.000000000000000000, 10.00000000000000000, 0.000000000000000000 ) ) ;
#3250 = DIRECTION ( 'NONE',  ( 0.000000000000000000, 0.000000000000000000, -1.000000000000000000 ) ) ;
#3251 = CARTESIAN_POINT ( 'NONE',  ( -40.14954838551826555, 81.99999999999998579, -181.1029093207476706 ) ) ;
#3252 = VERTEX_POINT ( 'NONE', #3461 ) ;
#3253 = VERTEX_POINT ( 'NONE', #985 ) ;
#3254 = AXIS2_PLACEMENT_3D ( 'NONE', #1674, #8, #3748 ) ;
#3255 = CARTESIAN_POINT ( 'NONE',  ( 0.000000000000000000, 10.00000000000000000, 0.000000000000000000 ) ) ;
#3256 = VERTEX_POINT ( 'NONE', #14 ) ;
#3257 = AXIS2_PLACEMENT_3D ( 'NONE', #3747, #3100, #29 ) ;
#3258 = ORIENTED_EDGE ( 'NONE', *, *, #1955, .F. ) ;
#3259 = DIRECTION ( 'NONE',  ( 0.000000000000000000, 0.000000000000000000, 1.000000000000000000 ) ) ;
#3260 = DIRECTION ( 'NONE',  ( 0.000000000000000000, -1.000000000000000000, 0.000000000000000000 ) ) ;
#3261 = ORIENTED_EDGE ( 'NONE', *, *, #624, .T. ) ;
#3262 = FACE_OUTER_BOUND ( 'NONE', #1941, .T. ) ;
#3263 = DIRECTION ( 'NONE',  ( 0.000000000000000000, 0.000000000000000000, 1.000000000000000000 ) ) ;
#3264 = FACE_OUTER_BOUND ( 'NONE', #2940, .T. ) ;
#3265 = LINE ( 'NONE', #3558, #10 ) ;
#3266 = VECTOR ( 'NONE', #3260, 1000.000000000000000 ) ;
#3267 = FACE_OUTER_BOUND ( 'NONE', #3214, .T. ) ;
#3268 = CARTESIAN_POINT ( 'NONE',  ( 52.39463284441546875, 36.64466094067258695, -154.3496111077022306 ) ) ;
#3269 = AXIS2_PLACEMENT_3D ( 'NONE', #2970, #3327, #3660 ) ;
#3270 = EDGE_CURVE ( 'NONE', #1162, #3749, #3693, .T. ) ;
#3271 = DIRECTION ( 'NONE',  ( -0.000000000000000000, -1.000000000000000000, -0.000000000000000000 ) ) ;
#3272 = ORIENTED_EDGE ( 'NONE', *, *, #4321, .T. ) ;
#3273 = ORIENTED_EDGE ( 'NONE', *, *, #770, .T. ) ;
#3274 = CYLINDRICAL_SURFACE ( 'NONE', #3488, 140.5000000000000000 ) ;
#3275 = VERTEX_POINT ( 'NONE', #1008 ) ;
#3276 = EDGE_LOOP ( 'NONE', ( #1179, #2521, #3051, #3282 ) ) ;
#3277 = ADVANCED_FACE ( 'NONE', ( #3037 ), #3131, .F. ) ;
#3278 = LINE ( 'NONE', #1939, #1328 ) ;
#3279 = DIRECTION ( 'NONE',  ( -0.000000000000000000, -1.000000000000000000, -0.000000000000000000 ) ) ;
#3280 = EDGE_CURVE ( 'NONE', #720, #663, #1744, .T. ) ;
#3281 = VECTOR ( 'NONE', #1928, 1000.000000000000000 ) ;
#3282 = ORIENTED_EDGE ( 'NONE', *, *, #2650, .F. ) ;
#3283 = DIRECTION ( 'NONE',  ( -0.000000000000000000, 1.000000000000000000, -0.000000000000000000 ) ) ;
#3284 = CARTESIAN_POINT ( 'NONE',  ( -52.39463284441563218, 45.35533905932756227, -154.3496111077021737 ) ) ;
#3285 = CARTESIAN_POINT ( 'NONE',  ( -40.64091420145732769, 76.99999999999998579, -150.0951901057118505 ) ) ;
#3286 = CARTESIAN_POINT ( 'NONE',  ( 37.51491818985358151, 54.51062842508202522, -114.5115901828478968 ) ) ;
#3287 = DIRECTION ( 'NONE',  ( -0.2588190451025249583, -0.000000000000000000, -0.9659258262890670910 ) ) ;
#3288 = CARTESIAN_POINT ( 'NONE',  ( 18.33893000691726982, 72.00000000000000000, -139.2980030230203567 ) ) ;
#3289 = CIRCLE ( 'NONE', #2289, 2.749999999999974687 ) ;
#3290 = FACE_OUTER_BOUND ( 'NONE', #3582, .T. ) ;
#3291 = VERTEX_POINT ( 'NONE', #1317 ) ;
#3292 = VECTOR ( 'NONE', #4133, 1000.000000000000000 ) ;
#3293 = ORIENTED_EDGE ( 'NONE', *, *, #3404, .F. ) ;
#3294 = LINE ( 'NONE', #2577, #2552 ) ;
#3295 = ORIENTED_EDGE ( 'NONE', *, *, #3023, .T. ) ;
#3296 = ORIENTED_EDGE ( 'NONE', *, *, #108, .F. ) ;
#3297 = AXIS2_PLACEMENT_3D ( 'NONE', #1819, #2564, #828 ) ;
#3298 = DIRECTION ( 'NONE',  ( 0.4226182617407007736, 0.000000000000000000, 0.9063077870366492705 ) ) ;
#3299 = AXIS2_PLACEMENT_3D ( 'NONE', #3063, #3709, #306 ) ;
#3300 = EDGE_CURVE ( 'NONE', #3203, #2562, #2764, .T. ) ;
#3301 = AXIS2_PLACEMENT_3D ( 'NONE', #2327, #1662, #4024 ) ;
#3302 = CARTESIAN_POINT ( 'NONE',  ( -14.99999999999999645, 5.000000000000000000, -165.5000000000000284 ) ) ;
#3303 = EDGE_CURVE ( 'NONE', #2286, #1469, #3410, .T. ) ;
#3304 = ORIENTED_EDGE ( 'NONE', *, *, #3927, .F. ) ;
#3305 = FACE_BOUND ( 'NONE', #3103, .T. ) ;
#3306 = DIRECTION ( 'NONE',  ( 0.000000000000000000, 0.000000000000000000, -1.000000000000000000 ) ) ;
#3307 = CARTESIAN_POINT ( 'NONE',  ( 36.90295417644660603, 72.00000000000000000, -166.4584692139486890 ) ) ;
#3308 = CARTESIAN_POINT ( 'NONE',  ( -37.67427066578736117, 27.62637565346761193, -114.4593004741708171 ) ) ;
#3309 = LINE ( 'NONE', #2956, #1929 ) ;
#3310 = DIRECTION ( 'NONE',  ( 0.000000000000000000, 0.000000000000000000, 1.000000000000000000 ) ) ;
#3311 = CARTESIAN_POINT ( 'NONE',  ( 52.39463284441546165, 0.000000000000000000, -166.8496111077022590 ) ) ;
#3312 = EDGE_CURVE ( 'NONE', #1692, #1284, #3106, .T. ) ;
#3313 = LINE ( 'NONE', #241, #2067 ) ;
#3314 = ORIENTED_EDGE ( 'NONE', *, *, #131, .F. ) ;
#3315 = VERTEX_POINT ( 'NONE', #1074 ) ;
#3316 = DIRECTION ( 'NONE',  ( 0.000000000000000000, 0.000000000000000000, -1.000000000000000000 ) ) ;
#3317 = ORIENTED_EDGE ( 'NONE', *, *, #3030, .T. ) ;
#3318 = CIRCLE ( 'NONE', #28, 12.50000000000001066 ) ;
#3319 = EDGE_LOOP ( 'NONE', ( #3844, #980, #2861, #2007, #3058, #3703, #870 ) ) ;
#3320 = DIRECTION ( 'NONE',  ( -0.000000000000000000, -1.000000000000000000, -0.000000000000000000 ) ) ;
#3321 = CARTESIAN_POINT ( 'NONE',  ( 0.000000000000000000, 10.00000000000000000, 0.000000000000000000 ) ) ;
#3322 = CIRCLE ( 'NONE', #1897, 170.5000000000000284 ) ;
#3323 = AXIS2_PLACEMENT_3D ( 'NONE', #2915, #4266, #1930 ) ;
#3324 = EDGE_LOOP ( 'NONE', ( #2407, #3648 ) ) ;
#3325 = EDGE_LOOP ( 'NONE', ( #1508, #674, #2474, #1516, #2628, #432, #4367, #2230, #735, #2380, #3482, #951, #1348, #1201, #323, #2274, #3883, #2184 ) ) ;
#3326 = CARTESIAN_POINT ( 'NONE',  ( 45.29537560312243016, 57.21559249033877848, -122.3870048206592145 ) ) ;
#3327 = DIRECTION ( 'NONE',  ( 0.9914448613738103822, 0.000000000000000000, 0.1305261922200517122 ) ) ;
#3328 = FACE_OUTER_BOUND ( 'NONE', #4234, .T. ) ;
#3329 = CYLINDRICAL_SURFACE ( 'NONE', #3299, 170.5000000000000853 ) ;
#3330 = DIRECTION ( 'NONE',  ( -0.9762960071199333623, 0.000000000000000000, -0.2164396139381030426 ) ) ;
#3331 = AXIS2_PLACEMENT_3D ( 'NONE', #4287, #1243, #2594 ) ;
#3332 = FACE_OUTER_BOUND ( 'NONE', #3680, .T. ) ;
#3333 = CARTESIAN_POINT ( 'NONE',  ( 33.65635996737503177, 81.99999999999998579, -151.8140291071496790 ) ) ;
#3334 = EDGE_LOOP ( 'NONE', ( #2143, #474, #219, #3969 ) ) ;
#3335 = VERTEX_POINT ( 'NONE', #2675 ) ;
#3336 = AXIS2_PLACEMENT_3D ( 'NONE', #397, #3729, #1766 ) ;
#3337 = VECTOR ( 'NONE', #479, 1000.000000000000000 ) ;
#3338 = DIRECTION ( 'NONE',  ( -0.000000000000000000, -1.000000000000000000, -0.000000000000000000 ) ) ;
#3339 = ORIENTED_EDGE ( 'NONE', *, *, #1768, .T. ) ;
#3340 = ORIENTED_EDGE ( 'NONE', *, *, #1065, .T. ) ;
#3341 = VECTOR ( 'NONE', #267, 1000.000000000000000 ) ;
#3342 = DIRECTION ( 'NONE',  ( -0.000000000000000000, -1.000000000000000000, 0.000000000000000000 ) ) ;
#3343 = CARTESIAN_POINT ( 'NONE',  ( -44.23916319247552309, 22.51318426703712205, -122.7728381148058787 ) ) ;
#3344 = EDGE_CURVE ( 'NONE', #1072, #1533, #47, .T. ) ;
#3345 = ORIENTED_EDGE ( 'NONE', *, *, #2451, .F. ) ;
#3346 = ORIENTED_EDGE ( 'NONE', *, *, #2817, .T. ) ;
#3347 = CARTESIAN_POINT ( 'NONE',  ( 44.52822021598010593, 59.18062944757525656, -122.6682961478389871 ) ) ;
#3348 = CARTESIAN_POINT ( 'NONE',  ( 97.75000000000022737, 81.99999999999998579, -169.3079664398576654 ) ) ;
#3349 = DIRECTION ( 'NONE',  ( -0.000000000000000000, -1.000000000000000000, -0.000000000000000000 ) ) ;
#3350 = DIRECTION ( 'NONE',  ( -0.000000000000000000, -1.000000000000000000, -0.000000000000000000 ) ) ;
#3351 = VECTOR ( 'NONE', #2914, 1000.000000000000000 ) ;
#3352 = ADVANCED_FACE ( 'NONE', ( #1701 ), #2742, .F. ) ;
#3353 = CARTESIAN_POINT ( 'NONE',  ( 52.39463284441546875, 81.99999999999998579, -154.3496111077022306 ) ) ;
#3354 = CYLINDRICAL_SURFACE ( 'NONE', #3521, 170.5000000000000853 ) ;
#3355 = CARTESIAN_POINT ( 'NONE',  ( -30.40976575830357476, 0.000000000000000000, -137.1695890003506122 ) ) ;
#3356 = EDGE_CURVE ( 'NONE', #3547, #3361, #1492, .T. ) ;
#3357 = ORIENTED_EDGE ( 'NONE', *, *, #3783, .T. ) ;
#3358 = DIRECTION ( 'NONE',  ( -0.000000000000000000, 1.000000000000000000, -0.000000000000000000 ) ) ;
#3359 = ORIENTED_EDGE ( 'NONE', *, *, #4092, .T. ) ;
#3360 = CARTESIAN_POINT ( 'NONE',  ( 39.03543664284580927, 56.78169976343761505, -124.5250363826582856 ) ) ;
#3361 = VERTEX_POINT ( 'NONE', #4087 ) ;
#3362 = LINE ( 'NONE', #2003, #685 ) ;
#3363 = EDGE_CURVE ( 'NONE', #1605, #810, #982, .T. ) ;
#3364 = CARTESIAN_POINT ( 'NONE',  ( 0.000000000000000000, 72.00000000000000000, 0.000000000000000000 ) ) ;
#3365 = CARTESIAN_POINT ( 'NONE',  ( -44.52649030193822455, 22.81727155252367112, -122.6689243456801961 ) ) ;
#3366 = CIRCLE ( 'NONE', #287, 155.5000000000000284 ) ;
#3367 = ADVANCED_FACE ( 'NONE', ( #1406 ), #2697, .F. ) ;
#3368 = ORIENTED_EDGE ( 'NONE', *, *, #2332, .T. ) ;
#3369 = AXIS2_PLACEMENT_3D ( 'NONE', #1487, #1843, #766 ) ;
#3370 = EDGE_CURVE ( 'NONE', #1831, #4248, #840, .T. ) ;
#3371 = VERTEX_POINT ( 'NONE', #641 ) ;
#3372 = AXIS2_PLACEMENT_3D ( 'NONE', #1121, #395, #3794 ) ;
#3373 = DIRECTION ( 'NONE',  ( 0.000000000000000000, -0.000000000000000000, -1.000000000000000000 ) ) ;
#3374 = DIRECTION ( 'NONE',  ( -0.000000000000000000, 1.000000000000000000, -0.000000000000000000 ) ) ;
#3375 = DIRECTION ( 'NONE',  ( 0.4226182617407008291, 0.000000000000000000, 0.9063077870366492705 ) ) ;
#3376 = AXIS2_PLACEMENT_3D ( 'NONE', #1443, #3785, #2109 ) ;
#3377 = DIRECTION ( 'NONE',  ( 0.000000000000000000, 0.000000000000000000, 1.000000000000000000 ) ) ;
#3378 = EDGE_CURVE ( 'NONE', #893, #3059, #3752, .T. ) ;
#3379 = DIRECTION ( 'NONE',  ( 0.000000000000000000, 0.000000000000000000, 1.000000000000000000 ) ) ;
#3380 = CARTESIAN_POINT ( 'NONE',  ( -52.39463284441555402, 9.999999999999994671, -151.5996111077022022 ) ) ;
#3381 = LINE ( 'NONE', #3758, #1451 ) ;
#3382 = FACE_OUTER_BOUND ( 'NONE', #3695, .T. ) ;
#3383 = EDGE_CURVE ( 'NONE', #2639, #2266, #3766, .T. ) ;
#3384 = ORIENTED_EDGE ( 'NONE', *, *, #3764, .F. ) ;
#3385 = ORIENTED_EDGE ( 'NONE', *, *, #3825, .F. ) ;
#3386 = CARTESIAN_POINT ( 'NONE',  ( 44.98015786195652055, 55.53607229585597338, -122.5032339898122586 ) ) ;
#3387 = ORIENTED_EDGE ( 'NONE', *, *, #2, .F. ) ;
#3388 = CARTESIAN_POINT ( 'NONE',  ( -22.25471577351893515, 81.99999999999998579, -169.0413488642346920 ) ) ;
#3389 = VECTOR ( 'NONE', #1472, 1000.000000000000114 ) ;
#3390 = FACE_OUTER_BOUND ( 'NONE', #4359, .T. ) ;
#3391 = DIRECTION ( 'NONE',  ( 0.000000000000000000, -1.000000000000000000, 0.000000000000000000 ) ) ;
#3392 = VERTEX_POINT ( 'NONE', #2076 ) ;
#3393 = ORIENTED_EDGE ( 'NONE', *, *, #999, .T. ) ;
#3394 = CARTESIAN_POINT ( 'NONE',  ( -42.25273972865245753, 25.00000000000000000, -123.7819540552209645 ) ) ;
#3395 = VECTOR ( 'NONE', #126, 1000.000000000000114 ) ;
#3396 = DIRECTION ( 'NONE',  ( -0.9659258262890674240, 0.000000000000000000, -0.2588190451025242922 ) ) ;
#3397 = CARTESIAN_POINT ( 'NONE',  ( 65.25000000000014211, 20.00000000000000355, -113.0163151938691612 ) ) ;
#3398 = FACE_OUTER_BOUND ( 'NONE', #2964, .T. ) ;
#3399 = CIRCLE ( 'NONE', #174, 2.749999999999974687 ) ;
#3400 = DIRECTION ( 'NONE',  ( -1.110223024625155554E-15, 0.000000000000000000, -1.000000000000000000 ) ) ;
#3401 = CARTESIAN_POINT ( 'NONE',  ( 0.000000000000000000, 81.99999999999998579, 0.000000000000000000 ) ) ;
#3402 = PLANE ( 'NONE',  #2583 ) ;
#3403 = DIRECTION ( 'NONE',  ( 0.000000000000000000, 0.000000000000000000, -1.000000000000000000 ) ) ;
#3404 = EDGE_CURVE ( 'NONE', #2732, #1392, #1584, .T. ) ;
#3405 = ORIENTED_EDGE ( 'NONE', *, *, #274, .F. ) ;
#3406 = CIRCLE ( 'NONE', #1980, 140.5000000000000000 ) ;
#3407 = ORIENTED_EDGE ( 'NONE', *, *, #1031, .T. ) ;
#3408 = CARTESIAN_POINT ( 'NONE',  ( 60.25000000000011369, 0.000000000000000000, -104.3560611560247793 ) ) ;
#3409 = VERTEX_POINT ( 'NONE', #805 ) ;
#3410 = CIRCLE ( 'NONE', #3054, 2.749999999999974687 ) ;
#3411 = DIRECTION ( 'NONE',  ( 0.000000000000000000, 0.000000000000000000, -1.000000000000000000 ) ) ;
#3412 = DIRECTION ( 'NONE',  ( 0.000000000000000000, -1.000000000000000000, 0.000000000000000000 ) ) ;
#3413 = CARTESIAN_POINT ( 'NONE',  ( -43.56039426631257072, 22.03350627341278312, -123.0153714434666341 ) ) ;
#3414 = VERTEX_POINT ( 'NONE', #1857 ) ;
#3415 = CARTESIAN_POINT ( 'NONE',  ( 15.00000000000000355, 10.00000000000000000, -167.2000000000000455 ) ) ;
#3416 = ADVANCED_FACE ( 'NONE', ( #1459 ), #3218, .F. ) ;
#3417 = DIRECTION ( 'NONE',  ( 0.5000000000000008882, 0.000000000000000000, -0.8660254037844380415 ) ) ;
#3418 = DIRECTION ( 'NONE',  ( 0.000000000000000000, 0.000000000000000000, 1.000000000000000000 ) ) ;
#3419 = CARTESIAN_POINT ( 'NONE',  ( -36.76412241011416882, 26.46445354392255211, -114.7547655345993718 ) ) ;
#3420 = AXIS2_PLACEMENT_3D ( 'NONE', #1952, #2042, #4402 ) ;
#3421 = CARTESIAN_POINT ( 'NONE',  ( 0.000000000000000000, 10.00000000000000000, 0.000000000000000000 ) ) ;
#3422 = CARTESIAN_POINT ( 'NONE',  ( -52.39463284441563218, 45.35533905932756227, -154.3496111077021737 ) ) ;
#3423 = DIRECTION ( 'NONE',  ( 0.1305261922200524061, 0.000000000000000000, 0.9914448613738102711 ) ) ;
#3424 = LINE ( 'NONE', #2825, #3854 ) ;
#3425 = ORIENTED_EDGE ( 'NONE', *, *, #2490, .T. ) ;
#3426 = DIRECTION ( 'NONE',  ( -0.000000000000000000, 1.000000000000000000, -0.000000000000000000 ) ) ;
#3427 = ORIENTED_EDGE ( 'NONE', *, *, #1449, .F. ) ;
#3428 = CARTESIAN_POINT ( 'NONE',  ( 42.58797212319129244, 53.72160271671777565, -123.3554194625314722 ) ) ;
#3429 = VERTEX_POINT ( 'NONE', #3532 ) ;
#3430 = PLANE ( 'NONE',  #4183 ) ;
#3431 = CARTESIAN_POINT ( 'NONE',  ( -36.60605360581747902, 23.93535622550219344, -114.8052857705202285 ) ) ;
#3432 = CARTESIAN_POINT ( 'NONE',  ( -44.08233162658264348, 22.37672785318546431, -122.8292748875902447 ) ) ;
#3433 = CIRCLE ( 'NONE', #4213, 155.5000000000000284 ) ;
#3434 = ADVANCED_FACE ( 'NONE', ( #1164 ), #146, .T. ) ;
#3435 = VERTEX_POINT ( 'NONE', #4175 ) ;
#3436 = DIRECTION ( 'NONE',  ( 0.000000000000000000, 1.000000000000000000, 0.000000000000000000 ) ) ;
#3437 = CARTESIAN_POINT ( 'NONE',  ( 36.44477503485185821, 56.99999999999999289, -114.8565556364069096 ) ) ;
#3438 = CARTESIAN_POINT ( 'NONE',  ( 52.39463284441546875, 81.99999999999998579, -154.3496111077022306 ) ) ;
#3439 = AXIS2_PLACEMENT_3D ( 'NONE', #3573, #4281, #3889 ) ;
#3440 = CARTESIAN_POINT ( 'NONE',  ( -14.99999999999999645, 5.025000000000002132, -165.5000000000000284 ) ) ;
#3441 = DIRECTION ( 'NONE',  ( -1.000000000000000000, -0.000000000000000000, -0.000000000000000000 ) ) ;
#3442 = CARTESIAN_POINT ( 'NONE',  ( -64.38717422483091468, 5.000000000000004441, -157.8750828830861224 ) ) ;
#3443 = DIRECTION ( 'NONE',  ( -0.9063077870366474942, 0.000000000000000000, -0.4226182617407048259 ) ) ;
#3444 = CARTESIAN_POINT ( 'NONE',  ( -89.18254656228583599, 0.000000000000000000, -181.2902312082954950 ) ) ;
#3445 = MANIFOLD_SOLID_BREP ( 'Redondeo3', #2561 ) ;
#3446 = ORIENTED_EDGE ( 'NONE', *, *, #3518, .T. ) ;
#3447 = CARTESIAN_POINT ( 'NONE',  ( 0.000000000000000000, 10.00000000000000000, 0.000000000000000000 ) ) ;
#3448 = ADVANCED_FACE ( 'NONE', ( #1539 ), #761, .F. ) ;
#3449 = ORIENTED_EDGE ( 'NONE', *, *, #4143, .F. ) ;
#3450 = LINE ( 'NONE', #1512, #1473 ) ;
#3451 = ORIENTED_EDGE ( 'NONE', *, *, #271, .F. ) ;
#3452 = FACE_OUTER_BOUND ( 'NONE', #3334, .T. ) ;
#3453 = EDGE_CURVE ( 'NONE', #798, #1605, #3656, .T. ) ;
#3454 = CARTESIAN_POINT ( 'NONE',  ( -82.92530478049924625, 0.000000000000000000, -183.1169564980596078 ) ) ;
#3455 = ORIENTED_EDGE ( 'NONE', *, *, #2291, .F. ) ;
#3456 = DIRECTION ( 'NONE',  ( -0.000000000000000000, 1.000000000000000000, -0.000000000000000000 ) ) ;
#3457 = VERTEX_POINT ( 'NONE', #4254 ) ;
#3458 = ORIENTED_EDGE ( 'NONE', *, *, #2701, .T. ) ;
#3459 = CARTESIAN_POINT ( 'NONE',  ( -14.99999999999999645, 5.025000000000002132, -163.8000000000000398 ) ) ;
#3460 = EDGE_CURVE ( 'NONE', #2147, #2308, #3615, .T. ) ;
#3461 = CARTESIAN_POINT ( 'NONE',  ( -59.12955738187360311, 10.00000000000000178, -143.8191414375142188 ) ) ;
#3462 = DIRECTION ( 'NONE',  ( -1.000000000000000000, -0.000000000000000000, -0.000000000000000000 ) ) ;
#3463 = DIRECTION ( 'NONE',  ( -0.000000000000000000, -1.000000000000000000, -0.000000000000000000 ) ) ;
#3464 = CARTESIAN_POINT ( 'NONE',  ( 0.000000000000000000, 72.00000000000000000, 0.000000000000000000 ) ) ;
#3465 = CARTESIAN_POINT ( 'NONE',  ( 65.71713970067897037, 72.00000000000000000, -140.9308608841990065 ) ) ;
#3466 = AXIS2_PLACEMENT_3D ( 'NONE', #2004, #1068, #4386 ) ;
#3467 = CARTESIAN_POINT ( 'NONE',  ( 42.53622432135194487, 55.93548104315029690, -112.7427446171036394 ) ) ;
#3468 = VECTOR ( 'NONE', #3320, 1000.000000000000000 ) ;
#3469 = DIRECTION ( 'NONE',  ( -0.000000000000000000, -1.000000000000000000, -0.000000000000000000 ) ) ;
#3470 = EDGE_LOOP ( 'NONE', ( #1266, #1109, #3765, #769 ) ) ;
#3471 = EDGE_CURVE ( 'NONE', #4425, #1549, #1210, .T. ) ;
#3472 = FACE_OUTER_BOUND ( 'NONE', #680, .T. ) ;
#3473 = EDGE_CURVE ( 'NONE', #429, #1974, #1203, .T. ) ;
#3474 = ORIENTED_EDGE ( 'NONE', *, *, #433, .F. ) ;
#3475 = CARTESIAN_POINT ( 'NONE',  ( -52.39463284441555402, 81.99999999999998579, -151.5996111077022022 ) ) ;
#3476 = VERTEX_POINT ( 'NONE', #889 ) ;
#3477 = CARTESIAN_POINT ( 'NONE',  ( 72.05641362678947814, 0.000000000000000000, -154.5254776897487830 ) ) ;
#3478 = LINE ( 'NONE', #4247, #2409 ) ;
#3479 = ORIENTED_EDGE ( 'NONE', *, *, #3378, .T. ) ;
#3480 = CIRCLE ( 'NONE', #2614, 140.5000000000000000 ) ;
#3481 = AXIS2_PLACEMENT_3D ( 'NONE', #1050, #326, #3795 ) ;
#3482 = ORIENTED_EDGE ( 'NONE', *, *, #1970, .T. ) ;
#3483 = AXIS2_PLACEMENT_3D ( 'NONE', #150, #1525, #571 ) ;
#3484 = ORIENTED_EDGE ( 'NONE', *, *, #2186, .T. ) ;
#3485 = DIRECTION ( 'NONE',  ( 8.659560562354782482E-17, -0.7071067811865597852, 0.7071067811865352493 ) ) ;
#3486 = CARTESIAN_POINT ( 'NONE',  ( 37.09019074217357570, 59.01398261884165919, -114.6498242265968770 ) ) ;
#3487 = FACE_OUTER_BOUND ( 'NONE', #1061, .T. ) ;
#3488 = AXIS2_PLACEMENT_3D ( 'NONE', #1580, #1247, #3968 ) ;
#3489 = DIRECTION ( 'NONE',  ( 0.000000000000000000, 0.000000000000000000, -1.000000000000000000 ) ) ;
#3490 = FACE_BOUND ( 'NONE', #605, .T. ) ;
#3491 = CARTESIAN_POINT ( 'NONE',  ( -87.55309498550312242, 10.00000000000000178, -180.7870049754867523 ) ) ;
#3492 = PLANE ( 'NONE',  #949 ) ;
#3493 = LINE ( 'NONE', #4184, #2629 ) ;
#3494 = ORIENTED_EDGE ( 'NONE', *, *, #1838, .T. ) ;
#3495 = EDGE_CURVE ( 'NONE', #3859, #776, #2126, .T. ) ;
#3496 = CARTESIAN_POINT ( 'NONE',  ( 52.39463284441546875, 81.99999999999998579, -154.3496111077022306 ) ) ;
#3497 = CYLINDRICAL_SURFACE ( 'NONE', #3960, 12.50000000000001066 ) ;
#3498 = EDGE_CURVE ( 'NONE', #1083, #362, #1410, .T. ) ;
#3499 = EDGE_CURVE ( 'NONE', #723, #417, #1847, .T. ) ;
#3500 = ORIENTED_EDGE ( 'NONE', *, *, #128, .F. ) ;
#3501 = CARTESIAN_POINT ( 'NONE',  ( 20.29682289021804920, 81.99999999999998579, -154.1696759436275670 ) ) ;
#3502 = ORIENTED_EDGE ( 'NONE', *, *, #513, .F. ) ;
#3503 = ORIENTED_EDGE ( 'NONE', *, *, #2627, .F. ) ;
#3504 = LINE ( 'NONE', #4211, #899 ) ;
#3505 = ORIENTED_EDGE ( 'NONE', *, *, #3638, .F. ) ;
#3506 = DIRECTION ( 'NONE',  ( -0.9914448613738103822, 0.000000000000000000, 0.1305261922200524061 ) ) ;
#3507 = CARTESIAN_POINT ( 'NONE',  ( 37.67197906556836529, 59.62469781811559955, -114.4600573441303339 ) ) ;
#3508 = CARTESIAN_POINT ( 'NONE',  ( -14.99999999999999645, 5.025000000000002132, -152.2000000000000171 ) ) ;
#3509 = EDGE_CURVE ( 'NONE', #2357, #4297, #1230, .T. ) ;
#3510 = EDGE_CURVE ( 'NONE', #4097, #226, #2406, .T. ) ;
#3511 = EDGE_LOOP ( 'NONE', ( #1452, #1962, #2468, #2426 ) ) ;
#3512 = DIRECTION ( 'NONE',  ( 0.000000000000000000, -1.000000000000000000, 0.000000000000000000 ) ) ;
#3513 = PLANE ( 'NONE',  #731 ) ;
#3514 = CARTESIAN_POINT ( 'NONE',  ( -65.71713970067902721, 72.00000000000000000, -140.9308608841989496 ) ) ;
#3515 = CARTESIAN_POINT ( 'NONE',  ( 39.79209072969216976, 53.70031734219432451, -113.7404370287586062 ) ) ;
#3516 = AXIS2_PLACEMENT_3D ( 'NONE', #504, #871, #2257 ) ;
#3517 = DIRECTION ( 'NONE',  ( 0.000000000000000000, 0.000000000000000000, 1.000000000000000000 ) ) ;
#3518 = EDGE_CURVE ( 'NONE', #2308, #2335, #547, .T. ) ;
#3519 = EDGE_LOOP ( 'NONE', ( #164, #502, #3345, #2382 ) ) ;
#3520 = AXIS2_PLACEMENT_3D ( 'NONE', #73, #701, #2801 ) ;
#3521 = AXIS2_PLACEMENT_3D ( 'NONE', #1972, #4094, #20 ) ;
#3522 = DIRECTION ( 'NONE',  ( 0.000000000000000000, 1.000000000000000000, -0.000000000000000000 ) ) ;
#3523 = CIRCLE ( 'NONE', #2443, 12.50000000000001066 ) ;
#3524 = CARTESIAN_POINT ( 'NONE',  ( -81.34323906271349358, 26.57782668629988265, -184.1435057953995624 ) ) ;
#3525 = ORIENTED_EDGE ( 'NONE', *, *, #1519, .F. ) ;
#3526 = CIRCLE ( 'NONE', #454, 12.50000000000001066 ) ;
#3527 = CARTESIAN_POINT ( 'NONE',  ( -42.69510015324296859, 24.56339097639538593, -112.6826447280350010 ) ) ;
#3528 = ORIENTED_EDGE ( 'NONE', *, *, #3027, .T. ) ;
#3529 = ORIENTED_EDGE ( 'NONE', *, *, #2022, .F. ) ;
#3530 = LINE ( 'NONE', #1188, #1190 ) ;
#3531 = ORIENTED_EDGE ( 'NONE', *, *, #1367, .T. ) ;
#3532 = CARTESIAN_POINT ( 'NONE',  ( 0.000000000000000000, 0.000000000000000000, -120.5000000000000000 ) ) ;
#3533 = ORIENTED_EDGE ( 'NONE', *, *, #1386, .T. ) ;
#3534 = LINE ( 'NONE', #3869, #577 ) ;
#3536 = AXIS2_PLACEMENT_3D ( 'NONE', #4360, #1670, #4052 ) ;
#3535 = FACE_OUTER_BOUND ( 'NONE', #1878, .T. ) ;
#3537 = CARTESIAN_POINT ( 'NONE',  ( 70.25000000000014211, 10.00000000000000000, -121.6765692317135432 ) ) ;
#3538 = CARTESIAN_POINT ( 'NONE',  ( 42.05798217515755510, 54.98530029091854487, -112.9220565086088186 ) ) ;
#3539 = ORIENTED_EDGE ( 'NONE', *, *, #2556, .F. ) ;
#3540 = DIRECTION ( 'NONE',  ( -0.000000000000000000, -1.000000000000000000, -0.000000000000000000 ) ) ;
#3541 = CIRCLE ( 'NONE', #3114, 195.5000000000000284 ) ;
#3542 = DIRECTION ( 'NONE',  ( 0.000000000000000000, -1.000000000000000000, 0.000000000000000000 ) ) ;
#3543 = EDGE_CURVE ( 'NONE', #1692, #1936, #914, .T. ) ;
#3544 = EDGE_LOOP ( 'NONE', ( #4344, #1517, #1697, #4312 ) ) ;
#3545 = CARTESIAN_POINT ( 'NONE',  ( -18.50000000000002132, 0.000000000000000000, -146.7500000000000284 ) ) ;
#3546 = ORIENTED_EDGE ( 'NONE', *, *, #3631, .T. ) ;
#3547 = VERTEX_POINT ( 'NONE', #2603 ) ;
#3548 = DIRECTION ( 'NONE',  ( 0.000000000000000000, -1.000000000000000000, 0.000000000000000000 ) ) ;
#3549 =( NAMED_UNIT ( * ) SI_UNIT ( $, .STERADIAN. ) SOLID_ANGLE_UNIT ( ) );
#3550 = EDGE_CURVE ( 'NONE', #4215, #1454, #186, .T. ) ;
#3551 = COLOUR_RGB ( '',0.7921568627450980005, 0.8196078431372548767, 0.9333333333333333481 ) ;
#3552 = ADVANCED_FACE ( 'NONE', ( #208 ), #3841, .F. ) ;
#3553 = EDGE_CURVE ( 'NONE', #3253, #4229, #4320, .T. ) ;
#3554 = ORIENTED_EDGE ( 'NONE', *, *, #1732, .F. ) ;
#3555 = CARTESIAN_POINT ( 'NONE',  ( 40.14954838551813765, 72.00000000000000000, -181.1029093207476990 ) ) ;
#3556 = DIRECTION ( 'NONE',  ( 0.000000000000000000, 0.000000000000000000, -1.000000000000000000 ) ) ;
#3557 = DIRECTION ( 'NONE',  ( 0.000000000000000000, 0.000000000000000000, -1.000000000000000000 ) ) ;
#3558 = CARTESIAN_POINT ( 'NONE',  ( -22.25471577351893515, 72.00000000000000000, -169.0413488642346920 ) ) ;
#3559 = VERTEX_POINT ( 'NONE', #1274 ) ;
#3560 = LINE ( 'NONE', #238, #2142 ) ;
#3561 = DIRECTION ( 'NONE',  ( -0.000000000000000000, -1.000000000000000000, 0.000000000000000000 ) ) ;
#3562 = CYLINDRICAL_SURFACE ( 'NONE', #3725, 1.700000000000007061 ) ;
#3563 = VERTEX_POINT ( 'NONE', #2316 ) ;
#3564 = EDGE_CURVE ( 'NONE', #3921, #589, #3993, .T. ) ;
#3565 = CARTESIAN_POINT ( 'NONE',  ( -42.05539157910111214, 22.98178983007328569, -112.9230212707291940 ) ) ;
#3566 = ORIENTED_EDGE ( 'NONE', *, *, #1260, .T. ) ;
#3567 = VECTOR ( 'NONE', #3287, 1000.000000000000227 ) ;
#3568 = ORIENTED_EDGE ( 'NONE', *, *, #1076, .F. ) ;
#3569 = CARTESIAN_POINT ( 'NONE',  ( -18.50000000000002132, 5.000000000000000000, -146.7500000000000284 ) ) ;
#3570 = CARTESIAN_POINT ( 'NONE',  ( 42.67475290414929390, 57.43474141913096531, -112.6903601435696487 ) ) ;
#3571 = ADVANCED_FACE ( 'NONE', ( #1919 ), #3953, .T. ) ;
#3572 = ORIENTED_EDGE ( 'NONE', *, *, #1426, .T. ) ;
#3573 = CARTESIAN_POINT ( 'NONE',  ( -14.99999999999999645, 5.000000000000000000, -165.5000000000000284 ) ) ;
#3574 = CARTESIAN_POINT ( 'NONE',  ( -97.75000000000027001, 10.00000000000000000, -169.3079664398576654 ) ) ;
#3575 = CARTESIAN_POINT ( 'NONE',  ( 15.00000000000000355, 5.025000000000002132, -163.8000000000000398 ) ) ;
#3576 = DIRECTION ( 'NONE',  ( 0.000000000000000000, -1.000000000000000000, 0.000000000000000000 ) ) ;
#3577 = VERTEX_POINT ( 'NONE', #1629 ) ;
#3578 = DIRECTION ( 'NONE',  ( -0.000000000000000000, -1.000000000000000000, -0.000000000000000000 ) ) ;
#3579 = CYLINDRICAL_SURFACE ( 'NONE', #691, 12.50000000000001066 ) ;
#3580 = CARTESIAN_POINT ( 'NONE',  ( 0.000000000000000000, 72.00000000000000000, 0.000000000000000000 ) ) ;
#3581 = VECTOR ( 'NONE', #1725, 1000.000000000000000 ) ;
#3582 = EDGE_LOOP ( 'NONE', ( #2074, #2176, #26, #3094 ) ) ;
#3583 = VECTOR ( 'NONE', #882, 1000.000000000000000 ) ;
#3584 = AXIS2_PLACEMENT_3D ( 'NONE', #13, #1765, #2429 ) ;
#3585 = AXIS2_PLACEMENT_3D ( 'NONE', #1804, #1111, #2464 ) ;
#3586 = DIRECTION ( 'NONE',  ( -0.000000000000000000, 1.000000000000000000, -0.000000000000000000 ) ) ;
#3587 = ORIENTED_EDGE ( 'NONE', *, *, #2022, .T. ) ;
#3588 = ORIENTED_EDGE ( 'NONE', *, *, #1334, .T. ) ;
#3589 = EDGE_CURVE ( 'NONE', #1022, #2619, #1290, .T. ) ;
#3590 = CARTESIAN_POINT ( 'NONE',  ( -14.99999999999999645, 5.000000000000000000, -163.7750000000000341 ) ) ;
#3591 = CARTESIAN_POINT ( 'NONE',  ( -30.40976575830357476, 10.00000000000000000, -137.1695890003506122 ) ) ;
#3592 = ORIENTED_EDGE ( 'NONE', *, *, #1545, .F. ) ;
#3593 = EDGE_CURVE ( 'NONE', #1914, #1839, #835, .T. ) ;
#3594 = DIRECTION ( 'NONE',  ( 0.000000000000000000, 0.000000000000000000, -1.000000000000000000 ) ) ;
#3595 = FACE_OUTER_BOUND ( 'NONE', #31, .T. ) ;
#3596 = DIRECTION ( 'NONE',  ( 0.000000000000000000, 0.000000000000000000, 1.000000000000000000 ) ) ;
#3597 = CARTESIAN_POINT ( 'NONE',  ( -40.39269747206019190, 28.19410615076036564, -113.5285226117342035 ) ) ;
#3598 = AXIS2_PLACEMENT_3D ( 'NONE', #3438, #2099, #2478 ) ;
#3599 = CIRCLE ( 'NONE', #595, 10.00000000000001066 ) ;
#3600 = DIRECTION ( 'NONE',  ( 0.000000000000000000, 0.000000000000000000, -1.000000000000000000 ) ) ;
#3601 = DIRECTION ( 'NONE',  ( -1.665334536937725739E-15, 0.000000000000000000, -1.000000000000000000 ) ) ;
#3602 = CYLINDRICAL_SURFACE ( 'NONE', #4084, 2.749999999999974687 ) ;
#3603 = EDGE_CURVE ( 'NONE', #3786, #3409, #3898, .T. ) ;
#3604 = ORIENTED_EDGE ( 'NONE', *, *, #499, .T. ) ;
#3605 = EDGE_CURVE ( 'NONE', #1144, #2534, #2053, .T. ) ;
#3606 = ORIENTED_EDGE ( 'NONE', *, *, #2441, .F. ) ;
#3607 = AXIS2_PLACEMENT_3D ( 'NONE', #824, #845, #2208 ) ;
#3608 = EDGE_CURVE ( 'NONE', #3657, #3788, #1685, .T. ) ;
#3609 = DIRECTION ( 'NONE',  ( 0.000000000000000000, -1.000000000000000000, 0.000000000000000000 ) ) ;
#3610 = ORIENTED_EDGE ( 'NONE', *, *, #2025, .T. ) ;
#3611 = AXIS2_PLACEMENT_3D ( 'NONE', #3031, #2424, #4056 ) ;
#3612 = ORIENTED_EDGE ( 'NONE', *, *, #3344, .T. ) ;
#3613 = AXIS2_PLACEMENT_3D ( 'NONE', #1090, #3099, #2071 ) ;
#3614 = CARTESIAN_POINT ( 'NONE',  ( 52.39463284441546875, 0.000000000000000000, -157.0996111077022022 ) ) ;
#3615 = LINE ( 'NONE', #3591, #4046 ) ;
#3616 = ORIENTED_EDGE ( 'NONE', *, *, #2650, .T. ) ;
#3617 = FACE_OUTER_BOUND ( 'NONE', #3325, .T. ) ;
#3618 = CARTESIAN_POINT ( 'NONE',  ( 52.39463284441546875, 81.99999999999998579, -154.3496111077022306 ) ) ;
#3619 = DIRECTION ( 'NONE',  ( -0.000000000000000000, -1.000000000000000000, -0.000000000000000000 ) ) ;
#3620 = FACE_BOUND ( 'NONE', #2837, .T. ) ;
#3621 = VECTOR ( 'NONE', #1587, 1000.000000000000000 ) ;
#3622 = CARTESIAN_POINT ( 'NONE',  ( 36.90295417644658471, 10.00000000000000000, -166.4584692139487174 ) ) ;
#3623 = CARTESIAN_POINT ( 'NONE',  ( -42.69510015324296148, 25.00000000000000355, -112.6826447280349868 ) ) ;
#3624 = AXIS2_PLACEMENT_3D ( 'NONE', #3682, #4348, #939 ) ;
#3625 = DIRECTION ( 'NONE',  ( -0.000000000000000000, 1.000000000000000000, -0.000000000000000000 ) ) ;
#3626 = EDGE_LOOP ( 'NONE', ( #4173, #802 ) ) ;
#3627 = ORIENTED_EDGE ( 'NONE', *, *, #1717, .T. ) ;
#3628 = ADVANCED_FACE ( 'NONE', ( #635 ), #2405, .F. ) ;
#3629 = CARTESIAN_POINT ( 'NONE',  ( 15.00000000000000355, 5.000000000000000000, -163.8000000000000398 ) ) ;
#3630 = ORIENTED_EDGE ( 'NONE', *, *, #1794, .T. ) ;
#3631 = EDGE_CURVE ( 'NONE', #3577, #3079, #3322, .T. ) ;
#3632 = ORIENTED_EDGE ( 'NONE', *, *, #3152, .F. ) ;
#3633 = CIRCLE ( 'NONE', #923, 170.5000000000000284 ) ;
#3634 = CARTESIAN_POINT ( 'NONE',  ( 52.39463284441546875, 0.000000000000000000, -154.3496111077022306 ) ) ;
#3635 = CARTESIAN_POINT ( 'NONE',  ( -14.99999999999999645, 5.000000000000000000, -148.7750000000000057 ) ) ;
#3636 = ORIENTED_EDGE ( 'NONE', *, *, #4147, .T. ) ;
#3637 = DIRECTION ( 'NONE',  ( 0.000000000000000000, 1.000000000000000000, 0.000000000000000000 ) ) ;
#3638 = EDGE_CURVE ( 'NONE', #1144, #2576, #2110, .T. ) ;
#3639 = CARTESIAN_POINT ( 'NONE',  ( -45.02648131759489303, 10.00000000000000178, -164.4471525449932869 ) ) ;
#3640 = LINE ( 'NONE', #4063, #2505 ) ;
#3641 = DIRECTION ( 'NONE',  ( -0.4226182617407002184, 0.000000000000000000, 0.9063077870366494926 ) ) ;
#3642 = CARTESIAN_POINT ( 'NONE',  ( -82.26800380112067046, 0.000000000000000000, -182.7106208519846007 ) ) ;
#3643 = CARTESIAN_POINT ( 'NONE',  ( -14.99999999999999645, 5.000000000000000000, -150.5000000000000284 ) ) ;
#3644 = CIRCLE ( 'NONE', #568, 12.50000000000006750 ) ;
#3645 = LINE ( 'NONE', #2283, #580 ) ;
#3646 = CARTESIAN_POINT ( 'NONE',  ( 97.75000000000022737, 81.99999999999998579, -169.3079664398576654 ) ) ;
#3647 = VERTEX_POINT ( 'NONE', #1378 ) ;
#3648 = ORIENTED_EDGE ( 'NONE', *, *, #2701, .F. ) ;
#3649 = DIRECTION ( 'NONE',  ( -0.000000000000000000, -1.000000000000000000, -0.000000000000000000 ) ) ;
#3650 = ORIENTED_EDGE ( 'NONE', *, *, #3901, .F. ) ;
#3651 = ORIENTED_EDGE ( 'NONE', *, *, #2573, .F. ) ;
#3652 = AXIS2_PLACEMENT_3D ( 'NONE', #666, #2608, #3681 ) ;
#3653 = CARTESIAN_POINT ( 'NONE',  ( -64.38717422483075836, 76.99999999999998579, -157.8750828830861508 ) ) ;
#3654 = AXIS2_PLACEMENT_3D ( 'NONE', #2192, #3958, #3641 ) ;
#3655 = VECTOR ( 'NONE', #2504, 1000.000000000000114 ) ;
#3656 = LINE ( 'NONE', #3239, #3126 ) ;
#3657 = VERTEX_POINT ( 'NONE', #3032 ) ;
#3658 = VERTEX_POINT ( 'NONE', #2739 ) ;
#3659 = DIRECTION ( 'NONE',  ( -0.000000000000000000, -1.000000000000000000, -0.000000000000000000 ) ) ;
#3660 = DIRECTION ( 'NONE',  ( 0.1305261922200517122, 0.000000000000000000, -0.9914448613738103822 ) ) ;
#3661 = LINE ( 'NONE', #940, #4231 ) ;
#3662 = CARTESIAN_POINT ( 'NONE',  ( -41.36586667811316431, 28.19489475603267081, -123.7705929244912255 ) ) ;
#3663 = DIRECTION ( 'NONE',  ( 1.000000000000000000, 0.000000000000000000, 0.000000000000000000 ) ) ;
#3664 = DIRECTION ( 'NONE',  ( 0.000000000000000000, -1.000000000000000000, 0.000000000000000000 ) ) ;
#3665 = AXIS2_PLACEMENT_3D ( 'NONE', #1461, #2815, #762 ) ;
#3666 = LINE ( 'NONE', #1707, #508 ) ;
#3667 = DIRECTION ( 'NONE',  ( -0.000000000000000000, -1.000000000000000000, -0.000000000000000000 ) ) ;
#3668 = EDGE_LOOP ( 'NONE', ( #4294, #2740, #877, #804 ) ) ;
#3669 = ORIENTED_EDGE ( 'NONE', *, *, #191, .F. ) ;
#3670 = EDGE_CURVE ( 'NONE', #865, #3335, #2340, .T. ) ;
#3671 = LINE ( 'NONE', #930, #1987 ) ;
#3672 = ORIENTED_EDGE ( 'NONE', *, *, #281, .T. ) ;
#3673 = VECTOR ( 'NONE', #2804, 1000.000000000000000 ) ;
#3674 = ORIENTED_EDGE ( 'NONE', *, *, #4389, .F. ) ;
#3675 = DIRECTION ( 'NONE',  ( 0.000000000000000000, 1.000000000000000000, -0.000000000000000000 ) ) ;
#3676 = CARTESIAN_POINT ( 'NONE',  ( 18.49999999999997868, 5.000000000000000000, -146.7500000000000284 ) ) ;
#3677 = AXIS2_PLACEMENT_3D ( 'NONE', #1855, #500, #888 ) ;
#3678 = ADVANCED_FACE ( 'NONE', ( #2362 ), #2030, .T. ) ;
#3679 = ORIENTED_EDGE ( 'NONE', *, *, #1801, .F. ) ;
#3680 = EDGE_LOOP ( 'NONE', ( #1604, #560, #2854, #4139 ) ) ;
#3681 = DIRECTION ( 'NONE',  ( 0.000000000000000000, 0.000000000000000000, -1.000000000000000000 ) ) ;
#3682 = CARTESIAN_POINT ( 'NONE',  ( -30.40976575830357476, 10.00000000000000000, -137.1695890003506122 ) ) ;
#3683 = DIRECTION ( 'NONE',  ( 8.659560562354782482E-17, -0.7071067811865597852, 0.7071067811865352493 ) ) ;
#3684 = ADVANCED_FACE ( 'NONE', ( #730, #391 ), #3124, .F. ) ;
#3685 = CARTESIAN_POINT ( 'NONE',  ( -40.10288925456654852, 27.48584709296963879, -124.1854722049433377 ) ) ;
#3686 = DIRECTION ( 'NONE',  ( 0.000000000000000000, 0.000000000000000000, 1.000000000000000000 ) ) ;
#3687 = LINE ( 'NONE', #2373, #1875 ) ;
#3688 = DIRECTION ( 'NONE',  ( 0.000000000000000000, -1.000000000000000000, 0.000000000000000000 ) ) ;
#3689 = ORIENTED_EDGE ( 'NONE', *, *, #1323, .F. ) ;
#3690 = B_SPLINE_CURVE_WITH_KNOTS ( 'NONE', 3,
 ( #341, #3360, #4, #2735, #1040, #1372, #1331, #314, #2685, #291, #3024, #998, #1351, #1647, #975, #3741, #679, #3052, #3428, #724, #2401, #4076, #1064, #2358, #3718, #653, #2024, #2755, #3386, #3097, #1691, #4406, #703, #2069 ),
 .UNSPECIFIED., .F., .F.,
 ( 4, 2, 2, 2, 2, 2, 2, 2, 2, 2, 2, 2, 2, 2, 2, 2, 4 ),
 ( 6.938893903907227607E-18, 0.0006456036802710467606, 0.001291207360542086582, 0.001936811040813126404, 0.002582414721084166226, 0.003228018401355206048, 0.003873622081626245869, 0.004519225761897285691, 0.005164829442168325513, 0.005810433122439365335, 0.006456036802710405156, 0.007101640482981444978, 0.007747244163252484800, 0.008392847843523523754, 0.009038451523794564443, 0.009684055204065605132, 0.01032965888433664409 ),
 .UNSPECIFIED. ) ;
#3691 = EDGE_CURVE ( 'NONE', #4049, #2290, #681, .T. ) ;
#3692 = VERTEX_POINT ( 'NONE', #3380 ) ;
#3693 = CIRCLE ( 'NONE', #3336, 195.5000000000000284 ) ;
#3694 = DIRECTION ( 'NONE',  ( -0.000000000000000000, -1.000000000000000000, -0.000000000000000000 ) ) ;
#3695 = EDGE_LOOP ( 'NONE', ( #1063, #2709, #324, #1802 ) ) ;
#3696 = CARTESIAN_POINT ( 'NONE',  ( 52.39463284441546875, 0.000000000000000000, -154.3496111077022306 ) ) ;
#3697 = ADVANCED_FACE ( 'NONE', ( #65 ), #2039, .T. ) ;
#3698 = ORIENTED_EDGE ( 'NONE', *, *, #3973, .F. ) ;
#3699 = AXIS2_PLACEMENT_3D ( 'NONE', #3948, #3338, #2244 ) ;
#3700 = CARTESIAN_POINT ( 'NONE',  ( -60.25000000000015632, 0.000000000000000000, -104.3560611560247793 ) ) ;
#3701 = DIRECTION ( 'NONE',  ( 0.000000000000000000, 0.000000000000000000, -1.000000000000000000 ) ) ;
#3702 = DIRECTION ( 'NONE',  ( -0.000000000000000000, 1.000000000000000000, -0.000000000000000000 ) ) ;
#3703 = ORIENTED_EDGE ( 'NONE', *, *, #3370, .T. ) ;
#3704 = ORIENTED_EDGE ( 'NONE', *, *, #1879, .T. ) ;
#3705 = FACE_BOUND ( 'NONE', #142, .T. ) ;
#3706 = LINE ( 'NONE', #4062, #52 ) ;
#3707 = CARTESIAN_POINT ( 'NONE',  ( -45.02648131759499961, 5.000000000000004441, -164.4471525449933722 ) ) ;
#3708 = EDGE_CURVE ( 'NONE', #1742, #462, #1683, .T. ) ;
#3709 = DIRECTION ( 'NONE',  ( -0.000000000000000000, -1.000000000000000000, -0.000000000000000000 ) ) ;
#3710 = VECTOR ( 'NONE', #4408, 1000.000000000000000 ) ;
#3711 = AXIS2_PLACEMENT_3D ( 'NONE', #3020, #3688, #4353 ) ;
#3712 = VECTOR ( 'NONE', #3694, 1000.000000000000000 ) ;
#3713 = DIRECTION ( 'NONE',  ( 0.000000000000000000, 1.000000000000000000, -0.000000000000000000 ) ) ;
#3714 = LINE ( 'NONE', #647, #1596 ) ;
#3715 = ORIENTED_EDGE ( 'NONE', *, *, #1732, .T. ) ;
#3716 = ORIENTED_EDGE ( 'NONE', *, *, #1923, .F. ) ;
#3717 = EDGE_LOOP ( 'NONE', ( #2328, #3494 ) ) ;
#3718 = CARTESIAN_POINT ( 'NONE',  ( 44.23741762523174259, 54.51134344833695167, -122.7734693479948334 ) ) ;
#3719 = VERTEX_POINT ( 'NONE', #1706 ) ;
#3720 = CYLINDRICAL_SURFACE ( 'NONE', #2606, 170.5000000000000284 ) ;
#3721 = CARTESIAN_POINT ( 'NONE',  ( -59.37786577456848391, 72.00000000000000000, -127.3362440786491874 ) ) ;
#3722 = CARTESIAN_POINT ( 'NONE',  ( -39.81282048687616992, 22.81815288081439164, -124.2787720571271564 ) ) ;
#3723 = VECTOR ( 'NONE', #3659, 1000.000000000000000 ) ;
#3724 = EDGE_LOOP ( 'NONE', ( #3505, #3814, #171, #1006 ) ) ;
#3725 = AXIS2_PLACEMENT_3D ( 'NONE', #2549, #3964, #3942 ) ;
#3726 = VERTEX_POINT ( 'NONE', #2458 ) ;
#3727 = VECTOR ( 'NONE', #1458, 1000.000000000000000 ) ;
#3728 = CARTESIAN_POINT ( 'NONE',  ( 44.98109965082303319, 58.46166913884962923, -122.5028877373135003 ) ) ;
#3729 = DIRECTION ( 'NONE',  ( 0.000000000000000000, 1.000000000000000000, 0.000000000000000000 ) ) ;
#3730 = DIRECTION ( 'NONE',  ( -0.000000000000000000, -1.000000000000000000, -0.000000000000000000 ) ) ;
#3731 = EDGE_CURVE ( 'NONE', #4059, #2290, #2433, .T. ) ;
#3732 = CARTESIAN_POINT ( 'NONE',  ( -41.96940149378207963, 28.29995541768187195, -123.5672563152995451 ) ) ;
#3733 = CIRCLE ( 'NONE', #4299, 1.700000000000007061 ) ;
#3734 = CARTESIAN_POINT ( 'NONE',  ( 0.000000000000000000, 81.99999999999998579, 0.000000000000000000 ) ) ;
#3735 = CARTESIAN_POINT ( 'NONE',  ( 24.21260865681960439, 72.00000000000000000, -183.9130217848419022 ) ) ;
#3736 = DIRECTION ( 'NONE',  ( 8.659560562354782482E-17, -0.7071067811865597852, 0.7071067811865352493 ) ) ;
#3737 = VERTEX_POINT ( 'NONE', #3800 ) ;
#3738 = ORIENTED_EDGE ( 'NONE', *, *, #1768, .F. ) ;
#3739 = EDGE_CURVE ( 'NONE', #248, #1267, #1105, .T. ) ;
#3740 = VERTEX_POINT ( 'NONE', #672 ) ;
#3741 = CARTESIAN_POINT ( 'NONE',  ( 41.77004347420055552, 53.72070852741345703, -123.6347804636745309 ) ) ;
#3742 = EDGE_LOOP ( 'NONE', ( #1977, #3000, #3651, #550, #1027, #2899 ) ) ;
#3743 = APPLICATION_CONTEXT ( 'automotive_design' ) ;
#3744 = EDGE_CURVE ( 'NONE', #663, #843, #1259, .T. ) ;
#3745 = CARTESIAN_POINT ( 'NONE',  ( -97.75000000000027001, 81.99999999999998579, -169.3079664398576369 ) ) ;
#3746 = AXIS2_PLACEMENT_3D ( 'NONE', #1019, #4030, #1396 ) ;
#3747 = CARTESIAN_POINT ( 'NONE',  ( 20.29682289021804920, 72.00000000000000000, -154.1696759436275670 ) ) ;
#3748 = DIRECTION ( 'NONE',  ( 0.000000000000000000, 0.000000000000000000, -1.000000000000000000 ) ) ;
#3749 = VERTEX_POINT ( 'NONE', #4422 ) ;
#3750 = CARTESIAN_POINT ( 'NONE',  ( 39.03543664284581638, 57.43649740295803952, -124.5250363826583282 ) ) ;
#3751 = VECTOR ( 'NONE', #3046, 1000.000000000000000 ) ;
#3752 = LINE ( 'NONE', #2009, #4253 ) ;
#3753 = CARTESIAN_POINT ( 'NONE',  ( -87.31076074146447752, 0.000000000000000000, -181.5207810645830193 ) ) ;
#3754 = CARTESIAN_POINT ( 'NONE',  ( -43.56007933365441431, 27.96677138424272613, -123.0154853883423556 ) ) ;
#3755 = AXIS2_PLACEMENT_3D ( 'NONE', #2965, #546, #2689 ) ;
#3756 = DIRECTION ( 'NONE',  ( -2.775557561562888984E-15, 0.000000000000000000, 1.000000000000000000 ) ) ;
#3757 = DIRECTION ( 'NONE',  ( 0.000000000000000000, 0.000000000000000000, -1.000000000000000000 ) ) ;
#3758 = CARTESIAN_POINT ( 'NONE',  ( -52.39463284441555402, 81.99999999999998579, -157.0996111077021453 ) ) ;
#3759 = DIRECTION ( 'NONE',  ( 0.000000000000000000, 0.000000000000000000, 1.000000000000000000 ) ) ;
#3760 = ORIENTED_EDGE ( 'NONE', *, *, #3518, .F. ) ;
#3761 = CIRCLE ( 'NONE', #2762, 140.5000000000000000 ) ;
#3762 = ORIENTED_EDGE ( 'NONE', *, *, #987, .T. ) ;
#3763 = DIRECTION ( 'NONE',  ( 0.000000000000000000, 0.000000000000000000, 1.000000000000000000 ) ) ;
#3764 = EDGE_CURVE ( 'NONE', #1231, #429, #3779, .T. ) ;
#3765 = ORIENTED_EDGE ( 'NONE', *, *, #2386, .F. ) ;
#3766 = CIRCLE ( 'NONE', #260, 1.700000000000007061 ) ;
#3767 = AXIS2_PLACEMENT_3D ( 'NONE', #1495, #99, #2857 ) ;
#3768 = EDGE_CURVE ( 'NONE', #181, #4003, #4093, .T. ) ;
#3769 = DIRECTION ( 'NONE',  ( 0.000000000000000000, 0.000000000000000000, -1.000000000000000000 ) ) ;
#3770 = FACE_OUTER_BOUND ( 'NONE', #1954, .T. ) ;
#3771 = CARTESIAN_POINT ( 'NONE',  ( -44.97976327097796911, 23.53525367521735134, -122.5033788676853987 ) ) ;
#3772 = ORIENTED_EDGE ( 'NONE', *, *, #3227, .T. ) ;
#3773 = DIRECTION ( 'NONE',  ( 0.000000000000000000, 0.000000000000000000, -1.000000000000000000 ) ) ;
#3774 = DIRECTION ( 'NONE',  ( 0.000000000000000000, 0.000000000000000000, -1.000000000000000000 ) ) ;
#3775 = DIRECTION ( 'NONE',  ( 1.776356839400250465E-15, 0.000000000000000000, -1.000000000000000000 ) ) ;
#3776 = AXIS2_PLACEMENT_3D ( 'NONE', #1973, #336, #3403 ) ;
#3777 = EDGE_CURVE ( 'NONE', #1126, #3939, #1325, .T. ) ;
#3778 = DIRECTION ( 'NONE',  ( -0.000000000000000000, 1.000000000000000000, -0.000000000000000000 ) ) ;
#3779 = LINE ( 'NONE', #740, #2967 ) ;
#3780 = LINE ( 'NONE', #717, #1998 ) ;
#3781 = CARTESIAN_POINT ( 'NONE',  ( -72.05641362678954920, 10.00000000000000000, -154.5254776897487261 ) ) ;
#3782 = CARTESIAN_POINT ( 'NONE',  ( 0.000000000000000000, 72.00000000000000000, 0.000000000000000000 ) ) ;
#3783 = EDGE_CURVE ( 'NONE', #2242, #3884, #2253, .T. ) ;
#3784 = VERTEX_POINT ( 'NONE', #694 ) ;
#3785 = DIRECTION ( 'NONE',  ( 0.9762960071199330292, 0.000000000000000000, -0.2164396139381042916 ) ) ;
#3786 = VERTEX_POINT ( 'NONE', #1771 ) ;
#3787 = CARTESIAN_POINT ( 'NONE',  ( 0.000000000000000000, 10.00000000000000000, 0.000000000000000000 ) ) ;
#3788 = VERTEX_POINT ( 'NONE', #2062 ) ;
#3789 = FACE_BOUND ( 'NONE', #3324, .T. ) ;
#3790 = LINE ( 'NONE', #1715, #2469 ) ;
#3791 = CARTESIAN_POINT ( 'NONE',  ( -45.19602742454568300, 24.14483445150277419, -122.4237349739995437 ) ) ;
#3792 = ORIENTED_EDGE ( 'NONE', *, *, #1195, .T. ) ;
#3793 = EDGE_LOOP ( 'NONE', ( #254, #3405, #1313, #2893 ) ) ;
#3794 = DIRECTION ( 'NONE',  ( 0.000000000000000000, 0.000000000000000000, -1.000000000000000000 ) ) ;
#3795 = DIRECTION ( 'NONE',  ( 0.000000000000000000, 0.000000000000000000, -1.000000000000000000 ) ) ;
#3796 = AXIS2_PLACEMENT_3D ( 'NONE', #2319, #1634, #3373 ) ;
#3797 = CARTESIAN_POINT ( 'NONE',  ( 30.40976575830350015, 72.00000000000000000, -137.1695890003506406 ) ) ;
#3798 = CIRCLE ( 'NONE', #874, 170.5000000000000284 ) ;
#3799 = CARTESIAN_POINT ( 'NONE',  ( -52.39463284441563218, 10.00000000000000178, -166.8496111077022306 ) ) ;
#3800 = CARTESIAN_POINT ( 'NONE',  ( -87.55309498550312242, 0.000000000000000000, -180.7870049754867523 ) ) ;
#3801 = DIRECTION ( 'NONE',  ( 0.000000000000000000, -1.000000000000000000, 0.000000000000000000 ) ) ;
#3802 = CARTESIAN_POINT ( 'NONE',  ( 42.69510015324293306, 56.99999999999999289, -112.6826447280350010 ) ) ;
#3803 = CARTESIAN_POINT ( 'NONE',  ( -14.99999999999999645, 5.000000000000000000, -163.8000000000000398 ) ) ;
#3804 = ORIENTED_EDGE ( 'NONE', *, *, #2332, .F. ) ;
#3805 = CARTESIAN_POINT ( 'NONE',  ( -36.44477503485190084, 25.00000000000000000, -114.8565556364068954 ) ) ;
#3806 = VERTEX_POINT ( 'NONE', #3135 ) ;
#3807 = DIRECTION ( 'NONE',  ( 0.000000000000000000, 0.000000000000000000, 1.000000000000000000 ) ) ;
#3808 = ORIENTED_EDGE ( 'NONE', *, *, #1498, .T. ) ;
#3809 = FACE_OUTER_BOUND ( 'NONE', #5, .T. ) ;
#3810 = EDGE_CURVE ( 'NONE', #2959, #1562, #4069, .T. ) ;
#3811 = CARTESIAN_POINT ( 'NONE',  ( -38.77293306358251357, 21.80498512114858656, -114.0918677258057272 ) ) ;
#3812 = ORIENTED_EDGE ( 'NONE', *, *, #3460, .F. ) ;
#3813 = VECTOR ( 'NONE', #4416, 1000.000000000000000 ) ;
#3814 = ORIENTED_EDGE ( 'NONE', *, *, #3605, .T. ) ;
#3815 = AXIS2_PLACEMENT_3D ( 'NONE', #3119, #2780, #3143 ) ;
#3816 = ORIENTED_EDGE ( 'NONE', *, *, #699, .T. ) ;
#3817 = DIRECTION ( 'NONE',  ( -0.9659258262890674240, 0.000000000000000000, 0.2588190451025242922 ) ) ;
#3818 = DIRECTION ( 'NONE',  ( -0.000000000000000000, -1.000000000000000000, -0.000000000000000000 ) ) ;
#3819 = CARTESIAN_POINT ( 'NONE',  ( 0.000000000000000000, 81.99999999999998579, -195.5000000000000284 ) ) ;
#3820 = ADVANCED_FACE ( 'NONE', ( #1726 ), #4399, .F. ) ;
#3821 = AXIS2_PLACEMENT_3D ( 'NONE', #366, #2692, #1026 ) ;
#3823 = EDGE_CURVE ( 'NONE', #3392, #242, #18, .T. ) ;
#3822 = DIRECTION ( 'NONE',  ( -0.000000000000000000, 1.000000000000000000, -0.000000000000000000 ) ) ;
#3824 = DIRECTION ( 'NONE',  ( -0.000000000000000000, 1.000000000000000000, -0.000000000000000000 ) ) ;
#3825 = EDGE_CURVE ( 'NONE', #2619, #589, #716, .T. ) ;
#3826 = DIRECTION ( 'NONE',  ( 0.000000000000000000, 0.000000000000000000, 1.000000000000000000 ) ) ;
#3827 = CONICAL_SURFACE ( 'NONE', #2254, 1.725000000000004308, 0.7853981633974309595 ) ;
#3828 = CARTESIAN_POINT ( 'NONE',  ( -30.40976575830357476, 0.000000000000000000, -137.1695890003506122 ) ) ;
#3829 = VECTOR ( 'NONE', #1737, 1000.000000000000000 ) ;
#3830 = CARTESIAN_POINT ( 'NONE',  ( 52.39463284441546875, 81.99999999999998579, -154.3496111077022306 ) ) ;
#3831 = ORIENTED_EDGE ( 'NONE', *, *, #2883, .T. ) ;
#3832 = FACE_OUTER_BOUND ( 'NONE', #3793, .T. ) ;
#3833 = VERTEX_POINT ( 'NONE', #2703 ) ;
#3834 = CARTESIAN_POINT ( 'NONE',  ( -52.39463284441563218, 0.000000000000000000, -166.8496111077022306 ) ) ;
#3835 = EDGE_CURVE ( 'NONE', #757, #2757, #376, .T. ) ;
#3836 = ORIENTED_EDGE ( 'NONE', *, *, #797, .F. ) ;
#3837 = ADVANCED_FACE ( 'NONE', ( #1412 ), #2773, .T. ) ;
#3838 = CARTESIAN_POINT ( 'NONE',  ( -36.86072909135702247, 23.34603820835947019, -114.7238044370713936 ) ) ;
#3839 = EDGE_CURVE ( 'NONE', #2757, #1126, #3530, .T. ) ;
#3840 = ORIENTED_EDGE ( 'NONE', *, *, #2717, .F. ) ;
#3841 = CONICAL_SURFACE ( 'NONE', #1628, 1.725000000000004308, 0.7853981633974309595 ) ;
#3842 = ORIENTED_EDGE ( 'NONE', *, *, #2510, .F. ) ;
#3843 = VECTOR ( 'NONE', #3851, 1000.000000000000114 ) ;
#3844 = ORIENTED_EDGE ( 'NONE', *, *, #2100, .T. ) ;
#3845 = DIRECTION ( 'NONE',  ( -0.000000000000000000, -1.000000000000000000, 0.000000000000000000 ) ) ;
#3846 = CARTESIAN_POINT ( 'NONE',  ( 0.000000000000000000, 10.00000000000000000, 0.000000000000000000 ) ) ;
#3847 = LINE ( 'NONE', #2146, #3248 ) ;
#3848 = EDGE_CURVE ( 'NONE', #3118, #1162, #3541, .T. ) ;
#3849 = ORIENTED_EDGE ( 'NONE', *, *, #2351, .T. ) ;
#3850 = FACE_OUTER_BOUND ( 'NONE', #230, .T. ) ;
#3851 = DIRECTION ( 'NONE',  ( 0.2588190451025244587, -0.000000000000000000, -0.9659258262890672020 ) ) ;
#3852 = DIRECTION ( 'NONE',  ( 0.000000000000000000, 0.000000000000000000, 1.000000000000000000 ) ) ;
#3853 = CARTESIAN_POINT ( 'NONE',  ( 42.67542785575462005, 56.57007522326942706, -112.6901045487240225 ) ) ;
#3854 = VECTOR ( 'NONE', #792, 999.9999999999998863 ) ;
#3855 = FACE_OUTER_BOUND ( 'NONE', #2624, .T. ) ;
#3856 = ORIENTED_EDGE ( 'NONE', *, *, #2770, .T. ) ;
#3857 = CARTESIAN_POINT ( 'NONE',  ( -33.65635996737514546, 10.00000000000000000, -151.8140291071496506 ) ) ;
#3858 = DIRECTION ( 'NONE',  ( 0.1305261922200515179, -0.000000000000000000, -0.9914448613738104932 ) ) ;
#3859 = VERTEX_POINT ( 'NONE', #3590 ) ;
#3860 = AXIS2_PLACEMENT_3D ( 'NONE', #413, #2760, #317 ) ;
#3861 = CARTESIAN_POINT ( 'NONE',  ( 0.000000000000000000, 20.00000000000000355, -130.5000000000000000 ) ) ;
#3862 = ORIENTED_EDGE ( 'NONE', *, *, #2194, .F. ) ;
#3863 = ORIENTED_EDGE ( 'NONE', *, *, #1879, .F. ) ;
#3864 = DIRECTION ( 'NONE',  ( 0.000000000000000000, 0.000000000000000000, -1.000000000000000000 ) ) ;
#3865 = ORIENTED_EDGE ( 'NONE', *, *, #1082, .T. ) ;
#3866 = CIRCLE ( 'NONE', #358, 1.700000000000007061 ) ;
#3867 = CARTESIAN_POINT ( 'NONE',  ( 42.59528490685436708, 57.85799830836594282, -112.7204218782981968 ) ) ;
#3868 = ORIENTED_EDGE ( 'NONE', *, *, #4321, .F. ) ;
#3869 = CARTESIAN_POINT ( 'NONE',  ( 60.25000000000011369, 10.00000000000000000, -104.3560611560247793 ) ) ;
#3870 = EDGE_CURVE ( 'NONE', #3833, #2168, #2185, .T. ) ;
#3871 = DIRECTION ( 'NONE',  ( 0.9063077870366491595, -0.000000000000000000, 0.4226182617407013287 ) ) ;
#3872 = LINE ( 'NONE', #2214, #2379 ) ;
#3873 = FACE_OUTER_BOUND ( 'NONE', #512, .T. ) ;
#3874 = AXIS2_PLACEMENT_3D ( 'NONE', #2746, #715, #693 ) ;
#3875 = ORIENTED_EDGE ( 'NONE', *, *, #3739, .F. ) ;
#3876 = CIRCLE ( 'NONE', #3369, 155.5000000000000284 ) ;
#3877 = CARTESIAN_POINT ( 'NONE',  ( 0.000000000000000000, 72.00000000000000000, 0.000000000000000000 ) ) ;
#3878 = FACE_OUTER_BOUND ( 'NONE', #1958, .T. ) ;
#3879 = ORIENTED_EDGE ( 'NONE', *, *, #2247, .F. ) ;
#3880 = CIRCLE ( 'NONE', #2949, 130.5000000000000000 ) ;
#3881 = EDGE_CURVE ( 'NONE', #2335, #3256, #2901, .T. ) ;
#3882 = LINE ( 'NONE', #3545, #3337 ) ;
#3883 = ORIENTED_EDGE ( 'NONE', *, *, #4096, .F. ) ;
#3884 = VERTEX_POINT ( 'NONE', #2925 ) ;
#3885 = ADVANCED_FACE ( 'NONE', ( #2187 ), #1480, .F. ) ;
#3886 = DIRECTION ( 'NONE',  ( -0.000000000000000000, -1.000000000000000000, -0.000000000000000000 ) ) ;
#3887 = CARTESIAN_POINT ( 'NONE',  ( 37.22324895772564446, 59.18384322745688308, -114.6067321771795946 ) ) ;
#3888 = VERTEX_POINT ( 'NONE', #103 ) ;
#3889 = DIRECTION ( 'NONE',  ( 0.000000000000000000, 0.000000000000000000, -1.000000000000000000 ) ) ;
#3891 = AXIS2_PLACEMENT_3D ( 'NONE', #269, #2001, #4099 ) ;
#3890 = FACE_OUTER_BOUND ( 'NONE', #3544, .T. ) ;
#3892 = DIRECTION ( 'NONE',  ( -0.000000000000000000, 1.000000000000000000, -0.000000000000000000 ) ) ;
#3893 = EDGE_CURVE ( 'NONE', #704, #563, #4032, .T. ) ;
#3894 = DIRECTION ( 'NONE',  ( 1.541976423090495880E-16, 0.000000000000000000, -1.000000000000000000 ) ) ;
#3895 = EDGE_LOOP ( 'NONE', ( #2777, #606, #4405, #3849 ) ) ;
#3896 = CYLINDRICAL_SURFACE ( 'NONE', #1788, 1.700000000000007061 ) ;
#3897 = CARTESIAN_POINT ( 'NONE',  ( -52.39463284441555402, 81.99999999999998579, -157.0996111077021453 ) ) ;
#3898 = CIRCLE ( 'NONE', #3821, 170.5000000000000284 ) ;
#3899 = DIRECTION ( 'NONE',  ( 0.000000000000000000, 0.000000000000000000, -1.000000000000000000 ) ) ;
#3900 = ORIENTED_EDGE ( 'NONE', *, *, #4233, .F. ) ;
#3901 = EDGE_CURVE ( 'NONE', #2168, #381, #393, .T. ) ;
#3902 = CYLINDRICAL_SURFACE ( 'NONE', #3767, 140.5000000000000000 ) ;
#3903 = ORIENTED_EDGE ( 'NONE', *, *, #4300, .T. ) ;
#3904 = ORIENTED_EDGE ( 'NONE', *, *, #3870, .T. ) ;
#3905 = DIRECTION ( 'NONE',  ( 0.000000000000000000, 0.000000000000000000, 1.000000000000000000 ) ) ;
#3906 = AXIS2_PLACEMENT_3D ( 'NONE', #2546, #3540, #3250 ) ;
#3907 = CIRCLE ( 'NONE', #1139, 195.5000000000000000 ) ;
#3908 = CIRCLE ( 'NONE', #2199, 1.000000000000000888 ) ;
#3909 = ORIENTED_EDGE ( 'NONE', *, *, #187, .T. ) ;
#3910 = DIRECTION ( 'NONE',  ( -0.000000000000000000, 1.000000000000000000, -0.000000000000000000 ) ) ;
#3911 = DIRECTION ( 'NONE',  ( 0.000000000000000000, 1.000000000000000000, 0.000000000000000000 ) ) ;
#3912 = DIRECTION ( 'NONE',  ( -0.000000000000000000, 1.000000000000000000, -0.000000000000000000 ) ) ;
#3913 = CARTESIAN_POINT ( 'NONE',  ( 0.000000000000000000, 10.00000000000000000, 0.000000000000000000 ) ) ;
#3914 = AXIS2_PLACEMENT_3D ( 'NONE', #3255, #1287, #1606 ) ;
#3915 = EDGE_CURVE ( 'NONE', #2576, #2736, #2536, .T. ) ;
#3916 = ORIENTED_EDGE ( 'NONE', *, *, #890, .F. ) ;
#3917 = DIRECTION ( 'NONE',  ( -0.4226182617407008291, -0.000000000000000000, 0.9063077870366492705 ) ) ;
#3918 = DIRECTION ( 'NONE',  ( 0.000000000000000000, 0.000000000000000000, 1.000000000000000000 ) ) ;
#3919 = CARTESIAN_POINT ( 'NONE',  ( 0.000000000000000000, 72.00000000000000000, 0.000000000000000000 ) ) ;
#3920 = EDGE_CURVE ( 'NONE', #3658, #2357, #2750, .T. ) ;
#3921 = VERTEX_POINT ( 'NONE', #3569 ) ;
#3922 = DIRECTION ( 'NONE',  ( -0.000000000000000000, -1.000000000000000000, -0.000000000000000000 ) ) ;
#3923 = ORIENTED_EDGE ( 'NONE', *, *, #1297, .T. ) ;
#3924 = AXIS2_PLACEMENT_3D ( 'NONE', #833, #2196, #3962 ) ;
#3925 = CIRCLE ( 'NONE', #69, 1.700000000000007061 ) ;
#3926 = ORIENTED_EDGE ( 'NONE', *, *, #3312, .F. ) ;
#3927 = EDGE_CURVE ( 'NONE', #1444, #2859, #2324, .T. ) ;
#3928 = VECTOR ( 'NONE', #1079, 1000.000000000000000 ) ;
#3929 = CARTESIAN_POINT ( 'NONE',  ( -97.75000000000027001, 72.00000000000000000, -169.3079664398576369 ) ) ;
#3930 = DIRECTION ( 'NONE',  ( 0.000000000000000000, 1.000000000000000000, -0.000000000000000000 ) ) ;
#3931 = ORIENTED_EDGE ( 'NONE', *, *, #3174, .T. ) ;
#3932 = DIRECTION ( 'NONE',  ( -0.000000000000000000, -1.000000000000000000, -0.000000000000000000 ) ) ;
#3933 = ADVANCED_FACE ( 'NONE', ( #524 ), #3217, .F. ) ;
#3934 = DIRECTION ( 'NONE',  ( 0.000000000000000000, 1.000000000000000000, 0.000000000000000000 ) ) ;
#3935 = LINE ( 'NONE', #2191, #1460 ) ;
#3936 = EDGE_CURVE ( 'NONE', #3986, #1206, #3198, .T. ) ;
#3937 = CARTESIAN_POINT ( 'NONE',  ( -42.59592549987373644, 25.85532746888598510, -112.7201797138881858 ) ) ;
#3938 = EDGE_CURVE ( 'NONE', #2256, #2317, #1812, .T. ) ;
#3939 = VERTEX_POINT ( 'NONE', #1208 ) ;
#3940 = DIRECTION ( 'NONE',  ( -0.000000000000000000, -1.000000000000000000, -0.000000000000000000 ) ) ;
#3941 = CARTESIAN_POINT ( 'NONE',  ( -20.29682289021814867, 72.00000000000000000, -154.1696759436275102 ) ) ;
#3942 = DIRECTION ( 'NONE',  ( 0.000000000000000000, 0.000000000000000000, -1.000000000000000000 ) ) ;
#3943 = CIRCLE ( 'NONE', #2437, 1.700000000000007061 ) ;
#3944 = ORIENTED_EDGE ( 'NONE', *, *, #296, .F. ) ;
#3945 = CIRCLE ( 'NONE', #221, 1.725000000000004308 ) ;
#3946 = ORIENTED_EDGE ( 'NONE', *, *, #3961, .T. ) ;
#3947 = CONICAL_SURFACE ( 'NONE', #3372, 1.725000000000004308, 0.7853981633974309595 ) ;
#3948 = CARTESIAN_POINT ( 'NONE',  ( 0.000000000000000000, 10.00000000000000000, 0.000000000000000000 ) ) ;
#3949 = EDGE_LOOP ( 'NONE', ( #3176, #2511 ) ) ;
#3950 = ORIENTED_EDGE ( 'NONE', *, *, #4022, .T. ) ;
#3951 = VECTOR ( 'NONE', #3183, 1000.000000000000000 ) ;
#3952 = CARTESIAN_POINT ( 'NONE',  ( 0.000000000000000000, 81.99999999999998579, 0.000000000000000000 ) ) ;
#3953 = CYLINDRICAL_SURFACE ( 'NONE', #334, 140.5000000000000000 ) ;
#3954 = ORIENTED_EDGE ( 'NONE', *, *, #3920, .F. ) ;
#3955 = DIRECTION ( 'NONE',  ( 0.000000000000000000, 0.000000000000000000, 1.000000000000000000 ) ) ;
#3956 = CARTESIAN_POINT ( 'NONE',  ( 15.00000000000000355, 5.000000000000000000, -150.5000000000000284 ) ) ;
#3957 = DIRECTION ( 'NONE',  ( 0.000000000000000000, 0.000000000000000000, -1.000000000000000000 ) ) ;
#3958 = DIRECTION ( 'NONE',  ( -0.9063077870366496036, 0.000000000000000000, -0.4226182617407002740 ) ) ;
#3959 = EDGE_CURVE ( 'NONE', #2242, #390, #1538, .T. ) ;
#3960 = AXIS2_PLACEMENT_3D ( 'NONE', #2467, #775, #2178 ) ;
#3961 = EDGE_CURVE ( 'NONE', #3476, #3252, #3504, .T. ) ;
#3962 = DIRECTION ( 'NONE',  ( 0.000000000000000000, 0.000000000000000000, 1.000000000000000000 ) ) ;
#3963 = CARTESIAN_POINT ( 'NONE',  ( -70.25000000000018474, 72.00000000000000000, -121.6765692317135148 ) ) ;
#3964 = DIRECTION ( 'NONE',  ( -0.000000000000000000, -1.000000000000000000, -0.000000000000000000 ) ) ;
#3965 = ORIENTED_EDGE ( 'NONE', *, *, #4222, .T. ) ;
#3966 = ORIENTED_EDGE ( 'NONE', *, *, #1031, .F. ) ;
#3967 = VECTOR ( 'NONE', #162, 1000.000000000000000 ) ;
#3968 = DIRECTION ( 'NONE',  ( 0.000000000000000000, 0.000000000000000000, 1.000000000000000000 ) ) ;
#3969 = ORIENTED_EDGE ( 'NONE', *, *, #1873, .T. ) ;
#3970 = ORIENTED_EDGE ( 'NONE', *, *, #1455, .T. ) ;
#3971 = EDGE_CURVE ( 'NONE', #563, #2202, #1833, .T. ) ;
#3972 = CARTESIAN_POINT ( 'NONE',  ( -78.39568755290005697, 72.00000000000000000, -168.1200944952984742 ) ) ;
#3973 = EDGE_CURVE ( 'NONE', #1646, #3435, #2041, .T. ) ;
#3974 = DIRECTION ( 'NONE',  ( 0.000000000000000000, 1.000000000000000000, -0.000000000000000000 ) ) ;
#3975 = ORIENTED_EDGE ( 'NONE', *, *, #1260, .F. ) ;
#3976 = LINE ( 'NONE', #2276, #367 ) ;
#3977 = EDGE_CURVE ( 'NONE', #3059, #4240, #2832, .T. ) ;
#3978 = FACE_OUTER_BOUND ( 'NONE', #822, .T. ) ;
#3979 = DIRECTION ( 'NONE',  ( 0.000000000000000000, 1.000000000000000000, -0.000000000000000000 ) ) ;
#3980 = CARTESIAN_POINT ( 'NONE',  ( -14.99999999999999645, 10.00000000000000000, -148.8000000000000114 ) ) ;
#3981 = AXIS2_PLACEMENT_3D ( 'NONE', #2499, #3818, #1520 ) ;
#3982 = DIRECTION ( 'NONE',  ( -0.000000000000000000, -1.000000000000000000, -0.000000000000000000 ) ) ;
#3983 = CARTESIAN_POINT ( 'NONE',  ( 59.12955738187334020, 5.000000000000004441, -143.8191414375143040 ) ) ;
#3984 = DIRECTION ( 'NONE',  ( 0.000000000000000000, 0.000000000000000000, 1.000000000000000000 ) ) ;
#3985 = DIRECTION ( 'NONE',  ( 0.000000000000000000, -1.000000000000000000, 0.000000000000000000 ) ) ;
#3986 = VERTEX_POINT ( 'NONE', #955 ) ;
#3987 = ORIENTED_EDGE ( 'NONE', *, *, #2237, .T. ) ;
#3988 = CARTESIAN_POINT ( 'NONE',  ( 0.000000000000000000, 72.00000000000000000, 0.000000000000000000 ) ) ;
#3989 = ORIENTED_EDGE ( 'NONE', *, *, #525, .T. ) ;
#3990 = ORIENTED_EDGE ( 'NONE', *, *, #318, .F. ) ;
#3991 = CIRCLE ( 'NONE', #1710, 1.000000000000000888 ) ;
#3992 = DIRECTION ( 'NONE',  ( -0.000000000000000000, -1.000000000000000000, -0.000000000000000000 ) ) ;
#3993 = LINE ( 'NONE', #2584, #3621 ) ;
#3994 = ORIENTED_EDGE ( 'NONE', *, *, #2103, .T. ) ;
#3995 = CARTESIAN_POINT ( 'NONE',  ( 0.000000000000000000, 81.99999999999998579, 0.000000000000000000 ) ) ;
#3996 = DIRECTION ( 'NONE',  ( 0.000000000000000000, 0.000000000000000000, -1.000000000000000000 ) ) ;
#3997 = DIRECTION ( 'NONE',  ( 0.4226182617407001074, 0.000000000000000000, 0.9063077870366496036 ) ) ;
#3998 = DIRECTION ( 'NONE',  ( 0.000000000000000000, -0.7071067811865597852, -0.7071067811865352493 ) ) ;
#3999 = EDGE_CURVE ( 'NONE', #3429, #1326, #1263, .T. ) ;
#4000 = LINE ( 'NONE', #2282, #45 ) ;
#4001 = CIRCLE ( 'NONE', #799, 170.5000000000000853 ) ;
#4002 = CARTESIAN_POINT ( 'NONE',  ( 15.00000000000000355, 5.000000000000000000, -165.5000000000000284 ) ) ;
#4003 = VERTEX_POINT ( 'NONE', #565 ) ;
#4004 = ORIENTED_EDGE ( 'NONE', *, *, #1234, .T. ) ;
#4005 = ORIENTED_EDGE ( 'NONE', *, *, #2294, .T. ) ;
#4006 = LINE ( 'NONE', #603, #416 ) ;
#4007 = ORIENTED_EDGE ( 'NONE', *, *, #1468, .F. ) ;
#4008 = ORIENTED_EDGE ( 'NONE', *, *, #567, .F. ) ;
#4009 = PRODUCT_RELATED_PRODUCT_CATEGORY ( 'part', '', ( #2873 ) ) ;
#4010 = CARTESIAN_POINT ( 'NONE',  ( -18.33893000691735864, 72.00000000000000000, -139.2980030230203283 ) ) ;
#4011 = AXIS2_PLACEMENT_3D ( 'NONE', #1394, #3117, #1730 ) ;
#4012 = EDGE_CURVE ( 'NONE', #3884, #3806, #3278, .T. ) ;
#4013 = DIRECTION ( 'NONE',  ( 0.000000000000000000, -1.000000000000000000, 0.000000000000000000 ) ) ;
#4014 = ORIENTED_EDGE ( 'NONE', *, *, #3045, .T. ) ;
#4015 = VERTEX_POINT ( 'NONE', #607 ) ;
#4016 = CARTESIAN_POINT ( 'NONE',  ( 44.88476400797451760, 58.65328554468477051, -122.5382497384738087 ) ) ;
#4017 = CARTESIAN_POINT ( 'NONE',  ( 0.000000000000000000, 0.000000000000000000, 0.000000000000000000 ) ) ;
#4018 = DIRECTION ( 'NONE',  ( 0.000000000000000000, 0.000000000000000000, 1.000000000000000000 ) ) ;
#4019 = CARTESIAN_POINT ( 'NONE',  ( -39.03543664284586612, 25.21557383641276928, -124.5250363826582856 ) ) ;
#4020 = EDGE_CURVE ( 'NONE', #3187, #4264, #3362, .T. ) ;
#4021 = FACE_OUTER_BOUND ( 'NONE', #3034, .T. ) ;
#4022 = EDGE_CURVE ( 'NONE', #2779, #2256, #4318, .T. ) ;
#4023 = CIRCLE ( 'NONE', #1252, 170.5000000000000853 ) ;
#4024 = DIRECTION ( 'NONE',  ( 0.000000000000000000, 0.000000000000000000, -1.000000000000000000 ) ) ;
#4025 = DIRECTION ( 'NONE',  ( -0.000000000000000000, -1.000000000000000000, -0.000000000000000000 ) ) ;
#4026 = ORIENTED_EDGE ( 'NONE', *, *, #848, .T. ) ;
#4027 = ORIENTED_EDGE ( 'NONE', *, *, #3238, .F. ) ;
#4028 = DIRECTION ( 'NONE',  ( 0.000000000000000000, 0.000000000000000000, -1.000000000000000000 ) ) ;
#4029 = ORIENTED_EDGE ( 'NONE', *, *, #378, .F. ) ;
#4030 = DIRECTION ( 'NONE',  ( 0.000000000000000000, -1.000000000000000000, 0.000000000000000000 ) ) ;
#4031 = EDGE_LOOP ( 'NONE', ( #3151, #2492, #1909, #2224 ) ) ;
#4032 = CIRCLE ( 'NONE', #3607, 170.5000000000000568 ) ;
#4033 = DIRECTION ( 'NONE',  ( 0.000000000000000000, 0.000000000000000000, -1.000000000000000000 ) ) ;
#4034 = EDGE_CURVE ( 'NONE', #2639, #392, #2987, .T. ) ;
#4035 = VECTOR ( 'NONE', #2092, 1000.000000000000114 ) ;
#4036 = DIRECTION ( 'NONE',  ( 0.000000000000000000, 0.000000000000000000, -1.000000000000000000 ) ) ;
#4037 = AXIS2_PLACEMENT_3D ( 'NONE', #3972, #632, #3298 ) ;
#4038 = ORIENTED_EDGE ( 'NONE', *, *, #3043, .T. ) ;
#4039 = VERTEX_POINT ( 'NONE', #3700 ) ;
#4040 = CARTESIAN_POINT ( 'NONE',  ( 44.24128475932153748, 59.48483501578106569, -122.7720733646760038 ) ) ;
#4041 = CARTESIAN_POINT ( 'NONE',  ( 65.71713970067897037, 72.00000000000000000, -140.9308608841990065 ) ) ;
#4042 = DIRECTION ( 'NONE',  ( -0.000000000000000000, 1.000000000000000000, -0.000000000000000000 ) ) ;
#4043 = CARTESIAN_POINT ( 'NONE',  ( 0.000000000000000000, 72.00000000000000000, 0.000000000000000000 ) ) ;
#4044 = CARTESIAN_POINT ( 'NONE',  ( -59.37786577456849102, 10.00000000000000000, -127.3362440786492158 ) ) ;
#4045 = AXIS2_PLACEMENT_3D ( 'NONE', #3044, #2702, #2370 ) ;
#4046 = VECTOR ( 'NONE', #915, 1000.000000000000227 ) ;
#4047 = CARTESIAN_POINT ( 'NONE',  ( 15.00000000000000355, 5.000000000000000000, -152.2250000000000227 ) ) ;
#4048 = DIRECTION ( 'NONE',  ( 0.000000000000000000, 0.000000000000000000, -1.000000000000000000 ) ) ;
#4049 = VERTEX_POINT ( 'NONE', #2602 ) ;
#4050 = AXIS2_PLACEMENT_3D ( 'NONE', #2259, #3934, #961 ) ;
#4051 = ORIENTED_EDGE ( 'NONE', *, *, #1932, .T. ) ;
#4052 = DIRECTION ( 'NONE',  ( 0.000000000000000000, 0.000000000000000000, -1.000000000000000000 ) ) ;
#4053 = ORIENTED_EDGE ( 'NONE', *, *, #3593, .T. ) ;
#4054 = VECTOR ( 'NONE', #2640, 1000.000000000000000 ) ;
#4055 = PLANE ( 'NONE',  #4037 ) ;
#4056 = DIRECTION ( 'NONE',  ( 0.000000000000000000, 0.000000000000000000, 1.000000000000000000 ) ) ;
#4057 = CARTESIAN_POINT ( 'NONE',  ( 18.49999999999997868, 5.000000000000000000, -169.2500000000000000 ) ) ;
#4058 = ADVANCED_FACE ( 'NONE', ( #1649 ), #4055, .F. ) ;
#4059 = VERTEX_POINT ( 'NONE', #228 ) ;
#4060 = ORIENTED_EDGE ( 'NONE', *, *, #2807, .T. ) ;
#4061 = CARTESIAN_POINT ( 'NONE',  ( 65.25000000000014211, 72.00000000000000000, -113.0163151938691612 ) ) ;
#4062 = CARTESIAN_POINT ( 'NONE',  ( -36.90295417644663445, 10.00000000000000000, -166.4584692139486606 ) ) ;
#4063 = CARTESIAN_POINT ( 'NONE',  ( -78.39568755290005697, 81.99999999999998579, -168.1200944952984742 ) ) ;
#4064 = CYLINDRICAL_SURFACE ( 'NONE', #1373, 12.50000000000001066 ) ;
#4065 = CIRCLE ( 'NONE', #789, 12.50000000000001066 ) ;
#4066 = ADVANCED_FACE ( 'NONE', ( #1672 ), #2667, .F. ) ;
#4067 = CYLINDRICAL_SURFACE ( 'NONE', #2542, 2.749999999999974687 ) ;
#4068 = EDGE_CURVE ( 'NONE', #2357, #723, #2044, .T. ) ;
#4069 = LINE ( 'NONE', #354, #1479 ) ;
#4070 = LINE ( 'NONE', #1014, #2371 ) ;
#4071 = EDGE_CURVE ( 'NONE', #4073, #4059, #3399, .T. ) ;
#4072 = ORIENTED_EDGE ( 'NONE', *, *, #4205, .T. ) ;
#4073 = VERTEX_POINT ( 'NONE', #3614 ) ;
#4074 = CIRCLE ( 'NONE', #2153, 12.50000000000001066 ) ;
#4075 = ORIENTED_EDGE ( 'NONE', *, *, #1781, .T. ) ;
#4076 = CARTESIAN_POINT ( 'NONE',  ( 43.56016696606165794, 54.03329548747814215, -123.0154539026392797 ) ) ;
#4077 = ORIENTED_EDGE ( 'NONE', *, *, #1455, .F. ) ;
#4078 = AXIS2_PLACEMENT_3D ( 'NONE', #1668, #3090, #19 ) ;
#4079 = CARTESIAN_POINT ( 'NONE',  ( 0.000000000000000000, 10.00000000000000000, 0.000000000000000000 ) ) ;
#4080 = CARTESIAN_POINT ( 'NONE',  ( -36.44477503485190084, 25.00000000000000000, -114.8565556364068954 ) ) ;
#4081 = CARTESIAN_POINT ( 'NONE',  ( -39.13682537651888538, 24.14207463540863330, -124.4932154351983797 ) ) ;
#4082 = VECTOR ( 'NONE', #2395, 1000.000000000000114 ) ;
#4083 = CIRCLE ( 'NONE', #2805, 6.000000000000005329 ) ;
#4084 = AXIS2_PLACEMENT_3D ( 'NONE', #2264, #4311, #1867 ) ;
#4085 = ORIENTED_EDGE ( 'NONE', *, *, #4096, .T. ) ;
#4086 = DIRECTION ( 'NONE',  ( 0.000000000000000000, 0.000000000000000000, -1.000000000000000000 ) ) ;
#4087 = CARTESIAN_POINT ( 'NONE',  ( 59.12955738187335442, 10.00000000000000000, -143.8191414375143324 ) ) ;
#4088 = DIRECTION ( 'NONE',  ( 0.8660254037844380415, 0.000000000000000000, -0.5000000000000012212 ) ) ;
#4089 = CARTESIAN_POINT ( 'NONE',  ( -40.78693702517126241, 27.96605287787672722, -123.9625577895843946 ) ) ;
#4090 = AXIS2_PLACEMENT_3D ( 'NONE', #813, #4200, #2866 ) ;
#4091 = CYLINDRICAL_SURFACE ( 'NONE', #3874, 1.000000000000000888 ) ;
#4092 = EDGE_CURVE ( 'NONE', #757, #2544, #4319, .T. ) ;
#4093 = LINE ( 'NONE', #308, #3751 ) ;
#4094 = DIRECTION ( 'NONE',  ( -0.000000000000000000, -1.000000000000000000, -0.000000000000000000 ) ) ;
#4095 = DIRECTION ( 'NONE',  ( -0.000000000000000000, 1.000000000000000000, -0.000000000000000000 ) ) ;
#4096 = EDGE_CURVE ( 'NONE', #4100, #4039, #1918, .T. ) ;
#4097 = VERTEX_POINT ( 'NONE', #586 ) ;
#4098 = EDGE_LOOP ( 'NONE', ( #2087, #744, #4210, #4008 ) ) ;
#4099 = DIRECTION ( 'NONE',  ( 0.000000000000000000, 0.000000000000000000, 1.000000000000000000 ) ) ;
#4100 = VERTEX_POINT ( 'NONE', #933 ) ;
#4101 = CYLINDRICAL_SURFACE ( 'NONE', #424, 185.5000000000000568 ) ;
#4102 = VECTOR ( 'NONE', #3858, 1000.000000000000000 ) ;
#4103 = LINE ( 'NONE', #1356, #3202 ) ;
#4104 = DIRECTION ( 'NONE',  ( -0.000000000000000000, -1.000000000000000000, -0.000000000000000000 ) ) ;
#4105 = ADVANCED_FACE ( 'NONE', ( #207 ), #114, .F. ) ;
#4106 = VERTEX_POINT ( 'NONE', #1585 ) ;
#4107 = CARTESIAN_POINT ( 'NONE',  ( 39.35594041322376313, 58.46601156959705747, -124.4241407210401462 ) ) ;
#4108 = CARTESIAN_POINT ( 'NONE',  ( 42.25273972865242200, 56.99999999999999289, -123.7819540552210071 ) ) ;
#4109 = CARTESIAN_POINT ( 'NONE',  ( -18.33893000691735864, 81.99999999999998579, -139.2980030230203283 ) ) ;
#4110 = CARTESIAN_POINT ( 'NONE',  ( 33.65635996737503177, 10.00000000000000000, -151.8140291071496790 ) ) ;
#4111 = DIRECTION ( 'NONE',  ( 0.000000000000000000, 1.000000000000000000, 0.000000000000000000 ) ) ;
#4112 = DIRECTION ( 'NONE',  ( 0.000000000000000000, 1.000000000000000000, 0.000000000000000000 ) ) ;
#4113 = CARTESIAN_POINT ( 'NONE',  ( -14.99999999999999645, 5.000000000000000000, -152.2250000000000227 ) ) ;
#4114 = FACE_OUTER_BOUND ( 'NONE', #4317, .T. ) ;
#4115 = ORIENTED_EDGE ( 'NONE', *, *, #4012, .T. ) ;
#4116 = VECTOR ( 'NONE', #3664, 1000.000000000000000 ) ;
#4117 = CYLINDRICAL_SURFACE ( 'NONE', #579, 185.5000000000000568 ) ;
#4118 = ORIENTED_EDGE ( 'NONE', *, *, #1334, .F. ) ;
#4119 = CARTESIAN_POINT ( 'NONE',  ( 0.000000000000000000, 72.00000000000000000, 0.000000000000000000 ) ) ;
#4120 = VERTEX_POINT ( 'NONE', #4010 ) ;
#4121 = VECTOR ( 'NONE', #1400, 1000.000000000000000 ) ;
#4122 = DIRECTION ( 'NONE',  ( -0.000000000000000000, -1.000000000000000000, -0.000000000000000000 ) ) ;
#4123 = DIRECTION ( 'NONE',  ( 0.000000000000000000, 1.000000000000000000, 0.000000000000000000 ) ) ;
#4124 = CARTESIAN_POINT ( 'NONE',  ( -44.88409250611702106, 23.34567872328744542, -122.5384948596410197 ) ) ;
#4125 = VERTEX_POINT ( 'NONE', #2292 ) ;
#4126 = ORIENTED_EDGE ( 'NONE', *, *, #1241, .T. ) ;
#4127 = CARTESIAN_POINT ( 'NONE',  ( 40.10636931226192559, 59.48906842047344412, -124.1843488251150234 ) ) ;
#4128 = DIRECTION ( 'NONE',  ( 0.000000000000000000, 0.000000000000000000, 1.000000000000000000 ) ) ;
#4129 = DIRECTION ( 'NONE',  ( -0.000000000000000000, -1.000000000000000000, -0.000000000000000000 ) ) ;
#4130 = DIRECTION ( 'NONE',  ( -0.000000000000000000, 1.000000000000000000, -0.000000000000000000 ) ) ;
#4131 = CARTESIAN_POINT ( 'NONE',  ( 0.000000000000000000, 0.000000000000000000, 0.000000000000000000 ) ) ;
#4133 = DIRECTION ( 'NONE',  ( -0.000000000000000000, 1.000000000000000000, -0.000000000000000000 ) ) ;
#4132 =( GEOMETRIC_REPRESENTATION_CONTEXT ( 3 ) GLOBAL_UNCERTAINTY_ASSIGNED_CONTEXT ( ( #677 ) ) GLOBAL_UNIT_ASSIGNED_CONTEXT ( ( #282, #943, #3065 ) ) REPRESENTATION_CONTEXT ( 'NONE', 'WORKASPACE' ) );
#4134 = DIRECTION ( 'NONE',  ( -0.000000000000000000, -1.000000000000000000, -0.000000000000000000 ) ) ;
#4135 = CARTESIAN_POINT ( 'NONE',  ( -87.55309498550312242, 26.57782668629988265, -180.7870049754867523 ) ) ;
#4136 = EDGE_CURVE ( 'NONE', #3409, #3079, #1250, .T. ) ;
#4137 = ORIENTED_EDGE ( 'NONE', *, *, #2051, .F. ) ;
#4138 = CARTESIAN_POINT ( 'NONE',  ( 78.39568755290000013, 72.00000000000000000, -168.1200944952985310 ) ) ;
#4139 = ORIENTED_EDGE ( 'NONE', *, *, #869, .T. ) ;
#4140 = DIRECTION ( 'NONE',  ( 0.8660254037844379305, 0.000000000000000000, -0.5000000000000012212 ) ) ;
#4141 = ORIENTED_EDGE ( 'NONE', *, *, #979, .F. ) ;
#4142 = CARTESIAN_POINT ( 'NONE',  ( 0.000000000000000000, 10.00000000000000000, 0.000000000000000000 ) ) ;
#4143 = EDGE_CURVE ( 'NONE', #265, #2114, #913, .T. ) ;
#4144 = DIRECTION ( 'NONE',  ( -0.000000000000000000, -1.000000000000000000, -0.000000000000000000 ) ) ;
#4145 = EDGE_LOOP ( 'NONE', ( #1752, #1625, #466, #3792 ) ) ;
#4146 = EDGE_LOOP ( 'NONE', ( #294, #564, #983, #1621 ) ) ;
#4147 = EDGE_CURVE ( 'NONE', #1733, #4125, #4364, .T. ) ;
#4148 = VERTEX_POINT ( 'NONE', #2116 ) ;
#4149 = DIRECTION ( 'NONE',  ( -0.2588190451025250138, -0.000000000000000000, -0.9659258262890673130 ) ) ;
#4150 = DIRECTION ( 'NONE',  ( 0.000000000000000000, 0.000000000000000000, -1.000000000000000000 ) ) ;
#4151 = VECTOR ( 'NONE', #4198, 1000.000000000000000 ) ;
#4152 = CARTESIAN_POINT ( 'NONE',  ( -36.90295417644662734, 10.00000000000000000, -166.4584692139486606 ) ) ;
#4153 = VECTOR ( 'NONE', #1995, 999.9999999999998863 ) ;
#4154 = CARTESIAN_POINT ( 'NONE',  ( -59.12955738187348942, 81.99999999999998579, -143.8191414375142756 ) ) ;
#4155 = CIRCLE ( 'NONE', #733, 2.749999999999974687 ) ;
#4156 = DIRECTION ( 'NONE',  ( 0.000000000000000000, -1.000000000000000000, 0.000000000000000000 ) ) ;
#4157 = EDGE_CURVE ( 'NONE', #1326, #498, #705, .T. ) ;
#4158 = CARTESIAN_POINT ( 'NONE',  ( 64.38717422483071573, 72.00000000000000000, -157.8750828830861224 ) ) ;
#4159 = CARTESIAN_POINT ( 'NONE',  ( 42.38138650160812659, 55.53810928649829748, -112.8010413139662944 ) ) ;
#4160 = CYLINDRICAL_SURFACE ( 'NONE', #970, 195.5000000000000000 ) ;
#4161 = ORIENTED_EDGE ( 'NONE', *, *, #4034, .T. ) ;
#4162 = ADVANCED_FACE ( 'NONE', ( #682 ), #3720, .T. ) ;
#4163 = LINE ( 'NONE', #794, #2944 ) ;
#4164 = ORIENTED_EDGE ( 'NONE', *, *, #179, .F. ) ;
#4165 = DIRECTION ( 'NONE',  ( -0.000000000000000000, -1.000000000000000000, -0.000000000000000000 ) ) ;
#4166 = VERTEX_POINT ( 'NONE', #2383 ) ;
#4167 = LINE ( 'NONE', #492, #205 ) ;
#4168 = EDGE_CURVE ( 'NONE', #2959, #2641, #1122, .T. ) ;
#4169 = CARTESIAN_POINT ( 'NONE',  ( -42.61251430340963253, 24.12974625836011100, -112.7140238464233164 ) ) ;
#4170 = ORIENTED_EDGE ( 'NONE', *, *, #3300, .F. ) ;
#4171 = ORIENTED_EDGE ( 'NONE', *, *, #4147, .F. ) ;
#4172 = EDGE_CURVE ( 'NONE', #710, #1742, #27, .T. ) ;
#4173 = ORIENTED_EDGE ( 'NONE', *, *, #1553, .F. ) ;
#4174 = DIRECTION ( 'NONE',  ( 0.000000000000000000, 0.000000000000000000, -1.000000000000000000 ) ) ;
#4175 = CARTESIAN_POINT ( 'NONE',  ( 15.00000000000000355, 5.025000000000002132, -152.2000000000000171 ) ) ;
#4176 = DIRECTION ( 'NONE',  ( 1.000000000000000000, 0.000000000000000000, 0.000000000000000000 ) ) ;
#4177 = AXIS2_PLACEMENT_3D ( 'NONE', #3952, #803, #1499 ) ;
#4178 = ORIENTED_EDGE ( 'NONE', *, *, #2674, .F. ) ;
#4179 = CARTESIAN_POINT ( 'NONE',  ( 18.49999999999997868, 0.000000000000000000, -146.7500000000000284 ) ) ;
#4180 = PLANE ( 'NONE',  #990 ) ;
#4181 = FACE_OUTER_BOUND ( 'NONE', #2500, .T. ) ;
#4182 = CARTESIAN_POINT ( 'NONE',  ( 41.14531807988340262, 54.13639416034528296, -113.2578701737212299 ) ) ;
#4183 = AXIS2_PLACEMENT_3D ( 'NONE', #3147, #2028, #2447 ) ;
#4184 = CARTESIAN_POINT ( 'NONE',  ( -65.71713970067902721, 72.00000000000000000, -140.9308608841989496 ) ) ;
#4185 = ORIENTED_EDGE ( 'NONE', *, *, #2617, .F. ) ;
#4186 = PLANE ( 'NONE',  #3376 ) ;
#4187 = CARTESIAN_POINT ( 'NONE',  ( -33.65635996737514546, 81.99999999999998579, -151.8140291071496506 ) ) ;
#4188 = ORIENTED_EDGE ( 'NONE', *, *, #2232, .T. ) ;
#4189 = CARTESIAN_POINT ( 'NONE',  ( -39.37553589616489802, 21.70002038411215395, -113.8853137820169650 ) ) ;
#4190 = ORIENTED_EDGE ( 'NONE', *, *, #1310, .F. ) ;
#4191 = VECTOR ( 'NONE', #684, 1000.000000000000000 ) ;
#4192 = ORIENTED_EDGE ( 'NONE', *, *, #2951, .T. ) ;
#4193 = ADVANCED_FACE ( 'NONE', ( #750 ), #3430, .F. ) ;
#4194 = CARTESIAN_POINT ( 'NONE',  ( 72.05641362678947814, 72.00000000000000000, -154.5254776897487830 ) ) ;
#4195 = CIRCLE ( 'NONE', #2547, 1.725000000000004308 ) ;
#4196 = ORIENTED_EDGE ( 'NONE', *, *, #999, .F. ) ;
#4197 = ORIENTED_EDGE ( 'NONE', *, *, #2903, .T. ) ;
#4198 = DIRECTION ( 'NONE',  ( 0.000000000000000000, -1.000000000000000000, 0.000000000000000000 ) ) ;
#4199 = LINE ( 'NONE', #3158, #3843 ) ;
#4200 = DIRECTION ( 'NONE',  ( -0.000000000000000000, 1.000000000000000000, -0.000000000000000000 ) ) ;
#4201 = CARTESIAN_POINT ( 'NONE',  ( 38.77707945050861582, 53.80383004512545142, -114.0904584024414845 ) ) ;
#4202 = AXIS2_PLACEMENT_3D ( 'NONE', #2398, #1368, #3759 ) ;
#4203 = ORIENTED_EDGE ( 'NONE', *, *, #4157, .T. ) ;
#4204 = FACE_OUTER_BOUND ( 'NONE', #2211, .T. ) ;
#4205 = EDGE_CURVE ( 'NONE', #3749, #3647, #78, .T. ) ;
#4206 = DIRECTION ( 'NONE',  ( 0.000000000000000000, 0.000000000000000000, -1.000000000000000000 ) ) ;
#4207 = ORIENTED_EDGE ( 'NONE', *, *, #3971, .F. ) ;
#4208 = DIRECTION ( 'NONE',  ( -0.000000000000000000, -1.000000000000000000, 0.000000000000000000 ) ) ;
#4209 = VERTEX_POINT ( 'NONE', #1399 ) ;
#4210 = ORIENTED_EDGE ( 'NONE', *, *, #3303, .T. ) ;
#4211 = CARTESIAN_POINT ( 'NONE',  ( -59.12955738187353916, 5.000000000000004441, -143.8191414375141903 ) ) ;
#4212 = ORIENTED_EDGE ( 'NONE', *, *, #4222, .F. ) ;
#4213 = AXIS2_PLACEMENT_3D ( 'NONE', #616, #2010, #1991 ) ;
#4214 = CARTESIAN_POINT ( 'NONE',  ( 40.96332219111535267, 59.96669587888814590, -113.3238558450491524 ) ) ;
#4215 = VERTEX_POINT ( 'NONE', #2050 ) ;
#4216 = DIRECTION ( 'NONE',  ( 0.000000000000000000, 1.000000000000000000, 0.000000000000000000 ) ) ;
#4217 = FACE_BOUND ( 'NONE', #2616, .T. ) ;
#4218 = LINE ( 'NONE', #1153, #3169 ) ;
#4219 = CARTESIAN_POINT ( 'NONE',  ( -42.38005443381911874, 26.46496292374214576, -112.8015422650013875 ) ) ;
#4220 = AXIS2_PLACEMENT_3D ( 'NONE', #3995, #4347, #570 ) ;
#4221 = ORIENTED_EDGE ( 'NONE', *, *, #375, .F. ) ;
#4222 = EDGE_CURVE ( 'NONE', #1306, #757, #1899, .T. ) ;
#4223 = VECTOR ( 'NONE', #3184, 1000.000000000000114 ) ;
#4224 = CARTESIAN_POINT ( 'NONE',  ( -65.71713970067902721, 72.00000000000000000, -140.9308608841989496 ) ) ;
#4225 = CYLINDRICAL_SURFACE ( 'NONE', #2459, 1.000000000000000888 ) ;
#4226 = ORIENTED_EDGE ( 'NONE', *, *, #3823, .F. ) ;
#4227 = CARTESIAN_POINT ( 'NONE',  ( -88.53283739194542079, 0.000000000000000000, -180.9872668465922345 ) ) ;
#4228 = EDGE_LOOP ( 'NONE', ( #4077, #2400, #3261, #12 ) ) ;
#4229 = VERTEX_POINT ( 'NONE', #3388 ) ;
#4230 = DIRECTION ( 'NONE',  ( -0.000000000000000000, 1.000000000000000000, -0.000000000000000000 ) ) ;
#4231 = VECTOR ( 'NONE', #2299, 1000.000000000000000 ) ;
#4232 = CARTESIAN_POINT ( 'NONE',  ( 40.39253451873119616, 60.19406284014814190, -113.5285781277180348 ) ) ;
#4233 = EDGE_CURVE ( 'NONE', #2055, #1444, #6, .T. ) ;
#4234 = EDGE_LOOP ( 'NONE', ( #1536, #3944, #2968, #127 ) ) ;
#4235 = CARTESIAN_POINT ( 'NONE',  ( 15.00000000000000355, 5.000000000000000000, -150.5000000000000284 ) ) ;
#4236 = EDGE_CURVE ( 'NONE', #4291, #2736, #4388, .T. ) ;
#4237 = DIRECTION ( 'NONE',  ( 0.000000000000000000, 0.000000000000000000, 1.000000000000000000 ) ) ;
#4238 = LINE ( 'NONE', #2591, #2170 ) ;
#4239 = FACE_BOUND ( 'NONE', #3319, .T. ) ;
#4240 = VERTEX_POINT ( 'NONE', #1376 ) ;
#4241 = CARTESIAN_POINT ( 'NONE',  ( 0.000000000000000000, 0.000000000000000000, 0.000000000000000000 ) ) ;
#4242 = DIRECTION ( 'NONE',  ( 0.000000000000000000, 0.000000000000000000, -1.000000000000000000 ) ) ;
#4243 = AXIS2_PLACEMENT_3D ( 'NONE', #2497, #465, #3864 ) ;
#4244 = ADVANCED_FACE ( 'NONE', ( #3809 ), #4101, .F. ) ;
#4245 = CARTESIAN_POINT ( 'NONE',  ( 15.00000000000000355, 5.025000000000002132, -148.8000000000000114 ) ) ;
#4246 = ORIENTED_EDGE ( 'NONE', *, *, #699, .F. ) ;
#4247 = CARTESIAN_POINT ( 'NONE',  ( -97.75000000000027001, 10.00000000000000000, -169.3079664398576654 ) ) ;
#4248 = VERTEX_POINT ( 'NONE', #1448 ) ;
#4249 = ORIENTED_EDGE ( 'NONE', *, *, #536, .F. ) ;
#4250 = DIRECTION ( 'NONE',  ( 0.000000000000000000, 0.000000000000000000, -1.000000000000000000 ) ) ;
#4251 = EDGE_CURVE ( 'NONE', #390, #798, #4420, .T. ) ;
#4252 = CIRCLE ( 'NONE', #406, 12.50000000000001066 ) ;
#4253 = VECTOR ( 'NONE', #3417, 1000.000000000000227 ) ;
#4254 = CARTESIAN_POINT ( 'NONE',  ( -40.14954838551825844, 0.000000000000000000, -181.1029093207476706 ) ) ;
#4255 = ADVANCED_FACE ( 'NONE', ( #1024, #2423, #3789, #727, #3452 ), #1783, .T. ) ;
#4256 = AXIS2_PLACEMENT_3D ( 'NONE', #1485, #3911, #1129 ) ;
#4257 = VERTEX_POINT ( 'NONE', #3121 ) ;
#4258 = CARTESIAN_POINT ( 'NONE',  ( -88.53283739194542079, 26.57782668629988265, -180.9872668465922345 ) ) ;
#4259 = DIRECTION ( 'NONE',  ( -1.000000000000000000, 0.000000000000000000, -0.000000000000000000 ) ) ;
#4260 = DIRECTION ( 'NONE',  ( 0.000000000000000000, 0.000000000000000000, -1.000000000000000000 ) ) ;
#4261 = CARTESIAN_POINT ( 'NONE',  ( -39.78840781453074271, 28.29978581301989848, -113.7417208680462863 ) ) ;
#4262 = CIRCLE ( 'NONE', #437, 1.700000000000007061 ) ;
#4263 = VERTEX_POINT ( 'NONE', #3477 ) ;
#4264 = VERTEX_POINT ( 'NONE', #54 ) ;
#4265 = DIRECTION ( 'NONE',  ( -0.2164396139381040973, 0.000000000000000000, -0.9762960071199330292 ) ) ;
#4266 = DIRECTION ( 'NONE',  ( 0.000000000000000000, 1.000000000000000000, 0.000000000000000000 ) ) ;
#4267 = FACE_OUTER_BOUND ( 'NONE', #24, .T. ) ;
#4268 = VERTEX_POINT ( 'NONE', #3055 ) ;
#4269 = ORIENTED_EDGE ( 'NONE', *, *, #1650, .T. ) ;
#4270 = DIRECTION ( 'NONE',  ( -0.000000000000000000, -1.000000000000000000, -0.000000000000000000 ) ) ;
#4271 = ORIENTED_EDGE ( 'NONE', *, *, #2451, .T. ) ;
#4272 = AXIS2_PLACEMENT_3D ( 'NONE', #3249, #197, #2545 ) ;
#4273 = ORIENTED_EDGE ( 'NONE', *, *, #863, .F. ) ;
#4274 = CIRCLE ( 'NONE', #215, 1.000000000000000888 ) ;
#4275 = EDGE_CURVE ( 'NONE', #821, #2221, #2360, .T. ) ;
#4276 = DIRECTION ( 'NONE',  ( 0.000000000000000000, 1.000000000000000000, 0.000000000000000000 ) ) ;
#4277 = DIRECTION ( 'NONE',  ( 0.4226182617407007736, 0.000000000000000000, -0.9063077870366492705 ) ) ;
#4278 = EDGE_CURVE ( 'NONE', #4003, #2568, #1353, .T. ) ;
#4279 = EDGE_CURVE ( 'NONE', #1454, #754, #1218, .T. ) ;
#4280 = EDGE_LOOP ( 'NONE', ( #968, #3010, #1834, #4346 ) ) ;
#4281 = DIRECTION ( 'NONE',  ( -0.000000000000000000, -1.000000000000000000, -0.000000000000000000 ) ) ;
#4282 = CYLINDRICAL_SURFACE ( 'NONE', #2916, 3.299999999999993161 ) ;
#4283 = CARTESIAN_POINT ( 'NONE',  ( 15.00000000000000355, 5.000000000000000000, -150.5000000000000284 ) ) ;
#4284 = CARTESIAN_POINT ( 'NONE',  ( -41.92764807089354662, 27.18291400682307213, -112.9705523247077963 ) ) ;
#4285 = AXIS2_PLACEMENT_3D ( 'NONE', #3136, #3358, #1438 ) ;
#4286 = CARTESIAN_POINT ( 'NONE',  ( 0.000000000000000000, 81.99999999999998579, 0.000000000000000000 ) ) ;
#4287 = CARTESIAN_POINT ( 'NONE',  ( -52.39463284441555402, 81.99999999999998579, -154.3496111077021737 ) ) ;
#4288 = FACE_BOUND ( 'NONE', #1953, .T. ) ;
#4289 = CIRCLE ( 'NONE', #2580, 1.725000000000004308 ) ;
#4290 = ADVANCED_FACE ( 'NONE', ( #1599 ), #172, .F. ) ;
#4291 = VERTEX_POINT ( 'NONE', #857 ) ;
#4292 = AXIS2_PLACEMENT_3D ( 'NONE', #1639, #3068, #1727 ) ;
#4293 = EDGE_CURVE ( 'NONE', #1755, #2671, #3309, .T. ) ;
#4294 = ORIENTED_EDGE ( 'NONE', *, *, #3927, .T. ) ;
#4295 = CIRCLE ( 'NONE', #1094, 2.749999999999974687 ) ;
#4296 = LINE ( 'NONE', #3629, #4054 ) ;
#4297 = VERTEX_POINT ( 'NONE', #3642 ) ;
#4298 = ORIENTED_EDGE ( 'NONE', *, *, #2113, .F. ) ;
#4299 = AXIS2_PLACEMENT_3D ( 'NONE', #2174, #3619, #3957 ) ;
#4300 = EDGE_CURVE ( 'NONE', #821, #1332, #900, .T. ) ;
#4301 = DIRECTION ( 'NONE',  ( 0.000000000000000000, 0.000000000000000000, -1.000000000000000000 ) ) ;
#4302 = DIRECTION ( 'NONE',  ( 0.000000000000000000, 0.000000000000000000, -1.000000000000000000 ) ) ;
#4303 = VERTEX_POINT ( 'NONE', #2218 ) ;
#4304 = CARTESIAN_POINT ( 'NONE',  ( 43.56368718839912191, 59.96485790652202752, -123.0142069445808346 ) ) ;
#4305 = DIRECTION ( 'NONE',  ( 0.000000000000000000, 0.000000000000000000, -1.000000000000000000 ) ) ;
#4306 = DIRECTION ( 'NONE',  ( 0.000000000000000000, 0.000000000000000000, -1.000000000000000000 ) ) ;
#4307 = CARTESIAN_POINT ( 'NONE',  ( -42.28456317092859962, 26.65454050800963515, -112.8374061395878698 ) ) ;
#4308 = CIRCLE ( 'NONE', #676, 2.749999999999974687 ) ;
#4309 = CARTESIAN_POINT ( 'NONE',  ( 15.00000000000000355, 5.000000000000000000, -165.5000000000000284 ) ) ;
#4310 = DIRECTION ( 'NONE',  ( 0.000000000000000000, 0.000000000000000000, -1.000000000000000000 ) ) ;
#4311 = DIRECTION ( 'NONE',  ( -0.000000000000000000, 1.000000000000000000, -0.000000000000000000 ) ) ;
#4312 = ORIENTED_EDGE ( 'NONE', *, *, #3768, .T. ) ;
#4313 = ORIENTED_EDGE ( 'NONE', *, *, #318, .T. ) ;
#4314 = ORIENTED_EDGE ( 'NONE', *, *, #2027, .T. ) ;
#4315 = CARTESIAN_POINT ( 'NONE',  ( 72.05641362678947814, 72.00000000000000000, -154.5254776897487830 ) ) ;
#4316 = ORIENTED_EDGE ( 'NONE', *, *, #1429, .F. ) ;
#4317 = EDGE_LOOP ( 'NONE', ( #3339, #702, #801, #1270 ) ) ;
#4318 = CIRCLE ( 'NONE', #2255, 195.5000000000000284 ) ;
#4319 = LINE ( 'NONE', #3006, #2679 ) ;
#4320 = LINE ( 'NONE', #2926, #1911 ) ;
#4321 = EDGE_CURVE ( 'NONE', #3888, #781, #574, .T. ) ;
#4322 = AXIS2_PLACEMENT_3D ( 'NONE', #2634, #944, #2304 ) ;
#4323 = ORIENTED_EDGE ( 'NONE', *, *, #3553, .F. ) ;
#4324 = FACE_BOUND ( 'NONE', #906, .T. ) ;
#4325 = CYLINDRICAL_SURFACE ( 'NONE', #618, 2.749999999999974687 ) ;
#4326 = CARTESIAN_POINT ( 'NONE',  ( 18.49999999999997868, 5.000000000000000000, -146.7500000000000284 ) ) ;
#4327 = CARTESIAN_POINT ( 'NONE',  ( -44.52556466445429351, 27.18385498228386510, -122.6692605154073732 ) ) ;
#4328 = VECTOR ( 'NONE', #4013, 1000.000000000000000 ) ;
#4329 = AXIS2_PLACEMENT_3D ( 'NONE', #3148, #1450, #1515 ) ;
#4330 = APPLICATION_PROTOCOL_DEFINITION ( 'draft international standard', 'automotive_design', 1998, #3743 ) ;
#4331 = CYLINDRICAL_SURFACE ( 'NONE', #2336, 2.749999999999974687 ) ;
#4332 = DIRECTION ( 'NONE',  ( 0.000000000000000000, 0.000000000000000000, 1.000000000000000000 ) ) ;
#4333 = EDGE_LOOP ( 'NONE', ( #201, #2359, #301, #2020 ) ) ;
#4334 = ADVANCED_FACE ( 'NONE', ( #3267 ), #3896, .F. ) ;
#4335 = EDGE_LOOP ( 'NONE', ( #4390, #1643 ) ) ;
#4336 = ORIENTED_EDGE ( 'NONE', *, *, #289, .F. ) ;
#4337 = EDGE_CURVE ( 'NONE', #720, #3563, #633, .T. ) ;
#4338 = EDGE_CURVE ( 'NONE', #2180, #1839, #1261, .T. ) ;
#4339 = CARTESIAN_POINT ( 'NONE',  ( 18.49999999999997868, 5.000000000000000000, -146.7500000000000284 ) ) ;
#4340 = ORIENTED_EDGE ( 'NONE', *, *, #2060, .T. ) ;
#4341 = ORIENTED_EDGE ( 'NONE', *, *, #3363, .T. ) ;
#4342 = DIRECTION ( 'NONE',  ( -0.000000000000000000, 1.000000000000000000, -0.000000000000000000 ) ) ;
#4343 = DIRECTION ( 'NONE',  ( 0.000000000000000000, 0.000000000000000000, -1.000000000000000000 ) ) ;
#4344 = ORIENTED_EDGE ( 'NONE', *, *, #4278, .T. ) ;
#4345 = ADVANCED_FACE ( 'NONE', ( #2612 ), #537, .T. ) ;
#4346 = ORIENTED_EDGE ( 'NONE', *, *, #76, .F. ) ;
#4347 = DIRECTION ( 'NONE',  ( -0.000000000000000000, -1.000000000000000000, -0.000000000000000000 ) ) ;
#4348 = DIRECTION ( 'NONE',  ( 0.9762960071199331402, 0.000000000000000000, -0.2164396139381041251 ) ) ;
#4349 = LINE ( 'NONE', #962, #2868 ) ;
#4350 = CARTESIAN_POINT ( 'NONE',  ( -37.09104853643975730, 27.01507774115750138, -114.6495464203221104 ) ) ;
#4351 = CARTESIAN_POINT ( 'NONE',  ( -82.26800380112067046, 10.00000000000000178, -182.7106208519846007 ) ) ;
#4352 = DIRECTION ( 'NONE',  ( 0.9063077870366492705, 0.000000000000000000, 0.4226182617407008846 ) ) ;
#4353 = DIRECTION ( 'NONE',  ( 0.000000000000000000, 0.000000000000000000, -1.000000000000000000 ) ) ;
#4354 = EDGE_CURVE ( 'NONE', #843, #3563, #1905, .T. ) ;
#4355 = ORIENTED_EDGE ( 'NONE', *, *, #4391, .F. ) ;
#4356 = ORIENTED_EDGE ( 'NONE', *, *, #2294, .F. ) ;
#4357 = VECTOR ( 'NONE', #3778, 1000.000000000000000 ) ;
#4358 = DIRECTION ( 'NONE',  ( -0.000000000000000000, -1.000000000000000000, -0.000000000000000000 ) ) ;
#4359 = EDGE_LOOP ( 'NONE', ( #463, #81, #4161, #1474 ) ) ;
#4360 = CARTESIAN_POINT ( 'NONE',  ( 52.39463284441546165, 45.35533905932756227, -154.3496111077022590 ) ) ;
#4361 = CONICAL_SURFACE ( 'NONE', #3301, 1.725000000000004308, 0.7853981633974309595 ) ;
#4362 = ORIENTED_EDGE ( 'NONE', *, *, #473, .F. ) ;
#4363 = CIRCLE ( 'NONE', #3584, 2.749999999999974687 ) ;
#4364 = LINE ( 'NONE', #1311, #2900 ) ;
#4365 = AXIS2_PLACEMENT_3D ( 'NONE', #3913, #3576, #2886 ) ;
#4366 = CARTESIAN_POINT ( 'NONE',  ( -41.76780729820524130, 21.72110692776761454, -123.6355336036425854 ) ) ;
#4367 = ORIENTED_EDGE ( 'NONE', *, *, #1801, .T. ) ;
#4368 = ORIENTED_EDGE ( 'NONE', *, *, #4337, .T. ) ;
#4369 = CARTESIAN_POINT ( 'NONE',  ( 0.000000000000000000, 10.00000000000000000, 0.000000000000000000 ) ) ;
#4370 = DIRECTION ( 'NONE',  ( -0.000000000000000000, -1.000000000000000000, -0.000000000000000000 ) ) ;
#4371 = DIRECTION ( 'NONE',  ( -0.000000000000000000, 1.000000000000000000, -0.000000000000000000 ) ) ;
#4372 = CARTESIAN_POINT ( 'NONE',  ( -36.44477503485189374, 25.21566369367693383, -114.8565556364069380 ) ) ;
#4373 = ADVANCED_FACE ( 'NONE', ( #2889 ), #1242, .T. ) ;
#4374 = FACE_OUTER_BOUND ( 'NONE', #482, .T. ) ;
#4375 = CONICAL_SURFACE ( 'NONE', #1110, 1.725000000000004308, 0.7853981633974309595 ) ;
#4376 = DIRECTION ( 'NONE',  ( 0.000000000000000000, 1.000000000000000000, -0.000000000000000000 ) ) ;
#4377 = ORIENTED_EDGE ( 'NONE', *, *, #2856, .T. ) ;
#4378 = ORIENTED_EDGE ( 'NONE', *, *, #2434, .F. ) ;
#4379 = ADVANCED_FACE ( 'NONE', ( #556 ), #2281, .F. ) ;
#4380 = ORIENTED_EDGE ( 'NONE', *, *, #2520, .T. ) ;
#4381 = DIRECTION ( 'NONE',  ( 0.000000000000000000, 0.000000000000000000, 1.000000000000000000 ) ) ;
#4382 = ORIENTED_EDGE ( 'NONE', *, *, #1329, .T. ) ;
#4383 = VECTOR ( 'NONE', #4111, 1000.000000000000000 ) ;
#4384 = DIRECTION ( 'NONE',  ( 0.000000000000000000, 0.000000000000000000, 1.000000000000000000 ) ) ;
#4385 = CIRCLE ( 'NONE', #756, 155.5000000000000284 ) ;
#4386 = DIRECTION ( 'NONE',  ( 0.000000000000000000, 0.000000000000000000, -1.000000000000000000 ) ) ;
#4387 = CARTESIAN_POINT ( 'NONE',  ( -39.45373456664464129, 23.34282928141495361, -124.3931959173206110 ) ) ;
#4388 = CIRCLE ( 'NONE', #2470, 6.000000000000005329 ) ;
#4389 = EDGE_CURVE ( 'NONE', #2551, #242, #4065, .T. ) ;
#4390 = ORIENTED_EDGE ( 'NONE', *, *, #3404, .T. ) ;
#4391 = EDGE_CURVE ( 'NONE', #2342, #2121, #2262, .T. ) ;
#4392 = EDGE_LOOP ( 'NONE', ( #178, #468, #3554, #2422 ) ) ;
#4393 = LINE ( 'NONE', #2950, #2512 ) ;
#4394 = EDGE_CURVE ( 'NONE', #3457, #429, #3560, .T. ) ;
#4395 = DIRECTION ( 'NONE',  ( 0.000000000000000000, 1.000000000000000000, 0.000000000000000000 ) ) ;
#4396 = DIRECTION ( 'NONE',  ( -0.000000000000000000, -1.000000000000000000, -0.000000000000000000 ) ) ;
#4397 = CARTESIAN_POINT ( 'NONE',  ( -40.26466404091803497, 27.62517449133233072, -124.1331509132576230 ) ) ;
#4398 = DIRECTION ( 'NONE',  ( -0.000000000000000000, 1.000000000000000000, -0.000000000000000000 ) ) ;
#4399 = PLANE ( 'NONE',  #2465 ) ;
#4400 = AXIS2_PLACEMENT_3D ( 'NONE', #2057, #2410, #1360 ) ;
#4401 = FACE_OUTER_BOUND ( 'NONE', #3002, .T. ) ;
#4402 = DIRECTION ( 'NONE',  ( 0.000000000000000000, 0.000000000000000000, -1.000000000000000000 ) ) ;
#4403 = ORIENTED_EDGE ( 'NONE', *, *, #1529, .F. ) ;
#4404 = AXIS2_PLACEMENT_3D ( 'NONE', #3618, #552, #3263 ) ;
#4405 = ORIENTED_EDGE ( 'NONE', *, *, #2817, .F. ) ;
#4406 = CARTESIAN_POINT ( 'NONE',  ( 45.27499433135173490, 56.56535297659909389, -122.3945533473406897 ) ) ;
#4407 = ORIENTED_EDGE ( 'NONE', *, *, #460, .T. ) ;
#4408 = DIRECTION ( 'NONE',  ( -0.000000000000000000, -1.000000000000000000, -0.000000000000000000 ) ) ;
#4409 = CARTESIAN_POINT ( 'NONE',  ( -14.99999999999999645, 5.025000000000002132, -167.2000000000000455 ) ) ;
#4410 = CARTESIAN_POINT ( 'NONE',  ( -39.19651877681083363, 23.93613019382615192, -124.4744544794664165 ) ) ;
#4411 = CIRCLE ( 'NONE', #3776, 12.50000000000001066 ) ;
#4412 = ORIENTED_EDGE ( 'NONE', *, *, #37, .F. ) ;
#4413 = ORIENTED_EDGE ( 'NONE', *, *, #182, .T. ) ;
#4414 = FACE_OUTER_BOUND ( 'NONE', #3724, .T. ) ;
#4415 = CARTESIAN_POINT ( 'NONE',  ( -52.39463284441555402, 81.99999999999998579, -154.3496111077021737 ) ) ;
#4416 = DIRECTION ( 'NONE',  ( 0.9063077870366474942, -0.000000000000000000, 0.4226182617407047704 ) ) ;
#4417 = EDGE_CURVE ( 'NONE', #1072, #1646, #4167, .T. ) ;
#4418 = CYLINDRICAL_SURFACE ( 'NONE', #369, 170.5000000000000284 ) ;
#4419 = EDGE_CURVE ( 'NONE', #3256, #3559, #3225, .T. ) ;
#4420 = CIRCLE ( 'NONE', #3860, 170.5000000000000284 ) ;
#4421 = CARTESIAN_POINT ( 'NONE',  ( -88.11021913020472596, 26.57782668629988265, -181.8935746336288730 ) ) ;
#4422 = CARTESIAN_POINT ( 'NONE',  ( -97.75000000000027001, 81.99999999999998579, -169.3079664398576369 ) ) ;
#4423 = FACE_OUTER_BOUND ( 'NONE', #438, .T. ) ;
#4424 = DIRECTION ( 'NONE',  ( 0.4226182617407016617, 0.000000000000000000, 0.9063077870366488265 ) ) ;
#4425 = VERTEX_POINT ( 'NONE', #352 ) ;
ENDSEC;
END-ISO-10303-21;
